transaction_id,customer_id,amount,payment_method,transaction_date,status,failure_reason,checkout_time_seconds,previous_transactions,previous_successes,previous_failures,customer_lifetime_value
TXN000001,C1127,11445.67,Debit Card,2026-01-01 00:00:00.000000,Success,,105,17,9,8,6998.09
TXN000002,C1460,12102.23,Net Banking,2026-01-01 00:34:16.525652,Success,,469,22,3,19,119948.99
TXN000003,C0861,18968.64,UPI,2026-01-01 01:08:33.051305,Success,,269,13,1,12,106968.9
TXN000004,C1295,7119.77,Credit Card,2026-01-01 01:42:49.576957,Success,,82,17,16,1,124816.78
TXN000005,C1131,8019.19,Credit Card,2026-01-01 02:17:06.102610,Success,,340,24,20,4,101642.47
TXN000006,C1096,23123.58,UPI,2026-01-01 02:51:22.628262,Failed,Bank Timeout,58,21,12,9,112776.33
TXN000007,C1725,1499.98,Credit Card,2026-01-01 03:25:39.153915,Abandoned,Checkout Abandoned,231,11,7,4,57166.24
TXN000008,C1045,12192.29,Credit Card,2026-01-01 03:59:55.679567,Failed,Bank Timeout,374,11,7,4,88732.56
TXN000009,C1639,22828.74,UPI,2026-01-01 04:34:12.205220,Success,,803,4,3,1,120906.16
TXN000010,C0122,15298.04,UPI,2026-01-01 05:08:28.730873,Failed,Card Declined,514,6,4,2,26231.57
TXN000011,C0467,13705.54,Credit Card,2026-01-01 05:42:45.256525,Abandoned,Checkout Abandoned,41,25,25,0,63712.03
TXN000012,C1239,6318.63,Credit Card,2026-01-01 06:17:01.782178,Success,,549,23,17,6,111203.22
TXN000013,C0331,8647.56,Net Banking,2026-01-01 06:51:18.307830,Success,,828,12,5,7,80129.17
TXN000014,C1483,21316.01,UPI,2026-01-01 07:25:34.833483,Success,,689,8,6,2,102407.79
TXN000015,C0088,14024.53,UPI,2026-01-01 07:59:51.359135,Success,,46,5,1,4,44283.94
TXN000016,C1397,12917.08,Wallet,2026-01-01 08:34:07.884788,Abandoned,Checkout Abandoned,755,20,16,4,5335.2
TXN000017,C1124,2579.53,Net Banking,2026-01-01 09:08:24.410441,Success,,188,6,4,2,4857.29
TXN000018,C0872,499.1,UPI,2026-01-01 09:42:40.936093,Success,,66,17,7,10,141445.79
TXN000019,C1688,24095.76,Debit Card,2026-01-01 10:16:57.461746,Success,,754,14,9,5,141708.74
TXN000020,C0131,9486.96,UPI,2026-01-01 10:51:13.987398,Success,,345,7,2,5,32086.71
TXN000021,C1686,15120.01,UPI,2026-01-01 11:25:30.513051,Success,,505,27,26,1,22546.12
TXN000022,C1333,2084.91,UPI,2026-01-01 11:59:47.038703,Abandoned,Checkout Abandoned,593,19,7,12,3211.91
TXN000023,C0770,17109.55,UPI,2026-01-01 12:34:03.564356,Success,,204,15,8,7,35072.9
TXN000024,C0344,23320.91,Net Banking,2026-01-01 13:08:20.090009,Failed,Insufficient Balance,12,16,6,10,50485.54
TXN000025,C1516,14434.06,Debit Card,2026-01-01 13:42:36.615661,Success,,211,2,2,0,36565.77
TXN000026,C1438,3240.27,Wallet,2026-01-01 14:16:53.141314,Success,,200,12,5,7,119708.93
TXN000027,C0806,14584.87,Debit Card,2026-01-01 14:51:09.666966,Success,,216,8,7,1,112539.86
TXN000028,C0386,19182.05,UPI,2026-01-01 15:25:26.192619,Failed,Insufficient Balance,120,19,17,2,12611.61
TXN000029,C1216,10219.77,Debit Card,2026-01-01 15:59:42.718271,Success,,356,14,14,0,104749.58
TXN000030,C0956,22007.96,Wallet,2026-01-01 16:33:59.243924,Success,,515,25,23,2,78327.48
TXN000031,C0277,16252.21,Debit Card,2026-01-01 17:08:15.769576,Success,,572,25,16,9,20258.83
TXN000032,C1185,22491.3,Debit Card,2026-01-01 17:42:32.295229,Abandoned,Checkout Abandoned,759,29,3,26,111060.55
TXN000033,C0460,15625.28,Wallet,2026-01-01 18:16:48.820882,Success,,143,26,6,20,13363.81
TXN000034,C1338,3369.07,UPI,2026-01-01 18:51:05.346534,Success,,290,15,13,2,26984.02
TXN000035,C0022,7811.32,Debit Card,2026-01-01 19:25:21.872187,Success,,235,15,15,0,22809.36
TXN000036,C0253,5124.69,Net Banking,2026-01-01 19:59:38.397839,Success,,547,18,16,2,140885.49
TXN000037,C0748,22729.78,Wallet,2026-01-01 20:33:54.923492,Failed,Insufficient Balance,225,3,1,2,104874.32
TXN000038,C0857,19033.96,UPI,2026-01-01 21:08:11.449144,Abandoned,Checkout Abandoned,601,18,5,13,61987.25
TXN000039,C1585,16942.32,Credit Card,2026-01-01 21:42:27.974797,Success,,301,18,12,6,123419.52
TXN000040,C0475,7594.06,Debit Card,2026-01-01 22:16:44.500450,Abandoned,Checkout Abandoned,30,1,0,1,32785.93
TXN000041,C1083,4682.71,UPI,2026-01-01 22:51:01.026102,Failed,Bank Timeout,231,5,0,5,139698.45
TXN000042,C0511,18935.63,Credit Card,2026-01-01 23:25:17.551755,Success,,570,12,6,6,104701.1
TXN000043,C1706,11906.53,UPI,2026-01-01 23:59:34.077407,Abandoned,Checkout Abandoned,349,14,2,12,84157.31
TXN000044,C1500,5722.16,UPI,2026-01-02 00:33:50.603060,Success,,383,9,3,6,119299.94
TXN000045,C0700,15453.89,UPI,2026-01-02 01:08:07.128712,Success,,581,21,12,9,96894.76
TXN000046,C0976,1104.31,Credit Card,2026-01-02 01:42:23.654365,Success,,883,9,0,9,133122.84
TXN000047,C1807,8221.64,UPI,2026-01-02 02:16:40.180018,Success,,763,3,0,3,124458.32
TXN000048,C0190,11767.07,Credit Card,2026-01-02 02:50:56.705670,Success,,455,13,6,7,30075.66
TXN000049,C0958,3784.16,UPI,2026-01-02 03:25:13.231323,Success,,388,7,2,5,36329.74
TXN000050,C0687,24617.9,UPI,2026-01-02 03:59:29.756975,Failed,Technical Error,540,5,5,0,10232.06
TXN000051,C0958,5306.52,UPI,2026-01-02 04:33:46.282628,Failed,Bank Timeout,404,11,11,0,33419.74
TXN000052,C0563,3345.79,UPI,2026-01-02 05:08:02.808280,Success,,599,7,6,1,51851.59
TXN000053,C1900,5168.02,Credit Card,2026-01-02 05:42:19.333933,Abandoned,Checkout Abandoned,365,5,2,3,4809.69
TXN000054,C1591,19249.62,Debit Card,2026-01-02 06:16:35.859585,Success,,652,14,3,11,47586.9
TXN000055,C1268,10695.09,UPI,2026-01-02 06:50:52.385238,Success,,450,28,4,24,115846.1
TXN000056,C0832,14178.86,UPI,2026-01-02 07:25:08.910891,Success,,223,24,5,19,126128.98
TXN000057,C1529,623.13,Debit Card,2026-01-02 07:59:25.436543,Success,,137,18,5,13,1826.56
TXN000058,C1155,957.34,UPI,2026-01-02 08:33:41.962196,Success,,521,13,0,13,1568.48
TXN000059,C1509,11201.06,Wallet,2026-01-02 09:07:58.487848,Success,,628,2,2,0,22372.91
TXN000060,C1843,20434.72,Debit Card,2026-01-02 09:42:15.013501,Failed,Technical Error,462,17,12,5,130950.27
TXN000061,C0647,22142.45,UPI,2026-01-02 10:16:31.539153,Abandoned,Checkout Abandoned,702,9,0,9,70657.07
TXN000062,C0021,2258.99,UPI,2026-01-02 10:50:48.064806,Failed,Network Error,715,13,7,6,147443.86
TXN000063,C0841,13505.24,Credit Card,2026-01-02 11:25:04.590459,Success,,327,13,4,9,133156.05
TXN000064,C0167,22839.42,UPI,2026-01-02 11:59:21.116111,Failed,Bank Timeout,54,21,16,5,133574.15
TXN000065,C1298,9760.52,UPI,2026-01-02 12:33:37.641764,Failed,Bank Timeout,66,6,6,0,19707.23
TXN000066,C0388,20756.19,UPI,2026-01-02 13:07:54.167416,Success,,395,6,6,0,71546.79
TXN000067,C0601,3429.02,Debit Card,2026-01-02 13:42:10.693069,Failed,Bank Timeout,878,20,1,19,149041.79
TXN000068,C0316,23391.32,Credit Card,2026-01-02 14:16:27.218721,Success,,192,21,21,0,22782.11
TXN000069,C0014,18810.44,UPI,2026-01-02 14:50:43.744374,Success,,796,22,2,20,86347.9
TXN000070,C0242,23539.23,Debit Card,2026-01-02 15:25:00.270027,Success,,326,10,5,5,51969.86
TXN000071,C0777,16947.77,UPI,2026-01-02 15:59:16.795679,Success,,417,17,8,9,58484.79
TXN000072,C1370,9148.76,Credit Card,2026-01-02 16:33:33.321332,Failed,Insufficient Balance,526,9,5,4,133673.48
TXN000073,C0565,23460.71,UPI,2026-01-02 17:07:49.846984,Success,,675,14,0,14,88391.43
TXN000074,C0898,6961.61,Credit Card,2026-01-02 17:42:06.372637,Success,,485,29,21,8,113937.07
TXN000075,C1364,8371.1,Wallet,2026-01-02 18:16:22.898289,Abandoned,Checkout Abandoned,28,11,2,9,101148.54
TXN000076,C0092,17550.13,UPI,2026-01-02 18:50:39.423942,Abandoned,Checkout Abandoned,40,22,3,19,79587.85
TXN000077,C1391,19156.38,UPI,2026-01-02 19:24:55.949594,Success,,500,16,12,4,118860.82
TXN000078,C0956,23242.15,UPI,2026-01-02 19:59:12.475247,Success,,668,21,19,2,145624.57
TXN000079,C1479,5199.58,UPI,2026-01-02 20:33:29.000900,Success,,477,23,7,16,145039.52
TXN000080,C1452,19970.15,UPI,2026-01-02 21:07:45.526552,Success,,883,28,22,6,118523.07
TXN000081,C0509,18489.8,Net Banking,2026-01-02 21:42:02.052205,Success,,858,16,4,12,73355.8
TXN000082,C0776,1688.48,Net Banking,2026-01-02 22:16:18.577857,Success,,405,0,0,0,24892.26
TXN000083,C1967,9741.86,UPI,2026-01-02 22:50:35.103510,Failed,Insufficient Balance,428,5,1,4,7148.34
TXN000084,C0035,7140.86,Credit Card,2026-01-02 23:24:51.629162,Failed,Technical Error,867,20,19,1,35101.02
TXN000085,C0206,7681.81,Credit Card,2026-01-02 23:59:08.154815,Success,,382,14,12,2,51368.57
TXN000086,C1105,24575.38,Credit Card,2026-01-03 00:33:24.680468,Success,,646,18,18,0,19912.52
TXN000087,C1956,16105.16,UPI,2026-01-03 01:07:41.206120,Success,,337,13,11,2,34102.42
TXN000088,C1586,17970.14,UPI,2026-01-03 01:41:57.731773,Success,,881,9,0,9,12990.05
TXN000089,C1896,24417.78,Credit Card,2026-01-03 02:16:14.257425,Success,,546,28,8,20,78789.71
TXN000090,C1412,9492.32,UPI,2026-01-03 02:50:30.783078,Success,,162,9,7,2,19384.57
TXN000091,C1026,20065.82,Debit Card,2026-01-03 03:24:47.308730,Success,,758,22,15,7,111543.91
TXN000092,C1022,10919.82,Debit Card,2026-01-03 03:59:03.834383,Success,,735,6,0,6,50231.14
TXN000093,C1414,21751.39,UPI,2026-01-03 04:33:20.360036,Success,,662,6,1,5,100973.38
TXN000094,C0566,4598.37,UPI,2026-01-03 05:07:36.885688,Success,,307,13,13,0,132436.66
TXN000095,C1130,23697.39,Net Banking,2026-01-03 05:41:53.411341,Success,,152,14,0,14,13359.47
TXN000096,C1796,5547.42,Credit Card,2026-01-03 06:16:09.936993,Success,,544,21,0,21,148355.62
TXN000097,C1846,8222.89,Net Banking,2026-01-03 06:50:26.462646,Success,,805,19,14,5,96963.88
TXN000098,C1501,18929.19,UPI,2026-01-03 07:24:42.988298,Success,,121,8,2,6,8478.21
TXN000099,C0703,9904.5,Credit Card,2026-01-03 07:58:59.513951,Success,,278,27,1,26,47443.33
TXN000100,C0402,15244.46,Credit Card,2026-01-03 08:33:16.039603,Success,,105,14,11,3,132993.65
TXN000101,C0730,11169.88,Net Banking,2026-01-03 09:07:32.565256,Success,,340,8,7,1,89636.92
TXN000102,C1580,18585.01,UPI,2026-01-03 09:41:49.090909,Failed,Technical Error,181,22,13,9,43439.74
TXN000103,C0162,5785.45,UPI,2026-01-03 10:16:05.616561,Success,,471,6,5,1,141103.94
TXN000104,C0202,1555.6,UPI,2026-01-03 10:50:22.142214,Success,,300,23,1,22,118194.26
TXN000105,C1982,7568.24,Net Banking,2026-01-03 11:24:38.667866,Abandoned,Checkout Abandoned,824,10,10,0,110463.01
TXN000106,C0996,11910.29,Wallet,2026-01-03 11:58:55.193519,Abandoned,Checkout Abandoned,244,4,0,4,133319.85
TXN000107,C0270,4283.7,Wallet,2026-01-03 12:33:11.719171,Success,,428,26,21,5,115582.1
TXN000108,C1887,8934.45,Wallet,2026-01-03 13:07:28.244824,Failed,Bank Timeout,315,8,0,8,43367.38
TXN000109,C0816,10059.58,UPI,2026-01-03 13:41:44.770477,Success,,497,5,3,2,87790.97
TXN000110,C1295,1529.06,UPI,2026-01-03 14:16:01.296129,Abandoned,Checkout Abandoned,96,6,5,1,126421.78
TXN000111,C0456,14624.35,UPI,2026-01-03 14:50:17.821782,Success,,817,27,14,13,27536.79
TXN000112,C1486,22120.15,UPI,2026-01-03 15:24:34.347434,Failed,Technical Error,342,22,17,5,24871.98
TXN000113,C1751,3878.4,Net Banking,2026-01-03 15:58:50.873087,Failed,Insufficient Balance,719,24,14,10,24266.95
TXN000114,C1276,14985.42,Net Banking,2026-01-03 16:33:07.398739,Success,,742,22,6,16,29541.16
TXN000115,C1017,16652.01,UPI,2026-01-03 17:07:23.924392,Failed,Technical Error,307,13,11,2,15933.01
TXN000116,C1726,10541.43,Credit Card,2026-01-03 17:41:40.450045,Success,,152,18,9,9,125725.54
TXN000117,C0296,17557.33,Net Banking,2026-01-03 18:15:56.975697,Success,,69,21,1,20,122838.57
TXN000118,C1749,10327.22,Credit Card,2026-01-03 18:50:13.501350,Success,,835,21,1,20,23129.66
TXN000119,C0720,12665.47,UPI,2026-01-03 19:24:30.027002,Abandoned,Checkout Abandoned,810,10,5,5,105977.81
TXN000120,C1773,283.09,Credit Card,2026-01-03 19:58:46.552655,Success,,11,27,19,8,94232.85
TXN000121,C0338,17323.83,UPI,2026-01-03 20:33:03.078307,Success,,426,6,5,1,41791.04
TXN000122,C0879,16567.43,Credit Card,2026-01-03 21:07:19.603960,Success,,162,5,3,2,34491.58
TXN000123,C1077,1056.18,UPI,2026-01-03 21:41:36.129612,Success,,263,3,3,0,37962.59
TXN000124,C0792,9269.43,UPI,2026-01-03 22:15:52.655265,Success,,580,13,10,3,109729.28
TXN000125,C1946,24477.89,Wallet,2026-01-03 22:50:09.180918,Success,,772,21,9,12,48237.9
TXN000126,C0217,10576.34,Credit Card,2026-01-03 23:24:25.706570,Abandoned,Checkout Abandoned,377,2,2,0,42054.91
TXN000127,C0764,12598.44,Credit Card,2026-01-03 23:58:42.232223,Success,,34,16,15,1,3860.92
TXN000128,C0188,22757.26,Wallet,2026-01-04 00:32:58.757875,Success,,142,14,4,10,136281.36
TXN000129,C0380,17959.82,UPI,2026-01-04 01:07:15.283528,Success,,252,0,0,0,113029.27
TXN000130,C0493,14593.55,UPI,2026-01-04 01:41:31.809180,Success,,71,20,4,16,71181.16
TXN000131,C1065,19965.34,Net Banking,2026-01-04 02:15:48.334833,Success,,436,10,9,1,141467.57
TXN000132,C1181,21622.72,UPI,2026-01-04 02:50:04.860486,Success,,625,12,8,4,44383.07
TXN000133,C0015,11476.51,Debit Card,2026-01-04 03:24:21.386138,Success,,461,29,22,7,101368.4
TXN000134,C1837,11930.2,UPI,2026-01-04 03:58:37.911791,Success,,87,23,12,11,46119.98
TXN000135,C0065,9712.67,UPI,2026-01-04 04:32:54.437443,Failed,Network Error,730,2,0,2,47528.58
TXN000136,C1881,24170.98,Credit Card,2026-01-04 05:07:10.963096,Abandoned,Checkout Abandoned,114,12,7,5,126784.02
TXN000137,C1863,17459.44,UPI,2026-01-04 05:41:27.488748,Success,,612,17,2,15,118159.78
TXN000138,C0521,2172.25,Debit Card,2026-01-04 06:15:44.014401,Success,,685,23,17,6,44469.06
TXN000139,C1368,21587.69,Credit Card,2026-01-04 06:50:00.540054,Success,,389,8,2,6,12667.73
TXN000140,C1153,12065.94,Wallet,2026-01-04 07:24:17.065706,Abandoned,Checkout Abandoned,875,24,5,19,53958.83
TXN000141,C0648,1811.97,Debit Card,2026-01-04 07:58:33.591359,Success,,403,1,0,1,114128.6
TXN000142,C1496,13787.96,UPI,2026-01-04 08:32:50.117011,Failed,Insufficient Balance,124,27,27,0,15531.38
TXN000143,C1087,10487.39,Net Banking,2026-01-04 09:07:06.642664,Success,,671,7,1,6,100979.08
TXN000144,C1163,21955.96,Credit Card,2026-01-04 09:41:23.168316,Success,,754,1,1,0,133519.61
TXN000145,C1523,5179.47,Debit Card,2026-01-04 10:15:39.693969,Success,,607,22,0,22,27294.46
TXN000146,C0593,20678.97,Net Banking,2026-01-04 10:49:56.219621,Success,,549,23,9,14,129399.55
TXN000147,C0392,13986.45,Credit Card,2026-01-04 11:24:12.745274,Success,,57,0,0,0,8178.9
TXN000148,C1699,1459.8,Credit Card,2026-01-04 11:58:29.270927,Success,,197,23,9,14,100198.6
TXN000149,C0419,24298.95,Credit Card,2026-01-04 12:32:45.796579,Success,,605,30,28,2,118760.32
TXN000150,C0289,12864.12,UPI,2026-01-04 13:07:02.322232,Success,,584,2,0,2,66992.53
TXN000151,C0379,7342.83,UPI,2026-01-04 13:41:18.847884,Success,,523,28,21,7,30957.44
TXN000152,C1797,11788.23,Credit Card,2026-01-04 14:15:35.373537,Success,,800,16,0,16,138747.06
TXN000153,C1514,21460.66,UPI,2026-01-04 14:49:51.899189,Success,,60,6,2,4,3485.35
TXN000154,C0231,7692.09,UPI,2026-01-04 15:24:08.424842,Success,,235,9,0,9,83483.15
TXN000155,C1018,4897.64,UPI,2026-01-04 15:58:24.950495,Success,,377,18,17,1,56240.99
TXN000156,C0041,3313.87,Credit Card,2026-01-04 16:32:41.476147,Success,,89,23,3,20,69428.05
TXN000157,C1052,7516.7,UPI,2026-01-04 17:06:58.001800,Success,,767,8,1,7,80716.48
TXN000158,C0135,19523.2,Debit Card,2026-01-04 17:41:14.527452,Success,,215,17,5,12,80444.92
TXN000159,C0201,11843.5,UPI,2026-01-04 18:15:31.053105,Success,,637,14,5,9,30941.74
TXN000160,C1864,5764.29,Credit Card,2026-01-04 18:49:47.578757,Abandoned,Checkout Abandoned,778,16,8,8,102115.5
TXN000161,C0780,4238.01,UPI,2026-01-04 19:24:04.104410,Success,,408,23,10,13,3362.67
TXN000162,C0930,8384.96,Debit Card,2026-01-04 19:58:20.630063,Failed,Network Error,536,25,24,1,3667.02
TXN000163,C1057,23504.12,UPI,2026-01-04 20:32:37.155715,Success,,226,21,19,2,72033.86
TXN000164,C1072,8641.37,Wallet,2026-01-04 21:06:53.681368,Success,,52,25,15,10,81514.48
TXN000165,C0503,24704.29,Wallet,2026-01-04 21:41:10.207020,Success,,465,16,7,9,41595.98
TXN000166,C0407,12182.24,Net Banking,2026-01-04 22:15:26.732673,Success,,624,18,16,2,82975.49
TXN000167,C1598,4561.18,Wallet,2026-01-04 22:49:43.258325,Success,,303,8,6,2,77658.33
TXN000168,C1752,22289.39,UPI,2026-01-04 23:23:59.783978,Success,,584,24,22,2,52708.47
TXN000169,C0805,11562.85,Credit Card,2026-01-04 23:58:16.309630,Success,,752,5,1,4,97940.31
TXN000170,C0099,17770.82,Debit Card,2026-01-05 00:32:32.835283,Success,,508,18,3,15,143711.61
TXN000171,C0684,24594.42,Debit Card,2026-01-05 01:06:49.360936,Success,,247,7,6,1,73875.0
TXN000172,C1896,1349.37,Net Banking,2026-01-05 01:41:05.886588,Failed,Technical Error,316,5,2,3,118014.59
TXN000173,C0726,2507.69,Debit Card,2026-01-05 02:15:22.412241,Success,,771,16,10,6,37515.69
TXN000174,C1571,18039.37,Wallet,2026-01-05 02:49:38.937893,Success,,599,5,2,3,114411.61
TXN000175,C0961,7117.44,UPI,2026-01-05 03:23:55.463546,Success,,604,12,9,3,97511.44
TXN000176,C1763,4689.1,Net Banking,2026-01-05 03:58:11.989198,Success,,163,20,20,0,96134.82
TXN000177,C0613,1080.11,Debit Card,2026-01-05 04:32:28.514851,Failed,Card Declined,751,23,20,3,134008.78
TXN000178,C1967,643.98,Debit Card,2026-01-05 05:06:45.040504,Success,,106,28,14,14,35385.86
TXN000179,C1486,19384.69,UPI,2026-01-05 05:41:01.566156,Success,,183,1,0,1,55583.29
TXN000180,C0643,3447.39,Debit Card,2026-01-05 06:15:18.091809,Success,,661,11,5,6,12918.58
TXN000181,C1793,11746.24,Net Banking,2026-01-05 06:49:34.617461,Failed,Bank Timeout,102,6,6,0,109054.94
TXN000182,C1029,15186.83,UPI,2026-01-05 07:23:51.143114,Success,,661,5,4,1,126658.16
TXN000183,C1242,10765.96,Credit Card,2026-01-05 07:58:07.668766,Success,,38,16,8,8,61172.11
TXN000184,C0503,774.96,UPI,2026-01-05 08:32:24.194419,Success,,882,27,27,0,53845.61
TXN000185,C0767,19609.19,Wallet,2026-01-05 09:06:40.720072,Success,,70,7,2,5,98968.45
TXN000186,C0398,361.78,Credit Card,2026-01-05 09:40:57.245724,Success,,50,5,0,5,11800.77
TXN000187,C0871,19071.06,UPI,2026-01-05 10:15:13.771377,Failed,Insufficient Balance,503,28,22,6,44429.36
TXN000188,C0795,22343.28,UPI,2026-01-05 10:49:30.297029,Success,,669,30,25,5,55248.81
TXN000189,C0393,10877.71,Debit Card,2026-01-05 11:23:46.822682,Failed,Network Error,823,18,2,16,78029.25
TXN000190,C0207,13435.01,UPI,2026-01-05 11:58:03.348334,Success,,768,20,19,1,71747.1
TXN000191,C1039,11976.89,Credit Card,2026-01-05 12:32:19.873987,Success,,679,22,3,19,31697.72
TXN000192,C1882,9791.29,Wallet,2026-01-05 13:06:36.399639,Failed,Card Declined,304,8,6,2,81347.79
TXN000193,C1578,22196.87,Net Banking,2026-01-05 13:40:52.925292,Success,,767,19,14,5,138917.37
TXN000194,C0892,22358.94,UPI,2026-01-05 14:15:09.450945,Failed,Card Declined,305,27,17,10,4549.64
TXN000195,C1485,8461.83,Wallet,2026-01-05 14:49:25.976597,Failed,Insufficient Balance,188,29,26,3,102205.83
TXN000196,C1715,15415.24,Debit Card,2026-01-05 15:23:42.502250,Success,,267,15,4,11,93894.0
TXN000197,C1599,23180.0,UPI,2026-01-05 15:57:59.027902,Success,,739,17,10,7,138701.83
TXN000198,C0864,24055.26,UPI,2026-01-05 16:32:15.553555,Abandoned,Checkout Abandoned,458,18,10,8,96979.07
TXN000199,C0743,12773.08,UPI,2026-01-05 17:06:32.079207,Success,,677,6,3,3,93913.99
TXN000200,C1265,11375.34,Net Banking,2026-01-05 17:40:48.604860,Success,,316,7,7,0,115585.95
TXN000201,C0564,7039.49,UPI,2026-01-05 18:15:05.130513,Success,,129,20,10,10,40536.99
TXN000202,C1021,23975.91,UPI,2026-01-05 18:49:21.656165,Success,,273,30,24,6,89561.97
TXN000203,C0096,3656.08,Debit Card,2026-01-05 19:23:38.181818,Success,,296,30,0,30,78153.46
TXN000204,C1924,14537.76,Credit Card,2026-01-05 19:57:54.707470,Success,,560,18,12,6,66051.64
TXN000205,C1758,7135.5,Debit Card,2026-01-05 20:32:11.233123,Success,,197,0,0,0,12383.33
TXN000206,C0485,7047.31,Debit Card,2026-01-05 21:06:27.758775,Success,,251,25,18,7,44248.01
TXN000207,C1431,10183.72,UPI,2026-01-05 21:40:44.284428,Success,,604,12,5,7,42357.27
TXN000208,C0231,24969.94,Net Banking,2026-01-05 22:15:00.810081,Success,,214,0,0,0,108775.52
TXN000209,C0749,1468.66,UPI,2026-01-05 22:49:17.335733,Success,,665,10,10,0,138138.09
TXN000210,C1679,14505.69,Credit Card,2026-01-05 23:23:33.861386,Success,,288,1,1,0,35002.69
TXN000211,C1195,2156.05,Credit Card,2026-01-05 23:57:50.387038,Success,,404,20,18,2,11656.28
TXN000212,C0541,3947.57,UPI,2026-01-06 00:32:06.912691,Success,,481,2,1,1,149993.56
TXN000213,C1060,11045.12,Wallet,2026-01-06 01:06:23.438343,Success,,386,12,12,0,103835.2
TXN000214,C0525,12810.46,Credit Card,2026-01-06 01:40:39.963996,Success,,703,6,2,4,133027.39
TXN000215,C1184,6543.93,UPI,2026-01-06 02:14:56.489648,Success,,334,1,0,1,22009.97
TXN000216,C1863,7979.78,Wallet,2026-01-06 02:49:13.015301,Failed,Insufficient Balance,21,1,0,1,120214.82
TXN000217,C1723,2265.48,Credit Card,2026-01-06 03:23:29.540954,Success,,301,2,0,2,122091.9
TXN000218,C1267,7650.17,Debit Card,2026-01-06 03:57:46.066606,Abandoned,Checkout Abandoned,66,12,8,4,23147.59
TXN000219,C1110,24167.31,Credit Card,2026-01-06 04:32:02.592259,Success,,163,11,9,2,24629.92
TXN000220,C1820,23623.21,Net Banking,2026-01-06 05:06:19.117911,Success,,613,0,0,0,44669.96
TXN000221,C0578,8438.47,UPI,2026-01-06 05:40:35.643564,Failed,Card Declined,473,17,17,0,32909.72
TXN000222,C0682,14314.26,UPI,2026-01-06 06:14:52.169216,Success,,611,4,3,1,146323.78
TXN000223,C0557,22748.93,Credit Card,2026-01-06 06:49:08.694869,Success,,525,18,5,13,54760.1
TXN000224,C1598,253.98,UPI,2026-01-06 07:23:25.220522,Abandoned,Checkout Abandoned,742,30,26,4,114315.31
TXN000225,C1977,20286.02,Debit Card,2026-01-06 07:57:41.746174,Success,,665,26,7,19,120855.1
TXN000226,C1013,23714.4,UPI,2026-01-06 08:31:58.271827,Failed,Bank Timeout,31,9,7,2,58198.16
TXN000227,C0646,2374.01,UPI,2026-01-06 09:06:14.797479,Success,,713,5,3,2,102546.54
TXN000228,C0796,4120.05,UPI,2026-01-06 09:40:31.323132,Failed,Bank Timeout,116,17,8,9,16616.12
TXN000229,C1052,24022.58,Debit Card,2026-01-06 10:14:47.848784,Success,,335,14,6,8,59845.83
TXN000230,C1644,13484.75,Net Banking,2026-01-06 10:49:04.374437,Success,,741,13,12,1,145112.94
TXN000231,C1580,453.5,UPI,2026-01-06 11:23:20.900090,Success,,435,23,7,16,25695.33
TXN000232,C1364,6515.04,Credit Card,2026-01-06 11:57:37.425742,Success,,248,15,7,8,58163.84
TXN000233,C1822,11303.6,UPI,2026-01-06 12:31:53.951395,Success,,350,3,1,2,118682.97
TXN000234,C1982,17353.43,Credit Card,2026-01-06 13:06:10.477047,Success,,739,18,6,12,99980.78
TXN000235,C1355,18355.69,UPI,2026-01-06 13:40:27.002700,Success,,48,20,18,2,94912.03
TXN000236,C1664,24886.0,Credit Card,2026-01-06 14:14:43.528352,Failed,Network Error,766,29,22,7,128061.99
TXN000237,C1530,7259.03,Credit Card,2026-01-06 14:49:00.054005,Success,,671,7,1,6,4849.53
TXN000238,C1372,13501.68,Net Banking,2026-01-06 15:23:16.579657,Failed,Bank Timeout,39,24,0,24,115789.07
TXN000239,C1497,13379.76,UPI,2026-01-06 15:57:33.105310,Success,,423,0,0,0,132441.08
TXN000240,C1255,10200.57,Debit Card,2026-01-06 16:31:49.630963,Success,,170,19,10,9,2918.08
TXN000241,C0190,4312.13,Credit Card,2026-01-06 17:06:06.156615,Success,,625,21,8,13,84064.96
TXN000242,C1249,24438.67,Wallet,2026-01-06 17:40:22.682268,Success,,679,21,9,12,52613.98
TXN000243,C1409,21347.6,UPI,2026-01-06 18:14:39.207920,Success,,318,12,9,3,8089.02
TXN000244,C1401,12508.49,UPI,2026-01-06 18:48:55.733573,Success,,423,8,0,8,62953.34
TXN000245,C1307,15120.81,Net Banking,2026-01-06 19:23:12.259225,Success,,143,0,0,0,96782.51
TXN000246,C1982,5758.8,UPI,2026-01-06 19:57:28.784878,Success,,575,14,10,4,137892.54
TXN000247,C0633,13640.3,UPI,2026-01-06 20:31:45.310531,Success,,344,28,16,12,93269.31
TXN000248,C0628,17404.76,UPI,2026-01-06 21:06:01.836183,Failed,Card Declined,45,14,10,4,128583.09
TXN000249,C0973,12927.66,Net Banking,2026-01-06 21:40:18.361836,Failed,Card Declined,840,13,11,2,18674.94
TXN000250,C1769,24758.1,UPI,2026-01-06 22:14:34.887488,Failed,Technical Error,652,4,3,1,31972.91
TXN000251,C1283,15322.41,Net Banking,2026-01-06 22:48:51.413141,Abandoned,Checkout Abandoned,834,25,18,7,145558.78
TXN000252,C1383,9337.25,Credit Card,2026-01-06 23:23:07.938793,Success,,89,16,16,0,133166.4
TXN000253,C0710,19326.59,UPI,2026-01-06 23:57:24.464446,Success,,793,5,2,3,35666.43
TXN000254,C1480,4344.52,UPI,2026-01-07 00:31:40.990099,Failed,Card Declined,446,8,7,1,93335.6
TXN000255,C1435,9674.44,UPI,2026-01-07 01:05:57.515751,Success,,129,30,1,29,54713.6
TXN000256,C0649,8739.28,Credit Card,2026-01-07 01:40:14.041404,Failed,Bank Timeout,143,19,15,4,70555.48
TXN000257,C0318,10852.0,Debit Card,2026-01-07 02:14:30.567056,Success,,414,25,22,3,129201.28
TXN000258,C1701,19566.32,Credit Card,2026-01-07 02:48:47.092709,Success,,726,25,8,17,110489.04
TXN000259,C1249,12155.91,UPI,2026-01-07 03:23:03.618361,Success,,274,24,9,15,36147.16
TXN000260,C1843,19870.96,Debit Card,2026-01-07 03:57:20.144014,Abandoned,Checkout Abandoned,242,18,9,9,47740.96
TXN000261,C1258,14454.57,Net Banking,2026-01-07 04:31:36.669666,Failed,Network Error,456,26,2,24,43811.71
TXN000262,C0684,8617.53,Debit Card,2026-01-07 05:05:53.195319,Failed,Technical Error,436,22,16,6,117209.09
TXN000263,C0664,20268.47,Net Banking,2026-01-07 05:40:09.720972,Success,,37,20,13,7,73768.22
TXN000264,C1999,6033.41,UPI,2026-01-07 06:14:26.246624,Success,,310,25,18,7,142633.28
TXN000265,C1851,5687.14,Net Banking,2026-01-07 06:48:42.772277,Success,,579,16,13,3,122594.73
TXN000266,C1398,12662.12,UPI,2026-01-07 07:22:59.297929,Failed,Bank Timeout,38,6,2,4,32073.57
TXN000267,C1696,6595.15,UPI,2026-01-07 07:57:15.823582,Success,,872,7,1,6,117998.45
TXN000268,C1632,326.27,Net Banking,2026-01-07 08:31:32.349234,Success,,386,14,6,8,76158.86
TXN000269,C1496,16242.61,Wallet,2026-01-07 09:05:48.874887,Success,,322,5,4,1,38429.66
TXN000270,C1257,12826.24,Debit Card,2026-01-07 09:40:05.400540,Success,,42,0,0,0,54818.1
TXN000271,C1716,11193.39,UPI,2026-01-07 10:14:21.926192,Success,,463,8,5,3,145832.85
TXN000272,C1137,24177.52,UPI,2026-01-07 10:48:38.451845,Success,,629,6,3,3,72852.24
TXN000273,C1854,14322.86,Credit Card,2026-01-07 11:22:54.977497,Success,,510,29,8,21,108081.07
TXN000274,C1521,21599.45,Net Banking,2026-01-07 11:57:11.503150,Failed,Network Error,281,21,9,12,71824.25
TXN000275,C0442,3572.31,UPI,2026-01-07 12:31:28.028802,Success,,510,19,18,1,56047.81
TXN000276,C0564,14273.24,Net Banking,2026-01-07 13:05:44.554455,Success,,866,18,15,3,119564.79
TXN000277,C1292,21712.69,UPI,2026-01-07 13:40:01.080108,Success,,712,3,0,3,127324.49
TXN000278,C1534,14619.33,Net Banking,2026-01-07 14:14:17.605760,Abandoned,Checkout Abandoned,602,0,0,0,11247.43
TXN000279,C1831,17978.55,Wallet,2026-01-07 14:48:34.131413,Success,,91,8,4,4,42207.15
TXN000280,C1410,9363.88,UPI,2026-01-07 15:22:50.657065,Success,,617,1,0,1,76426.72
TXN000281,C1411,2401.99,UPI,2026-01-07 15:57:07.182718,Success,,155,15,8,7,47816.41
TXN000282,C1137,11501.72,Net Banking,2026-01-07 16:31:23.708370,Success,,578,1,0,1,117645.66
TXN000283,C1637,9922.54,Credit Card,2026-01-07 17:05:40.234023,Abandoned,Checkout Abandoned,739,2,0,2,17652.64
TXN000284,C1649,21689.8,Debit Card,2026-01-07 17:39:56.759675,Failed,Bank Timeout,763,13,10,3,119770.84
TXN000285,C0952,6175.48,Credit Card,2026-01-07 18:14:13.285328,Success,,293,12,10,2,92874.02
TXN000286,C1105,24171.68,UPI,2026-01-07 18:48:29.810981,Success,,689,16,12,4,43760.47
TXN000287,C0699,23957.64,Net Banking,2026-01-07 19:22:46.336633,Success,,145,9,5,4,51995.98
TXN000288,C0113,6266.03,UPI,2026-01-07 19:57:02.862286,Success,,662,2,0,2,27843.42
TXN000289,C0002,8766.49,Wallet,2026-01-07 20:31:19.387938,Success,,181,3,2,1,38259.72
TXN000290,C0642,22399.34,UPI,2026-01-07 21:05:35.913591,Success,,898,24,5,19,107731.7
TXN000291,C0220,24168.89,Debit Card,2026-01-07 21:39:52.439243,Success,,568,4,4,0,56694.68
TXN000292,C1590,11141.63,UPI,2026-01-07 22:14:08.964896,Abandoned,Checkout Abandoned,19,10,6,4,103278.88
TXN000293,C0855,8092.83,UPI,2026-01-07 22:48:25.490549,Success,,306,5,2,3,77359.08
TXN000294,C1760,13199.74,UPI,2026-01-07 23:22:42.016201,Success,,716,28,10,18,22222.01
TXN000295,C1249,17225.45,Debit Card,2026-01-07 23:56:58.541854,Success,,339,0,0,0,75111.06
TXN000296,C0385,6909.52,Credit Card,2026-01-08 00:31:15.067506,Success,,442,18,5,13,113592.24
TXN000297,C1427,18438.18,Net Banking,2026-01-08 01:05:31.593159,Failed,Technical Error,457,29,24,5,45002.49
TXN000298,C1662,1386.27,UPI,2026-01-08 01:39:48.118811,Success,,24,6,0,6,97388.21
TXN000299,C1154,1327.43,Debit Card,2026-01-08 02:14:04.644464,Success,,225,22,19,3,30255.38
TXN000300,C1077,9718.56,Debit Card,2026-01-08 02:48:21.170117,Success,,710,9,8,1,20786.99
TXN000301,C1708,8901.48,UPI,2026-01-08 03:22:37.695769,Success,,262,28,17,11,54353.81
TXN000302,C0730,7959.27,UPI,2026-01-08 03:56:54.221422,Abandoned,Checkout Abandoned,339,11,7,4,58685.94
TXN000303,C1696,12326.39,Credit Card,2026-01-08 04:31:10.747074,Success,,573,11,1,10,114270.94
TXN000304,C1734,8086.27,UPI,2026-01-08 05:05:27.272727,Abandoned,Checkout Abandoned,439,30,4,26,69281.77
TXN000305,C1440,4887.22,UPI,2026-01-08 05:39:43.798379,Abandoned,Checkout Abandoned,68,28,5,23,12644.62
TXN000306,C0247,7805.79,Debit Card,2026-01-08 06:14:00.324032,Abandoned,Checkout Abandoned,185,0,0,0,95282.93
TXN000307,C0836,24375.12,UPI,2026-01-08 06:48:16.849684,Failed,Card Declined,383,8,1,7,70653.36
TXN000308,C1463,10336.72,Debit Card,2026-01-08 07:22:33.375337,Success,,304,16,3,13,50080.66
TXN000309,C0203,11173.35,Wallet,2026-01-08 07:56:49.900990,Abandoned,Checkout Abandoned,647,22,18,4,120431.71
TXN000310,C1208,14455.97,Credit Card,2026-01-08 08:31:06.426642,Success,,563,11,3,8,23580.53
TXN000311,C0123,24585.19,Credit Card,2026-01-08 09:05:22.952295,Success,,316,27,15,12,137025.25
TXN000312,C0401,6115.87,UPI,2026-01-08 09:39:39.477947,Success,,827,1,0,1,50442.19
TXN000313,C0767,17063.92,Net Banking,2026-01-08 10:13:56.003600,Success,,357,8,0,8,69410.75
TXN000314,C0294,17928.02,UPI,2026-01-08 10:48:12.529252,Success,,370,11,7,4,139420.33
TXN000315,C0280,15222.38,Credit Card,2026-01-08 11:22:29.054905,Success,,775,27,16,11,114305.35
TXN000316,C1861,2305.6,Wallet,2026-01-08 11:56:45.580558,Success,,75,24,4,20,11608.21
TXN000317,C0884,16954.12,Credit Card,2026-01-08 12:31:02.106210,Success,,579,24,15,9,86955.38
TXN000318,C1634,1695.96,Debit Card,2026-01-08 13:05:18.631863,Success,,648,3,0,3,46899.25
TXN000319,C0198,14943.95,UPI,2026-01-08 13:39:35.157515,Failed,Technical Error,525,21,2,19,76518.99
TXN000320,C0982,18515.57,UPI,2026-01-08 14:13:51.683168,Success,,244,28,9,19,111573.87
TXN000321,C1931,5353.15,Debit Card,2026-01-08 14:48:08.208820,Success,,442,11,1,10,74677.85
TXN000322,C1535,21056.39,UPI,2026-01-08 15:22:24.734473,Success,,396,17,17,0,11117.77
TXN000323,C0752,855.81,Debit Card,2026-01-08 15:56:41.260126,Success,,41,2,1,1,79732.09
TXN000324,C0144,21110.94,UPI,2026-01-08 16:30:57.785778,Success,,696,21,16,5,4107.39
TXN000325,C0609,11562.19,Net Banking,2026-01-08 17:05:14.311431,Success,,583,0,0,0,52587.2
TXN000326,C1225,5517.94,UPI,2026-01-08 17:39:30.837083,Success,,235,22,10,12,71965.56
TXN000327,C1148,3431.08,Credit Card,2026-01-08 18:13:47.362736,Success,,153,17,8,9,96878.7
TXN000328,C0187,23837.35,Credit Card,2026-01-08 18:48:03.888388,Success,,461,23,10,13,76177.91
TXN000329,C1350,1909.37,Credit Card,2026-01-08 19:22:20.414041,Abandoned,Checkout Abandoned,27,20,8,12,23216.05
TXN000330,C0464,5057.43,UPI,2026-01-08 19:56:36.939693,Success,,741,22,16,6,139866.53
TXN000331,C1373,8760.78,Credit Card,2026-01-08 20:30:53.465346,Failed,Card Declined,755,7,3,4,97719.8
TXN000332,C1795,15543.85,UPI,2026-01-08 21:05:09.990999,Success,,399,18,4,14,47886.68
TXN000333,C0660,13665.55,UPI,2026-01-08 21:39:26.516651,Success,,756,21,11,10,144907.98
TXN000334,C0764,3228.52,UPI,2026-01-08 22:13:43.042304,Abandoned,Checkout Abandoned,371,27,17,10,132445.35
TXN000335,C0955,7314.23,Credit Card,2026-01-08 22:47:59.567956,Failed,Technical Error,330,24,24,0,21951.77
TXN000336,C1956,6044.92,UPI,2026-01-08 23:22:16.093609,Success,,601,3,0,3,98486.65
TXN000337,C0403,5417.22,Wallet,2026-01-08 23:56:32.619261,Success,,302,25,15,10,84230.38
TXN000338,C1370,10337.49,Credit Card,2026-01-09 00:30:49.144914,Success,,82,22,8,14,29324.93
TXN000339,C1987,17630.38,UPI,2026-01-09 01:05:05.670567,Success,,858,15,7,8,35404.53
TXN000340,C1535,5514.58,Credit Card,2026-01-09 01:39:22.196219,Success,,109,30,5,25,84784.18
TXN000341,C0147,9230.3,Net Banking,2026-01-09 02:13:38.721872,Failed,Insufficient Balance,491,16,16,0,48532.6
TXN000342,C1172,9833.84,UPI,2026-01-09 02:47:55.247524,Failed,Bank Timeout,265,27,13,14,125307.3
TXN000343,C0864,24413.77,Debit Card,2026-01-09 03:22:11.773177,Success,,324,22,20,2,15112.02
TXN000344,C1735,23871.19,Credit Card,2026-01-09 03:56:28.298829,Failed,Bank Timeout,872,8,7,1,137147.6
TXN000345,C1844,20023.43,UPI,2026-01-09 04:30:44.824482,Failed,Insufficient Balance,171,25,13,12,126162.61
TXN000346,C0489,6117.31,Net Banking,2026-01-09 05:05:01.350135,Success,,302,7,3,4,110924.21
TXN000347,C0929,1794.13,UPI,2026-01-09 05:39:17.875787,Success,,171,19,7,12,39753.8
TXN000348,C1960,7990.91,UPI,2026-01-09 06:13:34.401440,Success,,878,18,16,2,107386.2
TXN000349,C1664,6743.18,Net Banking,2026-01-09 06:47:50.927092,Failed,Card Declined,650,6,0,6,66096.08
TXN000350,C0551,12697.55,Credit Card,2026-01-09 07:22:07.452745,Failed,Bank Timeout,318,28,2,26,95246.81
TXN000351,C0338,19465.42,Net Banking,2026-01-09 07:56:23.978397,Success,,774,11,0,11,47226.89
TXN000352,C0872,21472.24,Credit Card,2026-01-09 08:30:40.504050,Success,,583,0,0,0,125460.75
TXN000353,C0641,21137.12,Debit Card,2026-01-09 09:04:57.029702,Failed,Insufficient Balance,152,23,19,4,6566.13
TXN000354,C1803,9055.92,Net Banking,2026-01-09 09:39:13.555355,Failed,Bank Timeout,232,29,2,27,103873.23
TXN000355,C1977,17212.14,UPI,2026-01-09 10:13:30.081008,Success,,316,27,6,21,124380.37
TXN000356,C0473,7889.57,Debit Card,2026-01-09 10:47:46.606660,Success,,23,16,10,6,97141.0
TXN000357,C1970,1616.55,Credit Card,2026-01-09 11:22:03.132313,Failed,Network Error,885,22,14,8,29202.77
TXN000358,C0151,17568.98,UPI,2026-01-09 11:56:19.657965,Success,,619,5,2,3,43104.63
TXN000359,C1439,344.71,Credit Card,2026-01-09 12:30:36.183618,Success,,580,25,4,21,77478.34
TXN000360,C1322,10288.65,UPI,2026-01-09 13:04:52.709270,Failed,Card Declined,189,23,16,7,49752.64
TXN000361,C1635,8301.54,Debit Card,2026-01-09 13:39:09.234923,Success,,522,21,4,17,1235.01
TXN000362,C0263,17365.1,Credit Card,2026-01-09 14:13:25.760576,Failed,Network Error,236,4,0,4,6581.38
TXN000363,C1788,19179.51,Wallet,2026-01-09 14:47:42.286228,Success,,468,24,21,3,115281.38
TXN000364,C0144,7671.96,UPI,2026-01-09 15:21:58.811881,Success,,154,19,6,13,13014.22
TXN000365,C0346,20309.51,Credit Card,2026-01-09 15:56:15.337533,Success,,833,6,0,6,139239.27
TXN000366,C0624,7418.53,UPI,2026-01-09 16:30:31.863186,Success,,654,21,7,14,66689.1
TXN000367,C1017,11213.53,Credit Card,2026-01-09 17:04:48.388838,Success,,666,25,11,14,113848.9
TXN000368,C1596,18202.76,Debit Card,2026-01-09 17:39:04.914491,Success,,795,21,1,20,19262.94
TXN000369,C0881,17353.71,Debit Card,2026-01-09 18:13:21.440144,Success,,866,26,16,10,139012.86
TXN000370,C0002,24685.47,Net Banking,2026-01-09 18:47:37.965796,Abandoned,Checkout Abandoned,832,11,5,6,5554.42
TXN000371,C0897,5706.51,Net Banking,2026-01-09 19:21:54.491449,Success,,492,4,3,1,6799.51
TXN000372,C1328,16591.72,UPI,2026-01-09 19:56:11.017101,Success,,568,1,1,0,8660.57
TXN000373,C0254,15281.08,UPI,2026-01-09 20:30:27.542754,Success,,729,3,1,2,15959.52
TXN000374,C1676,22885.95,Debit Card,2026-01-09 21:04:44.068406,Success,,760,16,2,14,73281.33
TXN000375,C0453,3993.42,Credit Card,2026-01-09 21:39:00.594059,Success,,442,24,18,6,118347.33
TXN000376,C1061,18819.77,UPI,2026-01-09 22:13:17.119711,Success,,251,24,13,11,43099.7
TXN000377,C1184,14249.89,Credit Card,2026-01-09 22:47:33.645364,Failed,Card Declined,625,7,7,0,111993.63
TXN000378,C1015,6939.18,UPI,2026-01-09 23:21:50.171017,Success,,286,19,6,13,116222.12
TXN000379,C0009,11913.43,UPI,2026-01-09 23:56:06.696669,Success,,678,4,4,0,136287.46
TXN000380,C1257,8411.04,Net Banking,2026-01-10 00:30:23.222322,Success,,197,16,2,14,22828.11
TXN000381,C1123,14524.9,UPI,2026-01-10 01:04:39.747974,Success,,695,19,0,19,20762.41
TXN000382,C1683,22236.12,UPI,2026-01-10 01:38:56.273627,Success,,109,3,2,1,18753.21
TXN000383,C0816,14275.69,UPI,2026-01-10 02:13:12.799279,Failed,Insufficient Balance,531,30,18,12,54216.94
TXN000384,C0208,15829.89,Net Banking,2026-01-10 02:47:29.324932,Success,,93,20,14,6,73667.19
TXN000385,C1155,13016.82,Wallet,2026-01-10 03:21:45.850585,Success,,62,17,0,17,69510.6
TXN000386,C0404,1374.02,Debit Card,2026-01-10 03:56:02.376237,Success,,136,17,4,13,38928.79
TXN000387,C0152,5898.18,UPI,2026-01-10 04:30:18.901890,Abandoned,Checkout Abandoned,656,27,19,8,93485.95
TXN000388,C0054,12350.84,Wallet,2026-01-10 05:04:35.427542,Success,,295,17,10,7,51071.91
TXN000389,C1144,7824.86,Debit Card,2026-01-10 05:38:51.953195,Success,,870,15,15,0,55229.41
TXN000390,C1697,4625.91,Net Banking,2026-01-10 06:13:08.478847,Success,,64,10,5,5,16276.74
TXN000391,C1944,12652.91,Debit Card,2026-01-10 06:47:25.004500,Failed,Card Declined,765,7,1,6,89038.58
TXN000392,C0628,8137.96,UPI,2026-01-10 07:21:41.530153,Success,,586,28,19,9,98464.42
TXN000393,C0587,6526.88,Credit Card,2026-01-10 07:55:58.055805,Success,,30,11,8,3,113813.56
TXN000394,C1649,11653.24,UPI,2026-01-10 08:30:14.581458,Failed,Card Declined,784,17,14,3,135649.38
TXN000395,C1992,3418.78,UPI,2026-01-10 09:04:31.107110,Success,,309,21,10,11,115017.67
TXN000396,C1444,23200.87,Debit Card,2026-01-10 09:38:47.632763,Success,,845,17,4,13,35743.68
TXN000397,C1446,21705.78,Net Banking,2026-01-10 10:13:04.158415,Success,,368,28,14,14,35730.45
TXN000398,C0104,17719.75,Debit Card,2026-01-10 10:47:20.684068,Success,,769,7,7,0,137305.54
TXN000399,C1876,2744.72,Credit Card,2026-01-10 11:21:37.209720,Success,,152,15,1,14,118624.97
TXN000400,C0254,19419.34,UPI,2026-01-10 11:55:53.735373,Success,,619,29,11,18,117445.84
TXN000401,C1251,20218.14,UPI,2026-01-10 12:30:10.261026,Abandoned,Checkout Abandoned,11,16,6,10,108097.19
TXN000402,C1136,19217.34,UPI,2026-01-10 13:04:26.786678,Success,,366,1,1,0,40446.7
TXN000403,C0510,2937.75,Credit Card,2026-01-10 13:38:43.312331,Success,,652,29,7,22,127187.85
TXN000404,C1497,16133.31,Credit Card,2026-01-10 14:12:59.837983,Failed,Insufficient Balance,697,20,8,12,21861.26
TXN000405,C0099,20874.69,UPI,2026-01-10 14:47:16.363636,Success,,461,21,4,17,52827.63
TXN000406,C0153,14476.1,Wallet,2026-01-10 15:21:32.889288,Success,,56,14,14,0,52297.94
TXN000407,C1885,16195.54,UPI,2026-01-10 15:55:49.414941,Success,,762,24,18,6,84239.76
TXN000408,C0914,11513.25,Net Banking,2026-01-10 16:30:05.940594,Success,,436,21,18,3,69784.81
TXN000409,C1920,13264.81,Credit Card,2026-01-10 17:04:22.466246,Failed,Card Declined,877,23,12,11,69241.32
TXN000410,C0878,955.98,UPI,2026-01-10 17:38:38.991899,Success,,548,30,12,18,83259.08
TXN000411,C0338,16010.18,Debit Card,2026-01-10 18:12:55.517551,Success,,557,27,5,22,62605.06
TXN000412,C1730,2128.04,Debit Card,2026-01-10 18:47:12.043204,Failed,Bank Timeout,860,6,5,1,37872.49
TXN000413,C0822,10931.86,Credit Card,2026-01-10 19:21:28.568856,Success,,875,0,0,0,99786.05
TXN000414,C1187,7387.11,Credit Card,2026-01-10 19:55:45.094509,Success,,857,1,0,1,118699.69
TXN000415,C1744,13681.16,UPI,2026-01-10 20:30:01.620162,Success,,701,3,1,2,72109.88
TXN000416,C0957,3422.07,Debit Card,2026-01-10 21:04:18.145814,Success,,497,15,10,5,97597.74
TXN000417,C1705,17321.92,Net Banking,2026-01-10 21:38:34.671467,Success,,572,11,8,3,80536.81
TXN000418,C0161,19895.79,UPI,2026-01-10 22:12:51.197119,Success,,351,16,5,11,9319.97
TXN000419,C1604,4167.53,UPI,2026-01-10 22:47:07.722772,Success,,681,23,2,21,63751.16
TXN000420,C0801,2697.4,Net Banking,2026-01-10 23:21:24.248424,Success,,779,3,1,2,1972.95
TXN000421,C0398,3723.34,UPI,2026-01-10 23:55:40.774077,Success,,538,15,12,3,99450.95
TXN000422,C1301,21940.48,Debit Card,2026-01-11 00:29:57.299729,Success,,288,6,2,4,76470.14
TXN000423,C0816,13251.91,Credit Card,2026-01-11 01:04:13.825382,Success,,181,22,9,13,19461.31
TXN000424,C1940,11734.8,Credit Card,2026-01-11 01:38:30.351035,Success,,311,7,4,3,81557.63
TXN000425,C1528,2757.12,UPI,2026-01-11 02:12:46.876687,Success,,405,24,6,18,134814.69
TXN000426,C1920,16273.94,UPI,2026-01-11 02:47:03.402340,Success,,575,8,6,2,51403.37
TXN000427,C1416,21713.19,UPI,2026-01-11 03:21:19.927992,Success,,534,13,3,10,147364.13
TXN000428,C1159,20721.83,Debit Card,2026-01-11 03:55:36.453645,Success,,723,22,10,12,143927.3
TXN000429,C1219,15688.76,Debit Card,2026-01-11 04:29:52.979297,Success,,336,8,7,1,117903.82
TXN000430,C0401,1974.44,Debit Card,2026-01-11 05:04:09.504950,Success,,767,14,10,4,122163.1
TXN000431,C0640,2898.69,Credit Card,2026-01-11 05:38:26.030603,Success,,459,20,1,19,61876.53
TXN000432,C1057,1327.79,UPI,2026-01-11 06:12:42.556255,Abandoned,Checkout Abandoned,792,25,0,25,60679.89
TXN000433,C0688,6511.23,UPI,2026-01-11 06:46:59.081908,Failed,Technical Error,749,3,0,3,143182.41
TXN000434,C0460,3477.97,Net Banking,2026-01-11 07:21:15.607560,Success,,71,2,1,1,55246.34
TXN000435,C0955,6575.2,Credit Card,2026-01-11 07:55:32.133213,Success,,210,21,10,11,14982.5
TXN000436,C1907,9687.95,UPI,2026-01-11 08:29:48.658865,Success,,673,9,5,4,23328.81
TXN000437,C0470,23580.27,UPI,2026-01-11 09:04:05.184518,Failed,Insufficient Balance,79,26,7,19,106704.65
TXN000438,C1399,15298.36,UPI,2026-01-11 09:38:21.710171,Failed,Technical Error,710,24,18,6,57755.65
TXN000439,C1046,20890.85,UPI,2026-01-11 10:12:38.235823,Success,,506,3,3,0,30301.75
TXN000440,C0750,17787.75,Net Banking,2026-01-11 10:46:54.761476,Failed,Insufficient Balance,848,29,5,24,122161.03
TXN000441,C1694,2901.33,Net Banking,2026-01-11 11:21:11.287128,Success,,217,17,15,2,73556.69
TXN000442,C0038,18424.42,Net Banking,2026-01-11 11:55:27.812781,Success,,474,10,7,3,85362.36
TXN000443,C0230,6949.96,Wallet,2026-01-11 12:29:44.338433,Failed,Insufficient Balance,487,18,6,12,23515.43
TXN000444,C1389,16013.79,Net Banking,2026-01-11 13:04:00.864086,Success,,465,18,2,16,29316.75
TXN000445,C0563,8589.95,Credit Card,2026-01-11 13:38:17.389738,Failed,Network Error,140,17,0,17,19315.48
TXN000446,C0438,24942.04,UPI,2026-01-11 14:12:33.915391,Success,,482,12,6,6,77424.15
TXN000447,C1800,6662.43,Debit Card,2026-01-11 14:46:50.441044,Success,,678,24,5,19,116460.72
TXN000448,C1307,7050.35,UPI,2026-01-11 15:21:06.966696,Success,,286,3,2,1,109976.64
TXN000449,C0027,23273.74,UPI,2026-01-11 15:55:23.492349,Success,,63,2,1,1,39554.01
TXN000450,C0226,713.65,UPI,2026-01-11 16:29:40.018001,Success,,765,15,2,13,127806.75
TXN000451,C1301,17447.56,Credit Card,2026-01-11 17:03:56.543654,Success,,399,13,1,12,16296.3
TXN000452,C0798,18160.63,UPI,2026-01-11 17:38:13.069306,Success,,898,9,0,9,17550.47
TXN000453,C1633,20925.83,UPI,2026-01-11 18:12:29.594959,Success,,224,5,2,3,127470.99
TXN000454,C0284,24363.54,Credit Card,2026-01-11 18:46:46.120612,Failed,Network Error,20,7,4,3,37040.72
TXN000455,C0879,24392.49,Net Banking,2026-01-11 19:21:02.646264,Success,,463,26,6,20,106363.32
TXN000456,C0960,1725.39,Credit Card,2026-01-11 19:55:19.171917,Success,,420,23,22,1,1857.4
TXN000457,C1505,20563.8,Net Banking,2026-01-11 20:29:35.697569,Success,,740,15,5,10,14493.36
TXN000458,C0453,16193.12,UPI,2026-01-11 21:03:52.223222,Success,,726,9,9,0,91588.66
TXN000459,C1020,16218.82,UPI,2026-01-11 21:38:08.748874,Success,,722,21,21,0,27771.19
TXN000460,C1853,3295.91,Credit Card,2026-01-11 22:12:25.274527,Success,,593,20,10,10,4717.95
TXN000461,C0816,16289.66,Credit Card,2026-01-11 22:46:41.800180,Success,,118,26,6,20,70308.54
TXN000462,C0659,24563.82,Debit Card,2026-01-11 23:20:58.325832,Success,,36,6,6,0,49912.81
TXN000463,C1540,22804.28,Debit Card,2026-01-11 23:55:14.851485,Success,,425,18,15,3,120437.41
TXN000464,C0547,11034.35,Debit Card,2026-01-12 00:29:31.377137,Abandoned,Checkout Abandoned,358,27,7,20,122914.93
TXN000465,C1216,1094.7,Wallet,2026-01-12 01:03:47.902790,Success,,298,25,4,21,92356.26
TXN000466,C1073,9121.11,UPI,2026-01-12 01:38:04.428442,Failed,Card Declined,526,17,16,1,44308.55
TXN000467,C1536,20677.12,UPI,2026-01-12 02:12:20.954095,Success,,495,12,6,6,69513.18
TXN000468,C0017,17567.33,Credit Card,2026-01-12 02:46:37.479747,Success,,274,7,1,6,105487.28
TXN000469,C1196,11537.66,UPI,2026-01-12 03:20:54.005400,Success,,662,26,26,0,10861.63
TXN000470,C1244,1472.03,UPI,2026-01-12 03:55:10.531053,Abandoned,Checkout Abandoned,234,27,20,7,50208.31
TXN000471,C0158,10729.68,UPI,2026-01-12 04:29:27.056705,Success,,359,13,6,7,123444.27
TXN000472,C0477,11778.72,UPI,2026-01-12 05:03:43.582358,Success,,895,8,6,2,61201.27
TXN000473,C1070,23221.03,UPI,2026-01-12 05:38:00.108010,Success,,98,11,8,3,93887.87
TXN000474,C1397,16063.04,UPI,2026-01-12 06:12:16.633663,Success,,655,5,4,1,14901.99
TXN000475,C0518,7860.16,Debit Card,2026-01-12 06:46:33.159315,Abandoned,Checkout Abandoned,112,19,5,14,116668.37
TXN000476,C0099,13180.42,Credit Card,2026-01-12 07:20:49.684968,Failed,Technical Error,339,21,11,10,15519.59
TXN000477,C1916,1744.78,Debit Card,2026-01-12 07:55:06.210621,Failed,Insufficient Balance,134,27,15,12,129298.03
TXN000478,C1769,24316.95,Debit Card,2026-01-12 08:29:22.736273,Success,,313,22,10,12,16436.86
TXN000479,C1061,9065.49,UPI,2026-01-12 09:03:39.261926,Failed,Card Declined,92,11,5,6,133688.47
TXN000480,C0280,11998.9,UPI,2026-01-12 09:37:55.787578,Success,,276,23,16,7,54883.6
TXN000481,C1373,8946.57,UPI,2026-01-12 10:12:12.313231,Success,,410,18,9,9,93867.34
TXN000482,C0497,17094.54,Net Banking,2026-01-12 10:46:28.838883,Failed,Bank Timeout,395,11,6,5,127059.31
TXN000483,C0302,16589.58,Debit Card,2026-01-12 11:20:45.364536,Success,,784,21,15,6,2031.09
TXN000484,C0181,17911.53,UPI,2026-01-12 11:55:01.890189,Success,,370,29,15,14,40221.13
TXN000485,C0607,6776.77,UPI,2026-01-12 12:29:18.415841,Success,,66,25,14,11,136296.58
TXN000486,C1123,7960.15,Wallet,2026-01-12 13:03:34.941494,Success,,808,21,14,7,58532.32
TXN000487,C0700,3218.76,Credit Card,2026-01-12 13:37:51.467146,Success,,386,25,22,3,106103.2
TXN000488,C0993,16422.2,Net Banking,2026-01-12 14:12:07.992799,Success,,196,6,3,3,21431.8
TXN000489,C1140,1090.95,UPI,2026-01-12 14:46:24.518451,Failed,Insufficient Balance,488,14,3,11,101916.55
TXN000490,C0191,14982.29,UPI,2026-01-12 15:20:41.044104,Failed,Bank Timeout,695,15,15,0,11437.57
TXN000491,C0253,21755.43,Debit Card,2026-01-12 15:54:57.569756,Abandoned,Checkout Abandoned,346,29,26,3,107740.11
TXN000492,C0981,22281.72,Debit Card,2026-01-12 16:29:14.095409,Success,,856,3,1,2,48908.84
TXN000493,C0928,11281.04,Debit Card,2026-01-12 17:03:30.621062,Failed,Card Declined,656,5,2,3,70144.22
TXN000494,C1185,11536.66,Credit Card,2026-01-12 17:37:47.146714,Failed,Network Error,103,15,13,2,25355.9
TXN000495,C1280,2016.53,Credit Card,2026-01-12 18:12:03.672367,Success,,496,14,13,1,94363.43
TXN000496,C1347,16802.05,Debit Card,2026-01-12 18:46:20.198019,Success,,407,1,0,1,50966.36
TXN000497,C0128,20549.36,UPI,2026-01-12 19:20:36.723672,Success,,872,30,9,21,57814.56
TXN000498,C0018,6191.91,UPI,2026-01-12 19:54:53.249324,Success,,530,23,5,18,98002.84
TXN000499,C1817,10590.39,Net Banking,2026-01-12 20:29:09.774977,Success,,530,2,2,0,27239.82
TXN000500,C1759,20987.1,UPI,2026-01-12 21:03:26.300630,Success,,122,14,10,4,127875.33
TXN000501,C0566,21940.3,Credit Card,2026-01-12 21:37:42.826282,Success,,131,30,3,27,111023.32
TXN000502,C0570,6155.18,Debit Card,2026-01-12 22:11:59.351935,Success,,395,24,9,15,86870.64
TXN000503,C1347,13809.21,Wallet,2026-01-12 22:46:15.877587,Success,,629,7,7,0,19685.79
TXN000504,C1896,4893.08,UPI,2026-01-12 23:20:32.403240,Failed,Card Declined,351,11,7,4,103222.9
TXN000505,C0686,2636.78,UPI,2026-01-12 23:54:48.928892,Failed,Bank Timeout,793,21,20,1,3205.86
TXN000506,C1816,22786.9,Net Banking,2026-01-13 00:29:05.454545,Success,,779,25,7,18,120757.17
TXN000507,C0626,20530.64,Net Banking,2026-01-13 01:03:21.980198,Success,,472,1,0,1,45917.76
TXN000508,C1312,19024.87,Debit Card,2026-01-13 01:37:38.505850,Success,,719,14,3,11,18023.13
TXN000509,C1967,1314.28,Credit Card,2026-01-13 02:11:55.031503,Success,,391,7,0,7,25091.1
TXN000510,C0854,21108.85,UPI,2026-01-13 02:46:11.557155,Success,,639,26,9,17,144488.59
TXN000511,C1687,11007.3,Credit Card,2026-01-13 03:20:28.082808,Failed,Insufficient Balance,165,30,22,8,116187.65
TXN000512,C0962,8625.64,Net Banking,2026-01-13 03:54:44.608460,Success,,137,21,12,9,36061.86
TXN000513,C1663,13707.26,Net Banking,2026-01-13 04:29:01.134113,Failed,Technical Error,52,10,6,4,144538.2
TXN000514,C0155,2374.7,UPI,2026-01-13 05:03:17.659765,Success,,584,16,16,0,21447.59
TXN000515,C0490,18940.5,UPI,2026-01-13 05:37:34.185418,Success,,390,21,18,3,110162.32
TXN000516,C1410,14602.63,Credit Card,2026-01-13 06:11:50.711071,Success,,666,28,16,12,98682.57
TXN000517,C0785,4746.09,Wallet,2026-01-13 06:46:07.236723,Success,,284,20,20,0,123310.78
TXN000518,C1128,4786.98,Debit Card,2026-01-13 07:20:23.762376,Success,,398,21,3,18,57563.96
TXN000519,C1953,4687.79,UPI,2026-01-13 07:54:40.288028,Success,,32,28,22,6,60574.4
TXN000520,C1417,1519.36,UPI,2026-01-13 08:28:56.813681,Abandoned,Checkout Abandoned,885,0,0,0,93872.77
TXN000521,C1835,14736.18,Credit Card,2026-01-13 09:03:13.339333,Failed,Card Declined,796,19,5,14,60031.76
TXN000522,C0246,21024.67,UPI,2026-01-13 09:37:29.864986,Abandoned,Checkout Abandoned,393,22,13,9,6681.96
TXN000523,C1200,535.71,Net Banking,2026-01-13 10:11:46.390639,Success,,138,28,8,20,109591.35
TXN000524,C1063,1320.22,Debit Card,2026-01-13 10:46:02.916291,Success,,420,14,5,9,96321.44
TXN000525,C1501,14361.98,Credit Card,2026-01-13 11:20:19.441944,Success,,820,20,9,11,63845.07
TXN000526,C1706,20505.44,UPI,2026-01-13 11:54:35.967596,Success,,290,21,5,16,45773.02
TXN000527,C0759,8235.8,Net Banking,2026-01-13 12:28:52.493249,Success,,191,1,1,0,48448.51
TXN000528,C0538,8805.4,UPI,2026-01-13 13:03:09.018901,Success,,783,23,8,15,111283.78
TXN000529,C1891,14949.03,UPI,2026-01-13 13:37:25.544554,Success,,237,9,2,7,109509.55
TXN000530,C1842,6927.9,Wallet,2026-01-13 14:11:42.070207,Abandoned,Checkout Abandoned,772,19,4,15,122928.3
TXN000531,C0921,762.55,Net Banking,2026-01-13 14:45:58.595859,Abandoned,Checkout Abandoned,90,5,2,3,114445.97
TXN000532,C0408,18407.19,Net Banking,2026-01-13 15:20:15.121512,Success,,597,2,0,2,113812.66
TXN000533,C0525,15678.68,UPI,2026-01-13 15:54:31.647164,Failed,Insufficient Balance,290,24,14,10,38140.1
TXN000534,C0828,14560.82,UPI,2026-01-13 16:28:48.172817,Success,,723,12,12,0,15691.08
TXN000535,C1530,18567.93,UPI,2026-01-13 17:03:04.698469,Success,,640,23,7,16,114381.96
TXN000536,C0903,16913.25,UPI,2026-01-13 17:37:21.224122,Failed,Network Error,773,29,14,15,15243.39
TXN000537,C1849,5226.46,Debit Card,2026-01-13 18:11:37.749774,Success,,643,30,10,20,147325.66
TXN000538,C0036,8876.78,UPI,2026-01-13 18:45:54.275427,Failed,Network Error,183,14,12,2,131325.85
TXN000539,C0685,3240.14,Debit Card,2026-01-13 19:20:10.801080,Success,,368,5,4,1,80252.51
TXN000540,C0020,3333.44,UPI,2026-01-13 19:54:27.326732,Failed,Network Error,580,8,6,2,53151.44
TXN000541,C0321,16937.27,UPI,2026-01-13 20:28:43.852385,Abandoned,Checkout Abandoned,384,9,1,8,79263.03
TXN000542,C1800,21479.14,Wallet,2026-01-13 21:03:00.378037,Success,,64,8,1,7,110278.12
TXN000543,C0512,24072.04,UPI,2026-01-13 21:37:16.903690,Success,,673,17,11,6,113571.33
TXN000544,C0400,15745.84,UPI,2026-01-13 22:11:33.429342,Success,,340,8,3,5,11513.07
TXN000545,C0654,4684.12,UPI,2026-01-13 22:45:49.954995,Success,,673,23,21,2,120825.69
TXN000546,C0972,2730.69,UPI,2026-01-13 23:20:06.480648,Success,,396,30,8,22,96403.81
TXN000547,C1907,20339.99,Credit Card,2026-01-13 23:54:23.006300,Failed,Insufficient Balance,689,17,14,3,6566.65
TXN000548,C0471,14511.04,UPI,2026-01-14 00:28:39.531953,Success,,157,8,6,2,47317.6
TXN000549,C1167,15495.3,Debit Card,2026-01-14 01:02:56.057605,Abandoned,Checkout Abandoned,352,4,0,4,76840.88
TXN000550,C1116,19558.41,Net Banking,2026-01-14 01:37:12.583258,Success,,206,12,0,12,28673.5
TXN000551,C1378,17611.6,Credit Card,2026-01-14 02:11:29.108910,Success,,133,11,9,2,23708.46
TXN000552,C0834,20878.01,UPI,2026-01-14 02:45:45.634563,Success,,749,8,1,7,2635.03
TXN000553,C1824,1499.73,Credit Card,2026-01-14 03:20:02.160216,Success,,342,18,8,10,136776.82
TXN000554,C0727,18713.26,UPI,2026-01-14 03:54:18.685868,Success,,493,19,12,7,8888.14
TXN000555,C1983,21286.23,Credit Card,2026-01-14 04:28:35.211521,Success,,463,0,0,0,55218.71
TXN000556,C0854,7224.76,Debit Card,2026-01-14 05:02:51.737173,Success,,715,10,4,6,31262.86
TXN000557,C0051,16047.14,UPI,2026-01-14 05:37:08.262826,Success,,358,4,3,1,111284.45
TXN000558,C1689,7922.64,Net Banking,2026-01-14 06:11:24.788478,Success,,462,30,22,8,106224.11
TXN000559,C1722,23953.48,Net Banking,2026-01-14 06:45:41.314131,Failed,Card Declined,88,6,4,2,121030.25
TXN000560,C0575,932.25,Net Banking,2026-01-14 07:19:57.839783,Failed,Insufficient Balance,17,12,0,12,92712.84
TXN000561,C1214,14536.84,UPI,2026-01-14 07:54:14.365436,Success,,875,22,8,14,88952.15
TXN000562,C1149,4245.94,Credit Card,2026-01-14 08:28:30.891089,Success,,382,5,2,3,61363.05
TXN000563,C0150,17834.28,Net Banking,2026-01-14 09:02:47.416741,Success,,576,12,9,3,95635.63
TXN000564,C0314,4479.67,UPI,2026-01-14 09:37:03.942394,Abandoned,Checkout Abandoned,558,5,2,3,17723.23
TXN000565,C0570,5961.04,Net Banking,2026-01-14 10:11:20.468046,Success,,867,14,2,12,102834.67
TXN000566,C1366,12409.83,UPI,2026-01-14 10:45:36.993699,Success,,466,7,6,1,16032.71
TXN000567,C0305,22879.39,UPI,2026-01-14 11:19:53.519351,Success,,770,10,1,9,129330.12
TXN000568,C1716,5371.69,Debit Card,2026-01-14 11:54:10.045004,Success,,721,9,8,1,76099.58
TXN000569,C0682,3691.58,Debit Card,2026-01-14 12:28:26.570657,Success,,279,8,3,5,79788.36
TXN000570,C0838,18998.52,Debit Card,2026-01-14 13:02:43.096309,Success,,441,3,2,1,87936.21
TXN000571,C1807,12565.43,Wallet,2026-01-14 13:36:59.621962,Success,,610,13,7,6,116519.85
TXN000572,C1078,22803.45,UPI,2026-01-14 14:11:16.147614,Success,,235,3,3,0,72031.36
TXN000573,C1003,3750.7,UPI,2026-01-14 14:45:32.673267,Success,,332,23,20,3,64424.42
TXN000574,C0444,16183.6,Net Banking,2026-01-14 15:19:49.198919,Success,,681,14,7,7,43605.85
TXN000575,C0613,5898.69,UPI,2026-01-14 15:54:05.724572,Failed,Insufficient Balance,429,20,3,17,19641.88
TXN000576,C0993,4003.33,Debit Card,2026-01-14 16:28:22.250225,Success,,344,9,9,0,28956.21
TXN000577,C0264,17117.39,Credit Card,2026-01-14 17:02:38.775877,Abandoned,Checkout Abandoned,131,13,1,12,578.91
TXN000578,C1077,14882.75,UPI,2026-01-14 17:36:55.301530,Success,,485,24,18,6,130478.54
TXN000579,C1596,18895.2,UPI,2026-01-14 18:11:11.827182,Success,,795,5,5,0,114861.28
TXN000580,C1004,7805.62,Credit Card,2026-01-14 18:45:28.352835,Success,,246,15,5,10,33193.02
TXN000581,C1644,11254.49,Net Banking,2026-01-14 19:19:44.878487,Success,,788,24,12,12,857.32
TXN000582,C0005,10196.24,Debit Card,2026-01-14 19:54:01.404140,Success,,851,11,5,6,74071.39
TXN000583,C1127,24603.83,Credit Card,2026-01-14 20:28:17.929792,Success,,653,27,27,0,62179.69
TXN000584,C1220,7377.0,Credit Card,2026-01-14 21:02:34.455445,Failed,Technical Error,391,3,2,1,116512.99
TXN000585,C0774,7440.95,UPI,2026-01-14 21:36:50.981098,Failed,Technical Error,413,0,0,0,60732.88
TXN000586,C0877,8928.25,UPI,2026-01-14 22:11:07.506750,Success,,398,29,11,18,129684.86
TXN000587,C0992,14158.39,UPI,2026-01-14 22:45:24.032403,Failed,Card Declined,456,3,3,0,14827.82
TXN000588,C0884,6382.84,UPI,2026-01-14 23:19:40.558055,Success,,703,24,22,2,55195.78
TXN000589,C1374,22890.72,UPI,2026-01-14 23:53:57.083708,Success,,202,12,11,1,140124.16
TXN000590,C0047,6715.57,UPI,2026-01-15 00:28:13.609360,Success,,470,6,2,4,2253.58
TXN000591,C0867,22405.81,UPI,2026-01-15 01:02:30.135013,Success,,119,14,13,1,58923.02
TXN000592,C0823,2676.53,UPI,2026-01-15 01:36:46.660666,Success,,223,30,3,27,39325.64
TXN000593,C0936,16448.41,Credit Card,2026-01-15 02:11:03.186318,Success,,761,5,4,1,80013.18
TXN000594,C1844,22683.94,Credit Card,2026-01-15 02:45:19.711971,Success,,662,29,7,22,42175.64
TXN000595,C0656,4301.86,UPI,2026-01-15 03:19:36.237623,Success,,472,13,7,6,130551.25
TXN000596,C0269,24211.34,Wallet,2026-01-15 03:53:52.763276,Success,,594,17,2,15,140602.17
TXN000597,C0370,11376.8,UPI,2026-01-15 04:28:09.288928,Success,,524,3,1,2,127445.58
TXN000598,C0636,23648.31,Net Banking,2026-01-15 05:02:25.814581,Success,,11,0,0,0,60085.89
TXN000599,C1130,16952.82,UPI,2026-01-15 05:36:42.340234,Success,,405,28,18,10,148495.1
TXN000600,C1694,7609.51,Net Banking,2026-01-15 06:10:58.865886,Failed,Technical Error,353,2,1,1,110387.93
TXN000601,C1683,4788.73,UPI,2026-01-15 06:45:15.391539,Success,,219,12,10,2,53663.54
TXN000602,C0657,7663.0,Debit Card,2026-01-15 07:19:31.917191,Success,,833,17,12,5,14507.08
TXN000603,C0120,2416.13,UPI,2026-01-15 07:53:48.442844,Success,,67,28,22,6,100223.44
TXN000604,C0831,3682.31,Debit Card,2026-01-15 08:28:04.968496,Failed,Network Error,493,3,1,2,109420.83
TXN000605,C1811,2706.04,UPI,2026-01-15 09:02:21.494149,Success,,738,3,1,2,18807.64
TXN000606,C1628,10631.29,UPI,2026-01-15 09:36:38.019801,Success,,778,10,6,4,82685.58
TXN000607,C1082,19909.9,Debit Card,2026-01-15 10:10:54.545454,Success,,122,13,1,12,148069.65
TXN000608,C1975,3620.45,UPI,2026-01-15 10:45:11.071107,Abandoned,Checkout Abandoned,494,24,19,5,49273.19
TXN000609,C1370,3344.98,Wallet,2026-01-15 11:19:27.596759,Success,,80,6,0,6,45633.31
TXN000610,C0741,16121.38,UPI,2026-01-15 11:53:44.122412,Success,,492,28,1,27,135543.67
TXN000611,C1498,5009.86,Credit Card,2026-01-15 12:28:00.648064,Success,,623,2,2,0,18053.7
TXN000612,C0117,2530.49,Debit Card,2026-01-15 13:02:17.173717,Success,,54,6,4,2,140062.36
TXN000613,C1854,4254.53,UPI,2026-01-15 13:36:33.699369,Success,,665,7,1,6,117033.32
TXN000614,C0791,23100.91,UPI,2026-01-15 14:10:50.225022,Failed,Technical Error,644,11,2,9,58930.64
TXN000615,C1151,20554.63,Debit Card,2026-01-15 14:45:06.750675,Success,,794,6,1,5,12990.37
TXN000616,C1417,8916.21,Debit Card,2026-01-15 15:19:23.276327,Success,,751,23,2,21,3366.59
TXN000617,C1932,16429.94,Wallet,2026-01-15 15:53:39.801980,Success,,551,15,3,12,56686.76
TXN000618,C1013,13478.16,UPI,2026-01-15 16:27:56.327632,Success,,814,29,9,20,105950.36
TXN000619,C1665,16960.39,Credit Card,2026-01-15 17:02:12.853285,Success,,795,24,9,15,73385.62
TXN000620,C1082,17098.51,UPI,2026-01-15 17:36:29.378937,Success,,213,16,7,9,110928.46
TXN000621,C0634,15755.48,UPI,2026-01-15 18:10:45.904590,Success,,485,25,8,17,100750.34
TXN000622,C0513,6725.92,Debit Card,2026-01-15 18:45:02.430243,Success,,249,21,1,20,86149.62
TXN000623,C1775,1071.26,UPI,2026-01-15 19:19:18.955895,Success,,788,3,3,0,145141.11
TXN000624,C0802,11443.61,UPI,2026-01-15 19:53:35.481548,Failed,Network Error,581,16,2,14,109393.47
TXN000625,C1120,22285.25,UPI,2026-01-15 20:27:52.007200,Success,,452,17,15,2,137234.71
TXN000626,C1662,14280.48,Debit Card,2026-01-15 21:02:08.532853,Failed,Card Declined,756,25,3,22,36703.0
TXN000627,C1142,20826.54,Net Banking,2026-01-15 21:36:25.058505,Success,,256,3,2,1,107189.12
TXN000628,C0560,24791.45,Debit Card,2026-01-15 22:10:41.584158,Success,,463,16,5,11,89871.53
TXN000629,C1625,4174.04,Credit Card,2026-01-15 22:44:58.109810,Success,,163,14,12,2,138682.27
TXN000630,C0488,17325.26,Debit Card,2026-01-15 23:19:14.635463,Success,,601,21,5,16,76812.73
TXN000631,C1261,16889.91,Credit Card,2026-01-15 23:53:31.161116,Success,,559,16,9,7,42306.39
TXN000632,C1909,24500.89,UPI,2026-01-16 00:27:47.686768,Failed,Insufficient Balance,658,12,6,6,58033.42
TXN000633,C0897,24641.46,UPI,2026-01-16 01:02:04.212421,Abandoned,Checkout Abandoned,475,24,16,8,33215.06
TXN000634,C1296,17198.3,UPI,2026-01-16 01:36:20.738073,Success,,234,25,7,18,33385.96
TXN000635,C1213,6166.01,Credit Card,2026-01-16 02:10:37.263726,Failed,Insufficient Balance,251,2,0,2,70828.03
TXN000636,C0704,19984.04,Net Banking,2026-01-16 02:44:53.789378,Success,,732,11,1,10,133939.04
TXN000637,C1471,2765.03,UPI,2026-01-16 03:19:10.315031,Abandoned,Checkout Abandoned,567,26,16,10,29184.47
TXN000638,C0581,19539.41,UPI,2026-01-16 03:53:26.840684,Success,,693,16,10,6,43536.57
TXN000639,C0790,22763.88,Net Banking,2026-01-16 04:27:43.366336,Failed,Technical Error,563,21,17,4,128021.73
TXN000640,C0861,9632.55,Net Banking,2026-01-16 05:01:59.891989,Success,,466,21,21,0,51218.81
TXN000641,C0247,15802.82,Debit Card,2026-01-16 05:36:16.417641,Failed,Network Error,501,6,2,4,144380.8
TXN000642,C1987,10810.55,UPI,2026-01-16 06:10:32.943294,Success,,462,6,0,6,40703.58
TXN000643,C1100,11000.35,UPI,2026-01-16 06:44:49.468946,Success,,544,25,7,18,66600.44
TXN000644,C0154,7828.24,UPI,2026-01-16 07:19:05.994599,Success,,508,10,6,4,14793.69
TXN000645,C1680,19077.03,UPI,2026-01-16 07:53:22.520252,Failed,Bank Timeout,883,15,10,5,148830.28
TXN000646,C1459,23410.8,UPI,2026-01-16 08:27:39.045904,Success,,811,3,2,1,133576.24
TXN000647,C0997,23524.7,Credit Card,2026-01-16 09:01:55.571557,Success,,751,15,6,9,122725.56
TXN000648,C1110,4452.05,UPI,2026-01-16 09:36:12.097209,Success,,718,4,4,0,24022.7
TXN000649,C0697,21881.12,UPI,2026-01-16 10:10:28.622862,Failed,Bank Timeout,202,18,7,11,145419.03
TXN000650,C1309,18462.04,UPI,2026-01-16 10:44:45.148514,Success,,163,21,19,2,139408.12
TXN000651,C1998,6395.65,Credit Card,2026-01-16 11:19:01.674167,Success,,475,28,4,24,65632.88
TXN000652,C1244,1775.39,Credit Card,2026-01-16 11:53:18.199819,Abandoned,Checkout Abandoned,576,13,2,11,102404.74
TXN000653,C1093,6773.13,Credit Card,2026-01-16 12:27:34.725472,Success,,776,30,18,12,148872.53
TXN000654,C1071,22813.99,UPI,2026-01-16 13:01:51.251125,Success,,24,6,1,5,61756.91
TXN000655,C1009,15866.15,UPI,2026-01-16 13:36:07.776777,Success,,459,8,4,4,17400.33
TXN000656,C0094,18054.26,UPI,2026-01-16 14:10:24.302430,Failed,Bank Timeout,702,24,1,23,130232.97
TXN000657,C1774,6503.09,UPI,2026-01-16 14:44:40.828082,Success,,88,27,9,18,71734.53
TXN000658,C0958,18012.77,Net Banking,2026-01-16 15:18:57.353735,Success,,20,12,3,9,148051.93
TXN000659,C1012,800.23,Wallet,2026-01-16 15:53:13.879387,Failed,Insufficient Balance,579,15,9,6,82858.48
TXN000660,C0453,9445.5,Credit Card,2026-01-16 16:27:30.405040,Success,,248,20,16,4,4906.9
TXN000661,C1228,15706.16,Net Banking,2026-01-16 17:01:46.930693,Failed,Insufficient Balance,819,3,1,2,74013.18
TXN000662,C0912,3737.8,Credit Card,2026-01-16 17:36:03.456345,Success,,858,6,2,4,107850.29
TXN000663,C0218,20592.79,UPI,2026-01-16 18:10:19.981998,Success,,206,29,0,29,4391.49
TXN000664,C0474,5952.28,Wallet,2026-01-16 18:44:36.507650,Success,,170,2,1,1,62310.58
TXN000665,C0432,16341.8,UPI,2026-01-16 19:18:53.033303,Success,,508,19,3,16,23756.25
TXN000666,C0341,10189.41,Debit Card,2026-01-16 19:53:09.558955,Success,,181,14,0,14,96642.97
TXN000667,C0551,14941.49,UPI,2026-01-16 20:27:26.084608,Success,,866,24,21,3,143623.2
TXN000668,C1636,2775.52,UPI,2026-01-16 21:01:42.610261,Abandoned,Checkout Abandoned,144,20,16,4,93875.44
TXN000669,C1313,521.13,Credit Card,2026-01-16 21:35:59.135913,Success,,235,25,2,23,104384.22
TXN000670,C1278,22748.15,UPI,2026-01-16 22:10:15.661566,Failed,Network Error,894,13,1,12,59786.15
TXN000671,C1758,6813.79,UPI,2026-01-16 22:44:32.187218,Success,,829,6,1,5,84689.56
TXN000672,C0357,20509.96,UPI,2026-01-16 23:18:48.712871,Success,,278,17,3,14,81806.73
TXN000673,C0023,24983.82,UPI,2026-01-16 23:53:05.238523,Failed,Technical Error,41,24,24,0,114061.15
TXN000674,C1786,5364.64,Wallet,2026-01-17 00:27:21.764176,Success,,304,4,2,2,128608.29
TXN000675,C0522,6702.75,Debit Card,2026-01-17 01:01:38.289828,Failed,Bank Timeout,599,20,11,9,99601.45
TXN000676,C1782,16605.21,Credit Card,2026-01-17 01:35:54.815481,Success,,328,19,15,4,146981.42
TXN000677,C1861,24139.67,UPI,2026-01-17 02:10:11.341134,Success,,541,7,3,4,124329.11
TXN000678,C1124,22903.78,Net Banking,2026-01-17 02:44:27.866786,Success,,537,26,10,16,19134.69
TXN000679,C0802,12621.6,UPI,2026-01-17 03:18:44.392439,Success,,167,19,9,10,76367.57
TXN000680,C1204,19898.25,UPI,2026-01-17 03:53:00.918091,Success,,114,17,9,8,135533.79
TXN000681,C1247,3480.07,UPI,2026-01-17 04:27:17.443744,Failed,Network Error,735,20,20,0,141618.26
TXN000682,C1930,24438.21,Net Banking,2026-01-17 05:01:33.969396,Success,,366,18,2,16,57340.79
TXN000683,C0762,24112.4,UPI,2026-01-17 05:35:50.495049,Success,,595,19,5,14,108992.76
TXN000684,C1683,4176.85,UPI,2026-01-17 06:10:07.020702,Failed,Network Error,593,2,1,1,61876.55
TXN000685,C0442,7555.64,Credit Card,2026-01-17 06:44:23.546354,Failed,Technical Error,742,22,11,11,18987.13
TXN000686,C1632,2593.86,UPI,2026-01-17 07:18:40.072007,Success,,343,29,7,22,132749.39
TXN000687,C0769,6865.77,Credit Card,2026-01-17 07:52:56.597659,Success,,724,5,1,4,139826.99
TXN000688,C1016,20417.3,Credit Card,2026-01-17 08:27:13.123312,Success,,746,17,8,9,75960.2
TXN000689,C1349,9520.06,UPI,2026-01-17 09:01:29.648964,Success,,371,26,13,13,3236.96
TXN000690,C0516,2301.08,UPI,2026-01-17 09:35:46.174617,Success,,58,14,0,14,122497.42
TXN000691,C1040,8621.42,UPI,2026-01-17 10:10:02.700270,Abandoned,Checkout Abandoned,622,13,2,11,71805.57
TXN000692,C0792,24536.45,Net Banking,2026-01-17 10:44:19.225922,Success,,385,23,19,4,11716.74
TXN000693,C0336,15779.12,Net Banking,2026-01-17 11:18:35.751575,Success,,499,20,5,15,28814.03
TXN000694,C1783,10462.41,UPI,2026-01-17 11:52:52.277227,Failed,Network Error,750,21,19,2,23241.84
TXN000695,C0258,4246.81,UPI,2026-01-17 12:27:08.802880,Success,,142,7,4,3,103098.69
TXN000696,C0497,24655.8,UPI,2026-01-17 13:01:25.328532,Failed,Technical Error,882,10,10,0,45261.72
TXN000697,C0896,20539.14,Credit Card,2026-01-17 13:35:41.854185,Success,,308,10,1,9,19589.73
TXN000698,C0160,7108.78,Debit Card,2026-01-17 14:09:58.379837,Success,,568,11,2,9,137688.5
TXN000699,C1499,1844.71,UPI,2026-01-17 14:44:14.905490,Failed,Card Declined,708,15,2,13,143501.39
TXN000700,C0852,1509.98,Debit Card,2026-01-17 15:18:31.431143,Success,,206,6,5,1,21217.09
TXN000701,C1688,3097.42,Debit Card,2026-01-17 15:52:47.956795,Success,,776,30,14,16,34920.26
TXN000702,C1932,14561.14,Wallet,2026-01-17 16:27:04.482448,Success,,28,26,20,6,89022.05
TXN000703,C0690,23226.21,UPI,2026-01-17 17:01:21.008100,Failed,Technical Error,382,2,1,1,23000.92
TXN000704,C1699,12468.91,UPI,2026-01-17 17:35:37.533753,Success,,833,1,0,1,24209.46
TXN000705,C0380,21089.34,UPI,2026-01-17 18:09:54.059405,Success,,163,2,1,1,50818.12
TXN000706,C1569,11202.58,Net Banking,2026-01-17 18:44:10.585058,Success,,203,30,10,20,142400.96
TXN000707,C1953,17743.73,Debit Card,2026-01-17 19:18:27.110711,Success,,407,7,3,4,144385.11
TXN000708,C0957,18323.63,Credit Card,2026-01-17 19:52:43.636363,Success,,445,19,12,7,126347.34
TXN000709,C0691,4431.7,UPI,2026-01-17 20:27:00.162016,Success,,613,7,7,0,104509.08
TXN000710,C1451,9094.28,UPI,2026-01-17 21:01:16.687668,Success,,397,30,12,18,108240.67
TXN000711,C1637,15968.82,UPI,2026-01-17 21:35:33.213321,Success,,652,3,3,0,70701.14
TXN000712,C1292,1860.35,Credit Card,2026-01-17 22:09:49.738973,Failed,Bank Timeout,344,30,8,22,79758.12
TXN000713,C1859,9102.35,UPI,2026-01-17 22:44:06.264626,Success,,415,22,22,0,95350.67
TXN000714,C1601,13416.51,UPI,2026-01-17 23:18:22.790279,Success,,377,12,12,0,109827.35
TXN000715,C1441,24905.99,Debit Card,2026-01-17 23:52:39.315931,Success,,499,21,12,9,14978.5
TXN000716,C1192,11915.89,UPI,2026-01-18 00:26:55.841584,Success,,571,25,7,18,34120.61
TXN000717,C1866,20419.81,Credit Card,2026-01-18 01:01:12.367236,Abandoned,Checkout Abandoned,457,16,10,6,144460.01
TXN000718,C1067,10858.48,UPI,2026-01-18 01:35:28.892889,Success,,747,28,18,10,50603.77
TXN000719,C1580,19930.13,Net Banking,2026-01-18 02:09:45.418541,Success,,787,26,0,26,40636.89
TXN000720,C0285,14925.83,Credit Card,2026-01-18 02:44:01.944194,Success,,518,23,8,15,63575.74
TXN000721,C0397,22176.23,Net Banking,2026-01-18 03:18:18.469846,Failed,Bank Timeout,705,21,1,20,43992.65
TXN000722,C0012,10332.47,Credit Card,2026-01-18 03:52:34.995499,Success,,875,17,3,14,14131.44
TXN000723,C1631,15147.18,Wallet,2026-01-18 04:26:51.521152,Success,,537,4,4,0,31590.19
TXN000724,C1326,15787.47,Net Banking,2026-01-18 05:01:08.046804,Success,,814,11,3,8,96203.89
TXN000725,C1922,10492.84,Credit Card,2026-01-18 05:35:24.572457,Failed,Technical Error,109,1,1,0,33865.79
TXN000726,C1277,3693.37,Wallet,2026-01-18 06:09:41.098109,Success,,506,9,0,9,97326.25
TXN000727,C0499,2429.63,UPI,2026-01-18 06:43:57.623762,Abandoned,Checkout Abandoned,502,6,3,3,15462.09
TXN000728,C0754,515.12,UPI,2026-01-18 07:18:14.149414,Success,,448,14,1,13,6760.51
TXN000729,C0035,21851.0,UPI,2026-01-18 07:52:30.675067,Success,,287,26,13,13,129304.37
TXN000730,C0727,5988.23,Credit Card,2026-01-18 08:26:47.200720,Failed,Card Declined,387,25,12,13,114123.92
TXN000731,C0849,5366.52,Debit Card,2026-01-18 09:01:03.726372,Success,,297,21,7,14,100071.14
TXN000732,C0090,18427.28,Debit Card,2026-01-18 09:35:20.252025,Success,,437,6,5,1,5119.44
TXN000733,C0776,8068.4,UPI,2026-01-18 10:09:36.777677,Abandoned,Checkout Abandoned,602,14,0,14,36283.41
TXN000734,C0605,12700.51,UPI,2026-01-18 10:43:53.303330,Success,,338,15,6,9,121940.99
TXN000735,C1946,4146.53,UPI,2026-01-18 11:18:09.828982,Success,,773,21,10,11,22127.82
TXN000736,C0970,23997.67,Debit Card,2026-01-18 11:52:26.354635,Success,,701,25,14,11,122021.59
TXN000737,C1626,21304.38,UPI,2026-01-18 12:26:42.880288,Success,,42,0,0,0,87842.92
TXN000738,C1022,21608.36,Net Banking,2026-01-18 13:00:59.405940,Failed,Card Declined,129,14,6,8,111185.07
TXN000739,C0418,10228.67,UPI,2026-01-18 13:35:15.931593,Success,,106,2,1,1,96853.81
TXN000740,C0115,19082.79,UPI,2026-01-18 14:09:32.457245,Success,,395,30,28,2,62839.94
TXN000741,C0617,3682.52,Net Banking,2026-01-18 14:43:48.982898,Success,,23,9,7,2,44150.61
TXN000742,C1927,314.61,Credit Card,2026-01-18 15:18:05.508550,Success,,622,15,10,5,101073.01
TXN000743,C1220,597.33,UPI,2026-01-18 15:52:22.034203,Abandoned,Checkout Abandoned,326,1,1,0,121133.48
TXN000744,C0826,14706.38,Credit Card,2026-01-18 16:26:38.559855,Failed,Bank Timeout,746,16,1,15,7187.53
TXN000745,C1525,11439.33,UPI,2026-01-18 17:00:55.085508,Success,,330,0,0,0,57296.39
TXN000746,C1650,12998.58,Wallet,2026-01-18 17:35:11.611161,Success,,760,3,3,0,52934.1
TXN000747,C1517,285.83,Credit Card,2026-01-18 18:09:28.136813,Abandoned,Checkout Abandoned,95,10,10,0,84140.89
TXN000748,C1099,10624.9,UPI,2026-01-18 18:43:44.662466,Success,,551,16,13,3,17531.8
TXN000749,C0413,17979.9,Credit Card,2026-01-18 19:18:01.188118,Success,,292,1,1,0,140046.2
TXN000750,C1400,11123.07,UPI,2026-01-18 19:52:17.713771,Success,,73,0,0,0,82502.29
TXN000751,C1444,18332.26,Debit Card,2026-01-18 20:26:34.239423,Success,,810,28,12,16,138601.04
TXN000752,C0729,5902.17,Wallet,2026-01-18 21:00:50.765076,Failed,Card Declined,830,27,7,20,122632.67
TXN000753,C1301,20347.24,Net Banking,2026-01-18 21:35:07.290729,Success,,89,27,11,16,29150.01
TXN000754,C1021,14751.94,UPI,2026-01-18 22:09:23.816381,Abandoned,Checkout Abandoned,403,5,4,1,20284.68
TXN000755,C0761,5348.0,UPI,2026-01-18 22:43:40.342034,Success,,676,10,5,5,129256.91
TXN000756,C0676,5994.34,UPI,2026-01-18 23:17:56.867686,Success,,686,3,0,3,80646.98
TXN000757,C1418,15737.96,Debit Card,2026-01-18 23:52:13.393339,Abandoned,Checkout Abandoned,359,23,9,14,3451.54
TXN000758,C1893,20765.5,Credit Card,2026-01-19 00:26:29.918991,Failed,Network Error,887,10,10,0,140166.9
TXN000759,C0457,10449.13,Credit Card,2026-01-19 01:00:46.444644,Failed,Insufficient Balance,820,4,2,2,71217.75
TXN000760,C0920,6531.68,Net Banking,2026-01-19 01:35:02.970297,Success,,220,29,15,14,45489.98
TXN000761,C0192,21688.59,UPI,2026-01-19 02:09:19.495949,Failed,Network Error,412,9,1,8,77731.38
TXN000762,C0739,16764.78,UPI,2026-01-19 02:43:36.021602,Success,,380,4,4,0,123526.3
TXN000763,C1713,11257.33,UPI,2026-01-19 03:17:52.547254,Success,,108,26,8,18,16988.76
TXN000764,C1123,12248.71,UPI,2026-01-19 03:52:09.072907,Success,,276,26,2,24,54160.47
TXN000765,C1572,5185.99,UPI,2026-01-19 04:26:25.598559,Success,,61,23,21,2,48170.57
TXN000766,C0978,15707.39,Credit Card,2026-01-19 05:00:42.124212,Failed,Bank Timeout,647,26,3,23,126027.6
TXN000767,C1009,9032.69,UPI,2026-01-19 05:34:58.649864,Success,,131,25,19,6,116880.86
TXN000768,C0096,24891.56,UPI,2026-01-19 06:09:15.175517,Success,,41,21,18,3,60315.55
TXN000769,C1688,12056.57,Debit Card,2026-01-19 06:43:31.701170,Success,,345,21,9,12,99841.0
TXN000770,C0663,12198.55,UPI,2026-01-19 07:17:48.226822,Success,,806,2,0,2,59469.6
TXN000771,C1214,14189.71,Debit Card,2026-01-19 07:52:04.752475,Success,,477,28,0,28,85911.42
TXN000772,C1760,22927.22,UPI,2026-01-19 08:26:21.278127,Success,,301,5,3,2,148686.69
TXN000773,C0037,20040.37,Credit Card,2026-01-19 09:00:37.803780,Success,,440,25,10,15,80568.38
TXN000774,C1804,11333.14,Wallet,2026-01-19 09:34:54.329432,Success,,609,12,7,5,148291.92
TXN000775,C1393,17995.61,UPI,2026-01-19 10:09:10.855085,Abandoned,Checkout Abandoned,180,15,4,11,112206.27
TXN000776,C1719,14697.26,Credit Card,2026-01-19 10:43:27.380738,Success,,377,6,1,5,18547.98
TXN000777,C1549,12359.94,Net Banking,2026-01-19 11:17:43.906390,Success,,317,17,16,1,119496.94
TXN000778,C0279,4888.66,Credit Card,2026-01-19 11:52:00.432043,Failed,Card Declined,830,2,0,2,24612.2
TXN000779,C0217,11652.01,UPI,2026-01-19 12:26:16.957695,Success,,77,5,3,2,80083.13
TXN000780,C0867,6220.88,UPI,2026-01-19 13:00:33.483348,Abandoned,Checkout Abandoned,142,9,3,6,92180.16
TXN000781,C0873,22879.57,Debit Card,2026-01-19 13:34:50.009000,Success,,92,15,5,10,133888.45
TXN000782,C1822,8451.63,Net Banking,2026-01-19 14:09:06.534653,Failed,Technical Error,185,24,10,14,31958.42
TXN000783,C1297,23811.37,UPI,2026-01-19 14:43:23.060306,Success,,892,12,6,6,131453.34
TXN000784,C1905,13373.08,UPI,2026-01-19 15:17:39.585958,Success,,121,24,0,24,140206.82
TXN000785,C0062,15825.46,UPI,2026-01-19 15:51:56.111611,Success,,778,23,9,14,13878.36
TXN000786,C0596,13619.22,UPI,2026-01-19 16:26:12.637263,Success,,364,23,17,6,132850.13
TXN000787,C1904,3321.58,UPI,2026-01-19 17:00:29.162916,Failed,Insufficient Balance,779,8,2,6,39247.42
TXN000788,C0729,9457.95,UPI,2026-01-19 17:34:45.688568,Success,,200,26,24,2,12609.64
TXN000789,C1366,2568.74,UPI,2026-01-19 18:09:02.214221,Success,,580,30,3,27,143806.87
TXN000790,C0397,15611.56,UPI,2026-01-19 18:43:18.739873,Success,,271,15,5,10,59134.42
TXN000791,C0699,11227.17,Wallet,2026-01-19 19:17:35.265526,Failed,Technical Error,625,10,1,9,93636.03
TXN000792,C1043,19471.83,UPI,2026-01-19 19:51:51.791179,Failed,Bank Timeout,751,8,1,7,83154.53
TXN000793,C0177,5589.71,UPI,2026-01-19 20:26:08.316831,Success,,733,9,1,8,32370.7
TXN000794,C1636,4197.69,UPI,2026-01-19 21:00:24.842484,Success,,348,10,10,0,100600.08
TXN000795,C0396,10217.67,Wallet,2026-01-19 21:34:41.368136,Success,,697,28,4,24,7394.19
TXN000796,C0445,23171.98,Debit Card,2026-01-19 22:08:57.893789,Success,,429,24,24,0,30862.69
TXN000797,C1257,17789.5,Debit Card,2026-01-19 22:43:14.419441,Success,,57,20,13,7,141727.23
TXN000798,C1939,10531.2,UPI,2026-01-19 23:17:30.945094,Success,,129,30,21,9,143049.37
TXN000799,C0076,12980.08,Net Banking,2026-01-19 23:51:47.470747,Abandoned,Checkout Abandoned,865,21,15,6,72656.95
TXN000800,C0265,2196.9,UPI,2026-01-20 00:26:03.996399,Failed,Card Declined,393,14,13,1,25776.22
TXN000801,C0455,24615.94,UPI,2026-01-20 01:00:20.522052,Success,,338,20,8,12,63532.2
TXN000802,C1820,16693.54,Credit Card,2026-01-20 01:34:37.047704,Success,,553,12,5,7,131622.09
TXN000803,C0718,7206.56,Net Banking,2026-01-20 02:08:53.573357,Abandoned,Checkout Abandoned,881,16,8,8,11005.97
TXN000804,C0735,14686.63,Debit Card,2026-01-20 02:43:10.099009,Success,,774,3,0,3,19616.35
TXN000805,C1408,2826.11,Net Banking,2026-01-20 03:17:26.624662,Success,,782,30,4,26,134400.1
TXN000806,C1588,24149.33,Wallet,2026-01-20 03:51:43.150315,Abandoned,Checkout Abandoned,94,29,10,19,62599.82
TXN000807,C0851,4452.15,UPI,2026-01-20 04:25:59.675967,Success,,26,10,0,10,12977.06
TXN000808,C1530,16235.95,UPI,2026-01-20 05:00:16.201620,Success,,545,28,5,23,21311.76
TXN000809,C1391,6211.82,UPI,2026-01-20 05:34:32.727272,Success,,393,0,0,0,132426.0
TXN000810,C0144,17967.28,Net Banking,2026-01-20 06:08:49.252925,Success,,868,27,19,8,73770.45
TXN000811,C0885,19442.85,UPI,2026-01-20 06:43:05.778577,Success,,633,0,0,0,24867.65
TXN000812,C1093,16868.15,Net Banking,2026-01-20 07:17:22.304230,Success,,91,2,0,2,134161.93
TXN000813,C1123,15401.04,UPI,2026-01-20 07:51:38.829882,Success,,863,22,5,17,126869.19
TXN000814,C0396,22322.48,UPI,2026-01-20 08:25:55.355535,Abandoned,Checkout Abandoned,527,14,14,0,3941.99
TXN000815,C1049,2057.81,UPI,2026-01-20 09:00:11.881188,Success,,805,0,0,0,87358.02
TXN000816,C0948,8339.78,UPI,2026-01-20 09:34:28.406840,Success,,115,22,16,6,37028.33
TXN000817,C0891,6282.36,Net Banking,2026-01-20 10:08:44.932493,Success,,669,25,21,4,80203.8
TXN000818,C1493,24701.55,UPI,2026-01-20 10:43:01.458145,Success,,898,29,2,27,42250.62
TXN000819,C1508,9795.81,UPI,2026-01-20 11:17:17.983798,Failed,Technical Error,729,25,18,7,47723.5
TXN000820,C1589,18342.06,UPI,2026-01-20 11:51:34.509450,Success,,156,30,22,8,90476.95
TXN000821,C1175,17149.66,UPI,2026-01-20 12:25:51.035103,Success,,17,28,1,27,81059.45
TXN000822,C1168,5380.82,UPI,2026-01-20 13:00:07.560756,Success,,283,15,8,7,59581.26
TXN000823,C0569,6051.04,UPI,2026-01-20 13:34:24.086408,Success,,814,16,8,8,16581.41
TXN000824,C1063,7103.99,Net Banking,2026-01-20 14:08:40.612061,Success,,710,8,6,2,145428.87
TXN000825,C0109,10337.07,UPI,2026-01-20 14:42:57.137713,Success,,694,4,0,4,26603.53
TXN000826,C1717,5934.69,UPI,2026-01-20 15:17:13.663366,Success,,520,28,15,13,95151.03
TXN000827,C1066,589.32,Credit Card,2026-01-20 15:51:30.189018,Abandoned,Checkout Abandoned,744,30,26,4,12870.34
TXN000828,C1210,21996.89,UPI,2026-01-20 16:25:46.714671,Failed,Technical Error,47,5,5,0,103402.77
TXN000829,C0935,24143.68,UPI,2026-01-20 17:00:03.240324,Failed,Insufficient Balance,523,14,8,6,14678.55
TXN000830,C0398,8605.1,Credit Card,2026-01-20 17:34:19.765976,Failed,Insufficient Balance,233,27,25,2,34811.5
TXN000831,C1247,8528.82,UPI,2026-01-20 18:08:36.291629,Failed,Card Declined,580,8,1,7,97224.29
TXN000832,C0634,276.59,Debit Card,2026-01-20 18:42:52.817281,Abandoned,Checkout Abandoned,596,26,13,13,42798.81
TXN000833,C1157,17038.24,Credit Card,2026-01-20 19:17:09.342934,Success,,142,2,0,2,80161.2
TXN000834,C1187,20653.45,Debit Card,2026-01-20 19:51:25.868586,Success,,371,18,10,8,19113.56
TXN000835,C1239,3750.55,Wallet,2026-01-20 20:25:42.394239,Failed,Insufficient Balance,230,20,14,6,30758.88
TXN000836,C0733,4075.69,UPI,2026-01-20 20:59:58.919891,Success,,733,12,5,7,110199.5
TXN000837,C0235,19773.07,UPI,2026-01-20 21:34:15.445544,Success,,669,12,11,1,5753.26
TXN000838,C1867,15445.64,UPI,2026-01-20 22:08:31.971197,Success,,91,22,5,17,17214.13
TXN000839,C0658,1217.03,UPI,2026-01-20 22:42:48.496849,Success,,405,2,2,0,32635.92
TXN000840,C0751,15601.42,Net Banking,2026-01-20 23:17:05.022502,Success,,194,19,19,0,3518.49
TXN000841,C0588,7792.05,Debit Card,2026-01-20 23:51:21.548154,Success,,890,13,12,1,14759.12
TXN000842,C1033,9281.26,Credit Card,2026-01-21 00:25:38.073807,Success,,858,1,1,0,42568.03
TXN000843,C1098,19266.31,Credit Card,2026-01-21 00:59:54.599459,Failed,Technical Error,589,24,4,20,14391.16
TXN000844,C0954,20292.29,UPI,2026-01-21 01:34:11.125112,Failed,Technical Error,796,9,5,4,129984.85
TXN000845,C0492,10068.88,Credit Card,2026-01-21 02:08:27.650765,Failed,Bank Timeout,258,8,7,1,10378.03
TXN000846,C0913,23684.11,Debit Card,2026-01-21 02:42:44.176417,Failed,Technical Error,774,12,11,1,129217.06
TXN000847,C1277,10220.92,Credit Card,2026-01-21 03:17:00.702070,Success,,608,10,9,1,123517.58
TXN000848,C1254,19318.72,UPI,2026-01-21 03:51:17.227722,Success,,292,1,0,1,15563.86
TXN000849,C1543,12148.54,Debit Card,2026-01-21 04:25:33.753375,Success,,637,15,7,8,4266.1
TXN000850,C1198,22448.55,UPI,2026-01-21 04:59:50.279027,Abandoned,Checkout Abandoned,446,4,1,3,7973.81
TXN000851,C1677,22703.25,Credit Card,2026-01-21 05:34:06.804680,Success,,691,0,0,0,88761.52
TXN000852,C1192,2276.68,Credit Card,2026-01-21 06:08:23.330333,Failed,Card Declined,261,7,2,5,100717.87
TXN000853,C0170,23418.68,UPI,2026-01-21 06:42:39.855985,Success,,381,21,6,15,93287.68
TXN000854,C1417,20655.82,Debit Card,2026-01-21 07:16:56.381638,Abandoned,Checkout Abandoned,310,15,3,12,81450.79
TXN000855,C0946,19803.64,Net Banking,2026-01-21 07:51:12.907290,Success,,343,13,7,6,26615.27
TXN000856,C0795,5102.69,UPI,2026-01-21 08:25:29.432943,Failed,Network Error,333,25,21,4,126222.61
TXN000857,C0634,20147.47,Wallet,2026-01-21 08:59:45.958595,Success,,717,25,20,5,49469.46
TXN000858,C1218,21268.31,Credit Card,2026-01-21 09:34:02.484248,Success,,864,1,1,0,147933.64
TXN000859,C1541,7299.84,Debit Card,2026-01-21 10:08:19.009900,Success,,45,17,9,8,58036.24
TXN000860,C0029,23811.28,Net Banking,2026-01-21 10:42:35.535553,Abandoned,Checkout Abandoned,468,25,25,0,39819.22
TXN000861,C1189,1341.52,Credit Card,2026-01-21 11:16:52.061206,Success,,239,20,20,0,134190.5
TXN000862,C1446,3832.74,Net Banking,2026-01-21 11:51:08.586858,Abandoned,Checkout Abandoned,654,6,3,3,85328.42
TXN000863,C0339,13485.77,UPI,2026-01-21 12:25:25.112511,Failed,Bank Timeout,292,24,18,6,108416.64
TXN000864,C1672,14437.23,UPI,2026-01-21 12:59:41.638163,Failed,Bank Timeout,174,24,2,22,61555.62
TXN000865,C1520,16164.24,Debit Card,2026-01-21 13:33:58.163816,Success,,548,11,2,9,133093.87
TXN000866,C1389,522.53,Net Banking,2026-01-21 14:08:14.689468,Success,,616,30,22,8,137699.92
TXN000867,C1857,24013.13,Net Banking,2026-01-21 14:42:31.215121,Success,,341,14,7,7,65796.96
TXN000868,C1366,1210.24,Credit Card,2026-01-21 15:16:47.740774,Abandoned,Checkout Abandoned,184,26,12,14,36488.21
TXN000869,C0500,3662.24,Credit Card,2026-01-21 15:51:04.266426,Abandoned,Checkout Abandoned,85,21,7,14,97326.87
TXN000870,C1681,448.96,UPI,2026-01-21 16:25:20.792079,Failed,Card Declined,449,1,1,0,143210.36
TXN000871,C0511,14214.77,Wallet,2026-01-21 16:59:37.317731,Success,,137,21,18,3,93555.75
TXN000872,C1351,23313.45,UPI,2026-01-21 17:33:53.843384,Success,,521,16,3,13,143156.25
TXN000873,C0217,16682.08,Debit Card,2026-01-21 18:08:10.369036,Abandoned,Checkout Abandoned,767,26,12,14,51899.29
TXN000874,C1325,20584.17,Credit Card,2026-01-21 18:42:26.894689,Success,,407,10,9,1,137304.32
TXN000875,C1156,430.7,Credit Card,2026-01-21 19:16:43.420342,Failed,Card Declined,287,28,14,14,17328.74
TXN000876,C1828,13596.18,UPI,2026-01-21 19:50:59.945994,Success,,704,1,1,0,54145.75
TXN000877,C1094,11543.12,Wallet,2026-01-21 20:25:16.471647,Success,,340,27,21,6,74423.45
TXN000878,C1276,12524.3,Credit Card,2026-01-21 20:59:32.997299,Failed,Insufficient Balance,369,18,18,0,98140.0
TXN000879,C1439,1898.11,Wallet,2026-01-21 21:33:49.522952,Success,,573,4,4,0,44473.82
TXN000880,C1811,17142.44,UPI,2026-01-21 22:08:06.048604,Success,,880,25,7,18,138673.78
TXN000881,C0445,12630.19,Credit Card,2026-01-21 22:42:22.574257,Abandoned,Checkout Abandoned,449,16,8,8,135572.68
TXN000882,C0876,19152.21,Debit Card,2026-01-21 23:16:39.099909,Success,,111,15,12,3,120000.82
TXN000883,C1206,12183.74,Debit Card,2026-01-21 23:50:55.625562,Failed,Bank Timeout,386,27,6,21,17597.2
TXN000884,C0167,3819.6,Net Banking,2026-01-22 00:25:12.151215,Failed,Insufficient Balance,265,25,7,18,12204.5
TXN000885,C0091,16241.6,UPI,2026-01-22 00:59:28.676867,Success,,598,12,8,4,74970.65
TXN000886,C0714,4392.42,UPI,2026-01-22 01:33:45.202520,Success,,783,29,16,13,114918.89
TXN000887,C1882,21822.62,Credit Card,2026-01-22 02:08:01.728172,Success,,413,12,6,6,18923.77
TXN000888,C1555,15366.59,UPI,2026-01-22 02:42:18.253825,Success,,831,12,9,3,96394.9
TXN000889,C0039,4014.38,Wallet,2026-01-22 03:16:34.779477,Success,,11,4,2,2,79414.38
TXN000890,C1150,24062.22,UPI,2026-01-22 03:50:51.305130,Failed,Technical Error,724,4,0,4,109035.42
TXN000891,C1475,13007.3,Credit Card,2026-01-22 04:25:07.830783,Success,,849,19,11,8,65588.6
TXN000892,C0173,1915.17,UPI,2026-01-22 04:59:24.356435,Success,,679,18,14,4,104147.84
TXN000893,C0653,15708.14,Credit Card,2026-01-22 05:33:40.882088,Success,,868,6,1,5,24361.5
TXN000894,C0754,6404.65,UPI,2026-01-22 06:07:57.407740,Success,,137,10,10,0,32581.84
TXN000895,C1244,20111.97,UPI,2026-01-22 06:42:13.933393,Success,,141,22,17,5,135548.44
TXN000896,C1662,20463.77,UPI,2026-01-22 07:16:30.459045,Failed,Bank Timeout,464,0,0,0,49741.57
TXN000897,C1082,24475.79,UPI,2026-01-22 07:50:46.984698,Success,,353,6,3,3,147833.12
TXN000898,C1684,12596.55,Wallet,2026-01-22 08:25:03.510351,Success,,361,2,1,1,7407.59
TXN000899,C0476,11428.43,UPI,2026-01-22 08:59:20.036003,Success,,412,12,10,2,74633.43
TXN000900,C0456,18861.54,Credit Card,2026-01-22 09:33:36.561656,Success,,51,2,0,2,49085.58
TXN000901,C0829,3398.52,Wallet,2026-01-22 10:07:53.087308,Success,,364,30,12,18,149396.77
TXN000902,C0895,13718.2,Debit Card,2026-01-22 10:42:09.612961,Abandoned,Checkout Abandoned,691,5,1,4,148510.2
TXN000903,C1385,13701.57,Wallet,2026-01-22 11:16:26.138613,Success,,828,30,21,9,35668.87
TXN000904,C1959,2327.88,Wallet,2026-01-22 11:50:42.664266,Success,,268,21,6,15,40454.9
TXN000905,C1025,10507.8,Credit Card,2026-01-22 12:24:59.189918,Success,,219,26,10,16,112576.0
TXN000906,C0387,21346.79,Debit Card,2026-01-22 12:59:15.715571,Success,,46,28,3,25,133506.33
TXN000907,C1997,21418.23,UPI,2026-01-22 13:33:32.241224,Success,,31,14,3,11,99722.7
TXN000908,C0348,2571.02,UPI,2026-01-22 14:07:48.766876,Success,,170,3,0,3,129773.99
TXN000909,C0190,2358.95,Net Banking,2026-01-22 14:42:05.292529,Success,,751,4,0,4,9962.22
TXN000910,C0505,6641.12,Credit Card,2026-01-22 15:16:21.818181,Success,,368,2,0,2,96259.01
TXN000911,C1215,21881.67,Debit Card,2026-01-22 15:50:38.343834,Success,,363,18,0,18,105175.55
TXN000912,C1532,3309.67,Debit Card,2026-01-22 16:24:54.869486,Success,,442,24,15,9,28952.7
TXN000913,C1393,18027.92,UPI,2026-01-22 16:59:11.395139,Success,,864,20,4,16,116806.55
TXN000914,C1433,2619.02,Net Banking,2026-01-22 17:33:27.920792,Failed,Bank Timeout,447,15,4,11,141667.64
TXN000915,C0824,15616.13,Credit Card,2026-01-22 18:07:44.446444,Success,,839,16,6,10,134745.99
TXN000916,C0929,8966.08,UPI,2026-01-22 18:42:00.972097,Failed,Network Error,556,8,7,1,37122.63
TXN000917,C0934,19743.96,Net Banking,2026-01-22 19:16:17.497749,Success,,294,25,18,7,48936.9
TXN000918,C1141,5918.89,UPI,2026-01-22 19:50:34.023402,Success,,843,21,0,21,75191.9
TXN000919,C0134,16016.13,Debit Card,2026-01-22 20:24:50.549054,Success,,315,8,1,7,24175.0
TXN000920,C0058,5968.5,Credit Card,2026-01-22 20:59:07.074707,Failed,Bank Timeout,23,13,5,8,143116.0
TXN000921,C1580,17870.14,UPI,2026-01-22 21:33:23.600360,Success,,57,26,10,16,24658.7
TXN000922,C0685,21854.58,Net Banking,2026-01-22 22:07:40.126012,Success,,309,22,21,1,114332.73
TXN000923,C0672,3257.36,Credit Card,2026-01-22 22:41:56.651665,Success,,251,10,10,0,51543.51
TXN000924,C0173,21678.23,UPI,2026-01-22 23:16:13.177317,Success,,593,25,15,10,86271.26
TXN000925,C1853,14880.02,UPI,2026-01-22 23:50:29.702970,Success,,421,9,4,5,7552.49
TXN000926,C0815,3265.05,Net Banking,2026-01-23 00:24:46.228622,Success,,780,22,10,12,31149.27
TXN000927,C1173,10745.79,UPI,2026-01-23 00:59:02.754275,Success,,513,4,4,0,66936.49
TXN000928,C0080,4105.42,Net Banking,2026-01-23 01:33:19.279927,Success,,895,22,8,14,101740.09
TXN000929,C0886,17538.66,UPI,2026-01-23 02:07:35.805580,Success,,720,25,6,19,116745.51
TXN000930,C1237,18995.82,Credit Card,2026-01-23 02:41:52.331233,Success,,107,3,1,2,5006.01
TXN000931,C0203,2734.33,Wallet,2026-01-23 03:16:08.856885,Success,,825,10,10,0,23297.29
TXN000932,C0764,12702.88,UPI,2026-01-23 03:50:25.382538,Success,,135,26,22,4,109603.86
TXN000933,C1253,20384.16,Credit Card,2026-01-23 04:24:41.908190,Success,,169,5,2,3,122051.79
TXN000934,C1700,23410.46,Debit Card,2026-01-23 04:58:58.433843,Success,,274,1,0,1,35867.44
TXN000935,C1251,12886.59,Debit Card,2026-01-23 05:33:14.959495,Success,,256,29,6,23,34833.13
TXN000936,C1683,23761.95,Credit Card,2026-01-23 06:07:31.485148,Success,,194,25,15,10,13660.4
TXN000937,C1556,13438.66,Credit Card,2026-01-23 06:41:48.010801,Success,,476,2,2,0,22968.95
TXN000938,C1465,9915.34,Debit Card,2026-01-23 07:16:04.536453,Success,,311,17,15,2,1698.38
TXN000939,C1426,21220.26,Net Banking,2026-01-23 07:50:21.062106,Success,,579,28,7,21,88679.77
TXN000940,C0047,12375.27,Debit Card,2026-01-23 08:24:37.587758,Success,,705,25,25,0,135631.76
TXN000941,C1257,11850.37,UPI,2026-01-23 08:58:54.113411,Success,,792,17,9,8,22861.63
TXN000942,C1329,12308.78,Wallet,2026-01-23 09:33:10.639063,Success,,640,6,0,6,112840.83
TXN000943,C1550,21184.95,UPI,2026-01-23 10:07:27.164716,Abandoned,Checkout Abandoned,744,20,2,18,86261.97
TXN000944,C1167,20815.34,UPI,2026-01-23 10:41:43.690369,Success,,454,12,6,6,141018.32
TXN000945,C1439,10147.65,UPI,2026-01-23 11:16:00.216021,Success,,665,12,7,5,119819.32
TXN000946,C1537,8399.17,UPI,2026-01-23 11:50:16.741674,Success,,892,5,2,3,127982.99
TXN000947,C1397,12349.01,UPI,2026-01-23 12:24:33.267326,Success,,248,2,1,1,96051.75
TXN000948,C1590,14362.04,UPI,2026-01-23 12:58:49.792979,Abandoned,Checkout Abandoned,567,30,28,2,121794.75
TXN000949,C1910,6034.6,UPI,2026-01-23 13:33:06.318631,Failed,Technical Error,238,9,6,3,52954.99
TXN000950,C1283,19869.48,Debit Card,2026-01-23 14:07:22.844284,Failed,Insufficient Balance,336,20,3,17,31748.13
TXN000951,C0656,12213.42,UPI,2026-01-23 14:41:39.369936,Abandoned,Checkout Abandoned,300,4,3,1,136921.74
TXN000952,C0471,8417.73,UPI,2026-01-23 15:15:55.895589,Success,,75,10,6,4,110283.21
TXN000953,C1977,2759.84,UPI,2026-01-23 15:50:12.421242,Success,,322,3,2,1,14060.08
TXN000954,C0971,6047.24,UPI,2026-01-23 16:24:28.946894,Failed,Insufficient Balance,889,9,0,9,130102.97
TXN000955,C1036,23737.1,UPI,2026-01-23 16:58:45.472547,Success,,299,3,1,2,52661.14
TXN000956,C1354,7696.98,Credit Card,2026-01-23 17:33:01.998199,Abandoned,Checkout Abandoned,236,27,10,17,45092.53
TXN000957,C0736,4304.6,Wallet,2026-01-23 18:07:18.523852,Success,,808,12,10,2,93685.38
TXN000958,C0784,11570.75,Net Banking,2026-01-23 18:41:35.049504,Success,,533,7,0,7,85505.5
TXN000959,C0968,7746.48,Net Banking,2026-01-23 19:15:51.575157,Abandoned,Checkout Abandoned,184,5,0,5,80969.38
TXN000960,C0358,975.47,UPI,2026-01-23 19:50:08.100810,Success,,230,10,6,4,38604.14
TXN000961,C0972,8146.32,UPI,2026-01-23 20:24:24.626462,Failed,Network Error,74,1,0,1,143986.18
TXN000962,C1432,13648.3,UPI,2026-01-23 20:58:41.152115,Success,,650,17,17,0,142543.08
TXN000963,C0668,13837.64,Debit Card,2026-01-23 21:32:57.677767,Success,,856,17,12,5,1122.25
TXN000964,C0373,8978.32,UPI,2026-01-23 22:07:14.203420,Abandoned,Checkout Abandoned,771,21,9,12,51005.23
TXN000965,C1032,11237.84,Credit Card,2026-01-23 22:41:30.729072,Success,,716,11,2,9,7309.53
TXN000966,C1146,24141.4,UPI,2026-01-23 23:15:47.254725,Success,,279,16,3,13,127612.19
TXN000967,C1372,9495.98,UPI,2026-01-23 23:50:03.780378,Success,,191,18,14,4,133034.48
TXN000968,C0676,6529.85,Wallet,2026-01-24 00:24:20.306030,Failed,Technical Error,844,16,0,16,77985.59
TXN000969,C0090,6162.33,Debit Card,2026-01-24 00:58:36.831683,Failed,Insufficient Balance,349,3,2,1,126031.87
TXN000970,C1672,11498.34,Net Banking,2026-01-24 01:32:53.357335,Success,,315,28,1,27,105652.37
TXN000971,C0698,19012.05,Credit Card,2026-01-24 02:07:09.882988,Success,,896,16,9,7,75186.3
TXN000972,C1340,5229.11,Net Banking,2026-01-24 02:41:26.408640,Failed,Card Declined,621,15,13,2,54889.8
TXN000973,C1202,17761.47,Credit Card,2026-01-24 03:15:42.934293,Failed,Technical Error,868,8,1,7,40300.64
TXN000974,C0540,626.63,Wallet,2026-01-24 03:49:59.459945,Success,,762,10,3,7,39284.66
TXN000975,C0732,10531.43,UPI,2026-01-24 04:24:15.985598,Success,,125,11,5,6,84528.63
TXN000976,C0869,19419.04,Credit Card,2026-01-24 04:58:32.511251,Failed,Technical Error,685,10,9,1,25437.92
TXN000977,C0041,8534.45,Debit Card,2026-01-24 05:32:49.036903,Success,,760,12,9,3,26631.39
TXN000978,C0740,14137.05,UPI,2026-01-24 06:07:05.562556,Abandoned,Checkout Abandoned,20,21,20,1,2053.8
TXN000979,C1728,5203.98,Net Banking,2026-01-24 06:41:22.088208,Success,,176,29,3,26,92192.54
TXN000980,C1947,18575.69,Wallet,2026-01-24 07:15:38.613861,Success,,19,7,7,0,149154.46
TXN000981,C0502,1401.75,Credit Card,2026-01-24 07:49:55.139513,Success,,572,13,10,3,133438.3
TXN000982,C0959,21328.31,UPI,2026-01-24 08:24:11.665166,Abandoned,Checkout Abandoned,809,17,17,0,106000.63
TXN000983,C1169,5035.09,Credit Card,2026-01-24 08:58:28.190819,Success,,337,13,3,10,117936.03
TXN000984,C1225,21872.51,Net Banking,2026-01-24 09:32:44.716471,Success,,56,15,6,9,62819.48
TXN000985,C0929,8877.98,Credit Card,2026-01-24 10:07:01.242124,Success,,534,14,3,11,45062.89
TXN000986,C1748,18094.82,UPI,2026-01-24 10:41:17.767776,Failed,Network Error,387,21,14,7,55609.93
TXN000987,C0461,8048.71,Credit Card,2026-01-24 11:15:34.293429,Success,,844,19,17,2,12672.6
TXN000988,C0732,22657.2,UPI,2026-01-24 11:49:50.819081,Success,,830,6,0,6,95252.38
TXN000989,C0752,3253.26,Debit Card,2026-01-24 12:24:07.344734,Success,,830,7,3,4,26642.32
TXN000990,C0925,4545.14,UPI,2026-01-24 12:58:23.870387,Success,,408,29,28,1,114550.29
TXN000991,C0909,12376.45,Credit Card,2026-01-24 13:32:40.396039,Success,,446,5,0,5,28901.48
TXN000992,C1582,2140.27,Debit Card,2026-01-24 14:06:56.921692,Success,,130,28,2,26,34604.54
TXN000993,C1571,4979.91,UPI,2026-01-24 14:41:13.447344,Success,,819,12,12,0,143617.19
TXN000994,C1277,23599.78,UPI,2026-01-24 15:15:29.972997,Success,,806,16,6,10,16256.69
TXN000995,C0390,24414.59,UPI,2026-01-24 15:49:46.498649,Failed,Insufficient Balance,766,30,13,17,75076.96
TXN000996,C1618,9468.86,UPI,2026-01-24 16:24:03.024302,Abandoned,Checkout Abandoned,56,7,5,2,9871.63
TXN000997,C0883,23089.82,UPI,2026-01-24 16:58:19.549954,Success,,740,10,9,1,14013.45
TXN000998,C0256,13666.13,Wallet,2026-01-24 17:32:36.075607,Failed,Technical Error,807,16,5,11,95208.3
TXN000999,C0709,6816.59,Net Banking,2026-01-24 18:06:52.601260,Success,,644,8,3,5,94793.73
TXN001000,C1839,17589.73,Net Banking,2026-01-24 18:41:09.126912,Success,,535,1,1,0,29371.48
TXN001001,C1945,16506.65,Wallet,2026-01-24 19:15:25.652565,Success,,498,26,8,18,130936.73
TXN001002,C0450,24729.22,UPI,2026-01-24 19:49:42.178217,Success,,774,9,7,2,105476.96
TXN001003,C0010,6699.68,UPI,2026-01-24 20:23:58.703870,Success,,514,21,15,6,45441.28
TXN001004,C0824,16834.28,UPI,2026-01-24 20:58:15.229522,Success,,88,23,1,22,37633.79
TXN001005,C0798,1395.39,Net Banking,2026-01-24 21:32:31.755175,Success,,759,20,15,5,113265.65
TXN001006,C1266,2929.79,Debit Card,2026-01-24 22:06:48.280828,Success,,376,13,1,12,110176.78
TXN001007,C1275,197.57,UPI,2026-01-24 22:41:04.806480,Success,,324,1,1,0,22750.37
TXN001008,C0877,24986.57,UPI,2026-01-24 23:15:21.332133,Success,,119,4,0,4,52703.58
TXN001009,C1029,20076.62,Credit Card,2026-01-24 23:49:37.857785,Success,,883,16,7,9,32893.25
TXN001010,C1143,19689.4,Credit Card,2026-01-25 00:23:54.383438,Success,,585,23,0,23,44474.56
TXN001011,C1016,12792.18,Net Banking,2026-01-25 00:58:10.909090,Success,,565,7,4,3,43490.81
TXN001012,C1825,7571.67,UPI,2026-01-25 01:32:27.434743,Success,,791,29,6,23,146415.54
TXN001013,C0374,3866.48,Net Banking,2026-01-25 02:06:43.960396,Success,,418,17,9,8,112656.6
TXN001014,C1089,7188.4,UPI,2026-01-25 02:41:00.486048,Failed,Insufficient Balance,100,21,21,0,117117.78
TXN001015,C0146,9461.68,Debit Card,2026-01-25 03:15:17.011701,Success,,248,26,10,16,41974.76
TXN001016,C0224,18932.12,Wallet,2026-01-25 03:49:33.537353,Success,,309,23,11,12,578.8
TXN001017,C1263,13537.58,Net Banking,2026-01-25 04:23:50.063006,Failed,Card Declined,326,25,0,25,9194.47
TXN001018,C0177,2029.34,UPI,2026-01-25 04:58:06.588658,Success,,779,28,25,3,83173.47
TXN001019,C1803,548.92,UPI,2026-01-25 05:32:23.114311,Success,,252,7,6,1,43179.43
TXN001020,C0853,2648.07,Credit Card,2026-01-25 06:06:39.639963,Success,,88,11,5,6,29346.71
TXN001021,C1306,10321.42,UPI,2026-01-25 06:40:56.165616,Success,,484,13,3,10,7921.32
TXN001022,C0063,23336.5,Credit Card,2026-01-25 07:15:12.691269,Success,,339,30,2,28,131444.32
TXN001023,C1241,15971.32,Wallet,2026-01-25 07:49:29.216921,Success,,519,29,3,26,90219.04
TXN001024,C1878,20065.46,UPI,2026-01-25 08:23:45.742574,Success,,759,22,5,17,16552.3
TXN001025,C0827,11712.73,Credit Card,2026-01-25 08:58:02.268226,Success,,786,2,0,2,115077.4
TXN001026,C0795,9105.49,UPI,2026-01-25 09:32:18.793879,Success,,710,28,4,24,113495.93
TXN001027,C0689,2799.17,Net Banking,2026-01-25 10:06:35.319531,Failed,Network Error,716,29,26,3,43765.84
TXN001028,C1485,21910.73,Wallet,2026-01-25 10:40:51.845184,Failed,Card Declined,175,30,8,22,28669.82
TXN001029,C1953,19600.68,Credit Card,2026-01-25 11:15:08.370837,Success,,719,27,3,24,122190.29
TXN001030,C1634,4286.14,UPI,2026-01-25 11:49:24.896489,Success,,77,13,13,0,49769.93
TXN001031,C0105,12855.29,Debit Card,2026-01-25 12:23:41.422142,Success,,716,26,14,12,127190.5
TXN001032,C1123,12235.63,Debit Card,2026-01-25 12:57:57.947794,Success,,246,3,3,0,7025.92
TXN001033,C0511,15664.78,UPI,2026-01-25 13:32:14.473447,Success,,679,0,0,0,75143.7
TXN001034,C0385,23660.05,Net Banking,2026-01-25 14:06:30.999099,Success,,237,8,3,5,27349.49
TXN001035,C0405,14536.31,Wallet,2026-01-25 14:40:47.524752,Abandoned,Checkout Abandoned,480,13,5,8,100970.7
TXN001036,C0823,13551.41,Credit Card,2026-01-25 15:15:04.050405,Success,,71,25,13,12,149583.46
TXN001037,C0518,1353.04,Credit Card,2026-01-25 15:49:20.576057,Success,,144,9,9,0,62170.4
TXN001038,C0476,1666.4,UPI,2026-01-25 16:23:37.101710,Success,,169,17,6,11,15496.43
TXN001039,C0709,4764.94,Credit Card,2026-01-25 16:57:53.627362,Success,,628,9,1,8,47992.13
TXN001040,C1887,908.52,UPI,2026-01-25 17:32:10.153015,Success,,851,6,3,3,133780.22
TXN001041,C1669,18609.49,UPI,2026-01-25 18:06:26.678667,Failed,Network Error,764,7,6,1,114981.27
TXN001042,C1894,18110.92,UPI,2026-01-25 18:40:43.204320,Success,,764,13,12,1,35215.64
TXN001043,C0771,3487.8,UPI,2026-01-25 19:14:59.729972,Abandoned,Checkout Abandoned,110,3,3,0,143063.01
TXN001044,C1461,20918.36,UPI,2026-01-25 19:49:16.255625,Success,,234,26,8,18,93517.1
TXN001045,C1047,3954.17,Credit Card,2026-01-25 20:23:32.781278,Success,,291,10,4,6,25623.39
TXN001046,C0997,7599.27,Credit Card,2026-01-25 20:57:49.306930,Success,,564,30,5,25,86062.16
TXN001047,C1589,6299.52,Credit Card,2026-01-25 21:32:05.832583,Success,,374,9,9,0,67965.89
TXN001048,C0677,9370.45,UPI,2026-01-25 22:06:22.358235,Success,,327,16,11,5,123044.8
TXN001049,C0714,6441.13,UPI,2026-01-25 22:40:38.883888,Success,,424,4,2,2,51951.92
TXN001050,C1482,12274.88,Net Banking,2026-01-25 23:14:55.409540,Success,,487,9,1,8,131309.26
TXN001051,C0083,10244.46,Credit Card,2026-01-25 23:49:11.935193,Abandoned,Checkout Abandoned,32,9,9,0,121889.57
TXN001052,C1169,24665.58,Wallet,2026-01-26 00:23:28.460846,Success,,585,21,7,14,101353.22
TXN001053,C1109,1492.57,UPI,2026-01-26 00:57:44.986498,Success,,849,6,0,6,39161.78
TXN001054,C1102,3640.32,Credit Card,2026-01-26 01:32:01.512151,Success,,192,16,10,6,145564.27
TXN001055,C0457,1415.36,UPI,2026-01-26 02:06:18.037803,Success,,665,28,7,21,82525.68
TXN001056,C1902,15683.45,Debit Card,2026-01-26 02:40:34.563456,Success,,641,19,7,12,136173.34
TXN001057,C0001,1457.28,Net Banking,2026-01-26 03:14:51.089108,Success,,786,11,1,10,32751.62
TXN001058,C0051,20927.35,Wallet,2026-01-26 03:49:07.614761,Success,,781,4,2,2,147515.06
TXN001059,C0685,12847.27,Wallet,2026-01-26 04:23:24.140414,Success,,560,4,3,1,122500.85
TXN001060,C0717,13222.49,UPI,2026-01-26 04:57:40.666066,Failed,Technical Error,309,22,21,1,142409.42
TXN001061,C1796,14083.7,Credit Card,2026-01-26 05:31:57.191719,Success,,306,3,3,0,32248.68
TXN001062,C1470,4353.26,Credit Card,2026-01-26 06:06:13.717371,Success,,278,25,12,13,64883.38
TXN001063,C0449,5022.49,Credit Card,2026-01-26 06:40:30.243024,Success,,597,6,1,5,15096.27
TXN001064,C0881,8038.55,UPI,2026-01-26 07:14:46.768676,Failed,Network Error,289,23,11,12,20976.96
TXN001065,C0488,14878.06,Net Banking,2026-01-26 07:49:03.294329,Success,,57,1,1,0,42951.82
TXN001066,C1824,5331.93,Net Banking,2026-01-26 08:23:19.819981,Success,,214,29,16,13,142768.04
TXN001067,C0034,2996.66,UPI,2026-01-26 08:57:36.345634,Failed,Bank Timeout,620,0,0,0,100245.16
TXN001068,C1372,24255.91,UPI,2026-01-26 09:31:52.871287,Success,,809,28,26,2,47537.53
TXN001069,C0095,647.35,UPI,2026-01-26 10:06:09.396939,Failed,Insufficient Balance,431,25,5,20,143208.71
TXN001070,C1096,20087.17,Debit Card,2026-01-26 10:40:25.922592,Success,,798,9,7,2,111089.85
TXN001071,C1575,19722.08,UPI,2026-01-26 11:14:42.448244,Success,,680,0,0,0,136093.36
TXN001072,C0154,7500.63,Net Banking,2026-01-26 11:48:58.973897,Success,,329,12,7,5,139119.51
TXN001073,C0250,3477.1,Debit Card,2026-01-26 12:23:15.499549,Failed,Insufficient Balance,684,16,13,3,112740.08
TXN001074,C0674,3726.15,Credit Card,2026-01-26 12:57:32.025202,Success,,153,8,8,0,36848.45
TXN001075,C0438,17466.05,Credit Card,2026-01-26 13:31:48.550855,Success,,689,3,1,2,149490.05
TXN001076,C0118,16105.88,UPI,2026-01-26 14:06:05.076507,Failed,Bank Timeout,99,8,0,8,49101.08
TXN001077,C0771,19590.37,Wallet,2026-01-26 14:40:21.602160,Failed,Card Declined,559,6,3,3,100920.01
TXN001078,C1915,23443.28,Credit Card,2026-01-26 15:14:38.127812,Failed,Bank Timeout,780,30,17,13,126799.35
TXN001079,C1330,17328.99,Wallet,2026-01-26 15:48:54.653465,Success,,174,22,13,9,26685.07
TXN001080,C0268,3980.7,Credit Card,2026-01-26 16:23:11.179117,Failed,Technical Error,621,28,2,26,91551.73
TXN001081,C1985,6161.72,Debit Card,2026-01-26 16:57:27.704770,Success,,779,1,0,1,56588.33
TXN001082,C1078,21070.62,UPI,2026-01-26 17:31:44.230423,Success,,268,17,8,9,37021.22
TXN001083,C0236,5311.72,Credit Card,2026-01-26 18:06:00.756075,Abandoned,Checkout Abandoned,625,27,25,2,2259.89
TXN001084,C0389,1905.81,Debit Card,2026-01-26 18:40:17.281728,Success,,696,20,12,8,130860.12
TXN001085,C0990,17611.67,Debit Card,2026-01-26 19:14:33.807380,Success,,627,14,6,8,20814.29
TXN001086,C1758,10122.91,Debit Card,2026-01-26 19:48:50.333033,Success,,120,9,4,5,131778.52
TXN001087,C0763,23009.0,UPI,2026-01-26 20:23:06.858685,Failed,Technical Error,867,16,4,12,90303.24
TXN001088,C1849,16291.35,Wallet,2026-01-26 20:57:23.384338,Success,,548,6,5,1,93347.81
TXN001089,C0401,2351.43,Wallet,2026-01-26 21:31:39.909990,Success,,559,30,1,29,124383.44
TXN001090,C0624,23701.63,UPI,2026-01-26 22:05:56.435643,Success,,693,10,0,10,76661.45
TXN001091,C0767,6538.08,Wallet,2026-01-26 22:40:12.961296,Success,,17,6,2,4,53914.04
TXN001092,C1327,8496.59,UPI,2026-01-26 23:14:29.486948,Failed,Insufficient Balance,32,10,0,10,21251.6
TXN001093,C0919,10116.28,Debit Card,2026-01-26 23:48:46.012601,Success,,655,23,18,5,85777.1
TXN001094,C1231,1375.48,UPI,2026-01-27 00:23:02.538253,Success,,418,22,16,6,83198.47
TXN001095,C1253,12463.23,Wallet,2026-01-27 00:57:19.063906,Failed,Technical Error,580,23,8,15,44437.52
TXN001096,C0853,3170.63,UPI,2026-01-27 01:31:35.589558,Success,,450,14,9,5,90208.51
TXN001097,C1934,10084.16,Credit Card,2026-01-27 02:05:52.115211,Success,,67,30,28,2,66185.35
TXN001098,C0578,8832.67,UPI,2026-01-27 02:40:08.640864,Success,,777,18,14,4,120926.76
TXN001099,C0075,19343.72,UPI,2026-01-27 03:14:25.166516,Failed,Insufficient Balance,803,18,12,6,84143.2
TXN001100,C0435,20098.95,Credit Card,2026-01-27 03:48:41.692169,Success,,344,23,20,3,140084.95
TXN001101,C0103,3919.98,UPI,2026-01-27 04:22:58.217821,Success,,696,24,24,0,77938.45
TXN001102,C1446,9227.12,Debit Card,2026-01-27 04:57:14.743474,Success,,105,9,4,5,133180.55
TXN001103,C1728,9396.49,Wallet,2026-01-27 05:31:31.269126,Success,,433,15,0,15,78318.51
TXN001104,C0764,3870.12,Net Banking,2026-01-27 06:05:47.794779,Success,,156,19,6,13,83926.2
TXN001105,C0738,19981.49,Net Banking,2026-01-27 06:40:04.320432,Failed,Bank Timeout,471,7,3,4,55337.8
TXN001106,C0806,17709.99,UPI,2026-01-27 07:14:20.846084,Success,,638,0,0,0,60325.28
TXN001107,C1330,4840.51,UPI,2026-01-27 07:48:37.371737,Success,,761,1,0,1,139998.67
TXN001108,C0098,9231.38,Credit Card,2026-01-27 08:22:53.897389,Failed,Bank Timeout,437,28,0,28,33880.72
TXN001109,C1874,2734.55,UPI,2026-01-27 08:57:10.423042,Success,,364,9,6,3,18657.93
TXN001110,C0798,15742.34,Wallet,2026-01-27 09:31:26.948694,Success,,675,9,4,5,124616.53
TXN001111,C1359,3122.16,UPI,2026-01-27 10:05:43.474347,Failed,Bank Timeout,317,9,9,0,86748.16
TXN001112,C0859,24649.76,Net Banking,2026-01-27 10:40:00.000000,Success,,430,8,0,8,43054.77
TXN001113,C0435,19538.98,UPI,2026-01-27 11:14:16.525652,Success,,854,17,16,1,65143.83
TXN001114,C0447,9816.94,Net Banking,2026-01-27 11:48:33.051305,Success,,312,30,14,16,78973.33
TXN001115,C1332,14506.24,UPI,2026-01-27 12:22:49.576957,Failed,Insufficient Balance,721,1,0,1,89024.97
TXN001116,C0249,22792.41,UPI,2026-01-27 12:57:06.102610,Success,,535,23,2,21,123247.13
TXN001117,C0166,13897.07,Debit Card,2026-01-27 13:31:22.628262,Failed,Bank Timeout,163,4,1,3,59455.67
TXN001118,C1505,4445.01,UPI,2026-01-27 14:05:39.153915,Abandoned,Checkout Abandoned,56,20,7,13,101637.22
TXN001119,C0984,9529.71,Debit Card,2026-01-27 14:39:55.679567,Abandoned,Checkout Abandoned,769,10,7,3,125297.66
TXN001120,C1359,21094.31,Credit Card,2026-01-27 15:14:12.205220,Failed,Bank Timeout,615,5,5,0,126644.13
TXN001121,C1020,16140.9,UPI,2026-01-27 15:48:28.730873,Success,,508,7,4,3,38509.66
TXN001122,C0542,16303.04,Wallet,2026-01-27 16:22:45.256525,Failed,Card Declined,753,7,4,3,52850.87
TXN001123,C0759,21683.85,Credit Card,2026-01-27 16:57:01.782178,Success,,115,24,21,3,89438.45
TXN001124,C1130,22359.93,Debit Card,2026-01-27 17:31:18.307830,Failed,Bank Timeout,749,9,0,9,132922.97
TXN001125,C1587,23002.84,Credit Card,2026-01-27 18:05:34.833483,Success,,779,10,1,9,118671.69
TXN001126,C0081,2461.74,Credit Card,2026-01-27 18:39:51.359135,Success,,167,18,6,12,87802.45
TXN001127,C0133,13648.74,UPI,2026-01-27 19:14:07.884788,Success,,380,24,16,8,147568.18
TXN001128,C0797,18538.69,UPI,2026-01-27 19:48:24.410441,Failed,Technical Error,801,13,7,6,66128.59
TXN001129,C0900,18947.48,Credit Card,2026-01-27 20:22:40.936093,Success,,254,10,2,8,126446.36
TXN001130,C0138,15207.23,UPI,2026-01-27 20:56:57.461746,Success,,603,2,1,1,122853.85
TXN001131,C0184,4253.0,UPI,2026-01-27 21:31:13.987398,Failed,Insufficient Balance,544,0,0,0,136251.73
TXN001132,C1425,19955.77,Debit Card,2026-01-27 22:05:30.513051,Success,,126,27,19,8,148157.91
TXN001133,C1354,18030.77,Debit Card,2026-01-27 22:39:47.038703,Success,,79,26,22,4,74606.66
TXN001134,C0785,2244.78,UPI,2026-01-27 23:14:03.564356,Success,,887,20,9,11,29746.63
TXN001135,C1532,11648.86,UPI,2026-01-27 23:48:20.090009,Success,,84,22,22,0,69403.86
TXN001136,C1876,4432.04,UPI,2026-01-28 00:22:36.615661,Success,,144,2,1,1,128155.79
TXN001137,C0984,8503.18,UPI,2026-01-28 00:56:53.141314,Abandoned,Checkout Abandoned,746,8,4,4,125497.94
TXN001138,C0069,550.22,UPI,2026-01-28 01:31:09.666966,Success,,899,0,0,0,50727.5
TXN001139,C0546,10068.21,UPI,2026-01-28 02:05:26.192619,Success,,147,21,15,6,7572.37
TXN001140,C1798,13791.94,Wallet,2026-01-28 02:39:42.718271,Success,,862,30,24,6,76721.39
TXN001141,C0053,15527.61,Debit Card,2026-01-28 03:13:59.243924,Abandoned,Checkout Abandoned,722,11,4,7,71378.09
TXN001142,C1474,16620.91,UPI,2026-01-28 03:48:15.769576,Success,,896,11,1,10,13321.71
TXN001143,C0205,20923.65,UPI,2026-01-28 04:22:32.295229,Success,,423,5,3,2,119336.05
TXN001144,C0126,5465.03,Debit Card,2026-01-28 04:56:48.820882,Success,,441,29,10,19,42896.75
TXN001145,C1771,3100.0,UPI,2026-01-28 05:31:05.346534,Failed,Card Declined,249,28,4,24,97039.94
TXN001146,C0043,21303.28,Debit Card,2026-01-28 06:05:21.872187,Failed,Network Error,546,7,5,2,15672.44
TXN001147,C1776,3999.66,Wallet,2026-01-28 06:39:38.397839,Success,,226,30,27,3,129175.12
TXN001148,C1995,24371.53,Credit Card,2026-01-28 07:13:54.923492,Success,,890,28,21,7,111021.54
TXN001149,C1907,21079.2,UPI,2026-01-28 07:48:11.449144,Success,,801,2,0,2,58569.19
TXN001150,C0111,12571.83,Debit Card,2026-01-28 08:22:27.974797,Success,,21,27,27,0,94608.6
TXN001151,C0761,24537.39,Wallet,2026-01-28 08:56:44.500450,Success,,208,20,0,20,28524.36
TXN001152,C1687,2524.68,Credit Card,2026-01-28 09:31:01.026102,Success,,516,10,5,5,147820.66
TXN001153,C1207,7646.34,Debit Card,2026-01-28 10:05:17.551755,Success,,427,25,10,15,119518.15
TXN001154,C0848,15991.79,UPI,2026-01-28 10:39:34.077407,Failed,Insufficient Balance,396,10,9,1,118446.53
TXN001155,C0095,8815.17,UPI,2026-01-28 11:13:50.603060,Success,,143,30,0,30,23430.34
TXN001156,C1995,23216.48,Debit Card,2026-01-28 11:48:07.128712,Success,,324,4,4,0,3151.16
TXN001157,C1398,1734.09,Wallet,2026-01-28 12:22:23.654365,Success,,604,23,20,3,88013.02
TXN001158,C1936,13780.35,Credit Card,2026-01-28 12:56:40.180018,Success,,849,6,2,4,22046.03
TXN001159,C1544,14812.57,Debit Card,2026-01-28 13:30:56.705670,Success,,45,18,15,3,117174.8
TXN001160,C0900,16352.93,UPI,2026-01-28 14:05:13.231323,Success,,838,30,14,16,62703.38
TXN001161,C0360,6466.09,UPI,2026-01-28 14:39:29.756975,Failed,Technical Error,752,6,6,0,51119.84
TXN001162,C0900,9177.7,Credit Card,2026-01-28 15:13:46.282628,Abandoned,Checkout Abandoned,621,9,7,2,11510.56
TXN001163,C1720,21107.65,UPI,2026-01-28 15:48:02.808280,Failed,Insufficient Balance,475,7,2,5,149411.73
TXN001164,C0281,4954.07,Credit Card,2026-01-28 16:22:19.333933,Success,,720,20,12,8,143423.61
TXN001165,C1219,20689.01,UPI,2026-01-28 16:56:35.859585,Abandoned,Checkout Abandoned,202,26,4,22,20173.74
TXN001166,C1888,14110.12,Debit Card,2026-01-28 17:30:52.385238,Success,,398,20,17,3,50255.33
TXN001167,C1219,19078.47,Net Banking,2026-01-28 18:05:08.910891,Success,,691,29,2,27,58922.74
TXN001168,C0667,17868.82,Credit Card,2026-01-28 18:39:25.436543,Success,,151,13,11,2,44871.76
TXN001169,C0093,5267.04,UPI,2026-01-28 19:13:41.962196,Success,,257,26,6,20,140203.05
TXN001170,C0672,14263.44,Credit Card,2026-01-28 19:47:58.487848,Failed,Technical Error,330,0,0,0,108340.6
TXN001171,C1970,21706.31,Wallet,2026-01-28 20:22:15.013501,Success,,533,12,9,3,143409.5
TXN001172,C0061,10859.69,Credit Card,2026-01-28 20:56:31.539153,Success,,732,23,19,4,131238.56
TXN001173,C0634,24168.11,UPI,2026-01-28 21:30:48.064806,Success,,395,28,14,14,113303.96
TXN001174,C1075,11360.16,UPI,2026-01-28 22:05:04.590459,Failed,Technical Error,791,5,0,5,104696.58
TXN001175,C1427,3655.36,UPI,2026-01-28 22:39:21.116111,Failed,Network Error,332,5,2,3,129991.29
TXN001176,C1813,9796.92,UPI,2026-01-28 23:13:37.641764,Success,,636,30,9,21,102780.41
TXN001177,C1029,23797.39,Net Banking,2026-01-28 23:47:54.167416,Success,,876,20,13,7,28713.61
TXN001178,C1490,8061.05,Net Banking,2026-01-29 00:22:10.693069,Success,,470,4,1,3,97394.91
TXN001179,C0604,21715.64,UPI,2026-01-29 00:56:27.218721,Success,,332,29,24,5,77492.75
TXN001180,C0682,22043.14,UPI,2026-01-29 01:30:43.744374,Success,,279,2,0,2,147293.25
TXN001181,C1853,8819.64,UPI,2026-01-29 02:05:00.270027,Success,,822,11,8,3,76739.85
TXN001182,C0534,2173.12,Net Banking,2026-01-29 02:39:16.795679,Success,,146,14,14,0,6249.02
TXN001183,C1429,18141.49,Credit Card,2026-01-29 03:13:33.321332,Success,,403,2,1,1,39996.33
TXN001184,C0838,7856.66,Debit Card,2026-01-29 03:47:49.846984,Success,,678,15,4,11,137648.57
TXN001185,C1537,19594.8,UPI,2026-01-29 04:22:06.372637,Success,,70,17,5,12,144372.27
TXN001186,C0645,11122.11,Credit Card,2026-01-29 04:56:22.898289,Failed,Insufficient Balance,810,8,5,3,109410.54
TXN001187,C0233,12183.14,UPI,2026-01-29 05:30:39.423942,Success,,337,7,3,4,9001.15
TXN001188,C0524,19469.94,UPI,2026-01-29 06:04:55.949594,Success,,177,10,5,5,4019.44
TXN001189,C0346,9620.85,Credit Card,2026-01-29 06:39:12.475247,Success,,367,2,0,2,72199.45
TXN001190,C1070,11133.87,Credit Card,2026-01-29 07:13:29.000900,Success,,544,4,4,0,149951.01
TXN001191,C0546,9467.14,UPI,2026-01-29 07:47:45.526552,Success,,68,30,12,18,130459.86
TXN001192,C1969,9246.78,UPI,2026-01-29 08:22:02.052205,Abandoned,Checkout Abandoned,443,9,8,1,139999.59
TXN001193,C1102,13196.07,UPI,2026-01-29 08:56:18.577857,Success,,877,30,26,4,93719.45
TXN001194,C1754,20239.11,UPI,2026-01-29 09:30:35.103510,Success,,833,4,1,3,128939.15
TXN001195,C1837,9108.03,Credit Card,2026-01-29 10:04:51.629162,Success,,692,7,7,0,48294.91
TXN001196,C1947,13153.94,Net Banking,2026-01-29 10:39:08.154815,Success,,93,5,2,3,4590.92
TXN001197,C1097,16801.11,UPI,2026-01-29 11:13:24.680468,Abandoned,Checkout Abandoned,257,22,14,8,137778.47
TXN001198,C0794,6809.04,UPI,2026-01-29 11:47:41.206120,Success,,835,20,4,16,33155.38
TXN001199,C0249,7010.32,UPI,2026-01-29 12:21:57.731773,Failed,Network Error,505,15,8,7,109408.71
TXN001200,C0047,23341.99,Credit Card,2026-01-29 12:56:14.257425,Abandoned,Checkout Abandoned,405,11,7,4,99015.61
TXN001201,C1145,18116.01,UPI,2026-01-29 13:30:30.783078,Success,,490,16,4,12,24145.45
TXN001202,C0214,14471.95,Debit Card,2026-01-29 14:04:47.308730,Success,,655,7,1,6,29768.96
TXN001203,C0239,16228.23,UPI,2026-01-29 14:39:03.834383,Success,,297,3,1,2,49696.34
TXN001204,C1080,829.56,Credit Card,2026-01-29 15:13:20.360036,Failed,Network Error,202,20,18,2,113661.13
TXN001205,C0350,15490.76,Net Banking,2026-01-29 15:47:36.885688,Success,,709,16,10,6,6367.01
TXN001206,C0107,12786.77,Net Banking,2026-01-29 16:21:53.411341,Success,,447,2,2,0,61356.78
TXN001207,C0831,13689.17,Wallet,2026-01-29 16:56:09.936993,Success,,509,30,2,28,99934.42
TXN001208,C0048,9049.65,Debit Card,2026-01-29 17:30:26.462646,Success,,161,17,12,5,26134.91
TXN001209,C1597,2128.7,Net Banking,2026-01-29 18:04:42.988298,Failed,Insufficient Balance,678,15,3,12,18352.88
TXN001210,C0337,4914.15,UPI,2026-01-29 18:38:59.513951,Success,,529,27,18,9,58836.73
TXN001211,C1050,23773.54,UPI,2026-01-29 19:13:16.039603,Success,,278,1,1,0,43340.6
TXN001212,C0804,10276.62,UPI,2026-01-29 19:47:32.565256,Success,,584,12,6,6,97539.8
TXN001213,C1281,11720.41,Debit Card,2026-01-29 20:21:49.090909,Success,,546,0,0,0,145450.5
TXN001214,C0008,1412.47,Wallet,2026-01-29 20:56:05.616561,Success,,166,21,14,7,1168.11
TXN001215,C0625,1035.4,UPI,2026-01-29 21:30:22.142214,Success,,196,30,5,25,135405.8
TXN001216,C1891,17957.82,Credit Card,2026-01-29 22:04:38.667866,Success,,326,30,12,18,65266.84
TXN001217,C1277,13498.56,Debit Card,2026-01-29 22:38:55.193519,Success,,609,23,23,0,99769.16
TXN001218,C1716,12766.78,Wallet,2026-01-29 23:13:11.719171,Success,,646,2,1,1,127728.54
TXN001219,C0719,6153.8,Credit Card,2026-01-29 23:47:28.244824,Success,,252,0,0,0,86232.07
TXN001220,C0303,18644.29,Wallet,2026-01-30 00:21:44.770477,Failed,Bank Timeout,547,29,17,12,15048.12
TXN001221,C0639,4289.09,UPI,2026-01-30 00:56:01.296129,Failed,Bank Timeout,93,25,0,25,21518.98
TXN001222,C0056,4829.38,UPI,2026-01-30 01:30:17.821782,Success,,205,1,1,0,118497.37
TXN001223,C0726,11571.73,Credit Card,2026-01-30 02:04:34.347434,Success,,287,18,10,8,34750.19
TXN001224,C0526,7228.37,UPI,2026-01-30 02:38:50.873087,Failed,Network Error,144,21,15,6,85571.12
TXN001225,C0474,6261.83,UPI,2026-01-30 03:13:07.398739,Success,,839,29,0,29,64498.04
TXN001226,C0028,16166.42,Debit Card,2026-01-30 03:47:23.924392,Abandoned,Checkout Abandoned,387,2,2,0,45894.03
TXN001227,C0078,16309.2,Debit Card,2026-01-30 04:21:40.450045,Abandoned,Checkout Abandoned,127,24,7,17,118151.65
TXN001228,C1240,20630.48,Debit Card,2026-01-30 04:55:56.975697,Success,,787,27,18,9,109816.89
TXN001229,C1410,10500.94,UPI,2026-01-30 05:30:13.501350,Success,,808,0,0,0,97093.28
TXN001230,C0365,1919.82,Credit Card,2026-01-30 06:04:30.027002,Success,,35,22,22,0,56214.37
TXN001231,C0666,6914.29,UPI,2026-01-30 06:38:46.552655,Success,,704,25,15,10,34357.31
TXN001232,C0526,24502.14,UPI,2026-01-30 07:13:03.078307,Abandoned,Checkout Abandoned,248,23,2,21,77626.3
TXN001233,C0699,14946.84,Credit Card,2026-01-30 07:47:19.603960,Abandoned,Checkout Abandoned,118,8,1,7,122657.06
TXN001234,C1336,17772.45,UPI,2026-01-30 08:21:36.129612,Success,,99,7,3,4,86561.91
TXN001235,C0883,283.21,UPI,2026-01-30 08:55:52.655265,Success,,391,4,4,0,145535.88
TXN001236,C1031,13003.32,Debit Card,2026-01-30 09:30:09.180918,Success,,802,0,0,0,2807.9
TXN001237,C1027,1034.46,UPI,2026-01-30 10:04:25.706570,Success,,641,14,9,5,149752.84
TXN001238,C1647,14273.83,Wallet,2026-01-30 10:38:42.232223,Success,,701,16,1,15,103865.65
TXN001239,C0919,23027.19,Credit Card,2026-01-30 11:12:58.757875,Abandoned,Checkout Abandoned,27,29,25,4,124984.77
TXN001240,C0750,24213.64,Wallet,2026-01-30 11:47:15.283528,Success,,673,14,13,1,50575.38
TXN001241,C0363,13559.76,UPI,2026-01-30 12:21:31.809180,Success,,511,7,4,3,76497.03
TXN001242,C1775,11509.3,Credit Card,2026-01-30 12:55:48.334833,Success,,629,22,4,18,119649.89
TXN001243,C1532,23630.93,UPI,2026-01-30 13:30:04.860486,Success,,664,20,4,16,114217.1
TXN001244,C1298,16872.88,Net Banking,2026-01-30 14:04:21.386138,Success,,785,25,5,20,50438.15
TXN001245,C1530,1715.99,UPI,2026-01-30 14:38:37.911791,Success,,564,2,2,0,48999.33
TXN001246,C0806,11696.57,UPI,2026-01-30 15:12:54.437443,Success,,226,8,4,4,99590.27
TXN001247,C0739,6082.1,Net Banking,2026-01-30 15:47:10.963096,Failed,Card Declined,33,19,19,0,140082.05
TXN001248,C1907,11798.13,UPI,2026-01-30 16:21:27.488748,Success,,503,13,13,0,66098.51
TXN001249,C1039,11441.09,UPI,2026-01-30 16:55:44.014401,Success,,771,5,4,1,53264.8
TXN001250,C1216,14595.41,UPI,2026-01-30 17:30:00.540054,Failed,Network Error,382,26,14,12,134255.71
TXN001251,C1655,8983.59,Debit Card,2026-01-30 18:04:17.065706,Failed,Network Error,623,19,16,3,102616.88
TXN001252,C0485,4190.33,UPI,2026-01-30 18:38:33.591359,Success,,478,24,16,8,58547.26
TXN001253,C0028,12642.61,UPI,2026-01-30 19:12:50.117011,Success,,511,3,3,0,9062.8
TXN001254,C0714,20772.05,UPI,2026-01-30 19:47:06.642664,Failed,Network Error,842,29,17,12,108362.65
TXN001255,C1063,16633.9,Credit Card,2026-01-30 20:21:23.168316,Success,,547,23,9,14,53256.53
TXN001256,C1977,8525.36,Debit Card,2026-01-30 20:55:39.693969,Success,,339,26,22,4,11049.65
TXN001257,C1297,23394.52,UPI,2026-01-30 21:29:56.219621,Success,,163,11,6,5,92037.22
TXN001258,C1255,22813.97,UPI,2026-01-30 22:04:12.745274,Success,,843,27,10,17,48789.53
TXN001259,C0086,5312.78,UPI,2026-01-30 22:38:29.270927,Success,,791,2,1,1,51099.25
TXN001260,C1498,1081.5,UPI,2026-01-30 23:12:45.796579,Success,,426,23,8,15,72135.93
TXN001261,C0126,18558.59,UPI,2026-01-30 23:47:02.322232,Failed,Bank Timeout,450,30,16,14,107762.48
TXN001262,C0812,20707.5,Credit Card,2026-01-31 00:21:18.847884,Failed,Bank Timeout,432,26,1,25,41811.41
TXN001263,C0537,24199.83,Credit Card,2026-01-31 00:55:35.373537,Abandoned,Checkout Abandoned,650,2,1,1,12601.41
TXN001264,C0145,22256.93,Wallet,2026-01-31 01:29:51.899189,Success,,615,29,16,13,63951.65
TXN001265,C1549,15053.32,UPI,2026-01-31 02:04:08.424842,Success,,46,26,16,10,8711.35
TXN001266,C1236,13298.3,Credit Card,2026-01-31 02:38:24.950495,Failed,Bank Timeout,283,20,19,1,104741.64
TXN001267,C0025,793.24,Credit Card,2026-01-31 03:12:41.476147,Success,,167,16,9,7,143906.9
TXN001268,C1604,6241.75,Credit Card,2026-01-31 03:46:58.001800,Success,,676,5,3,2,98984.44
TXN001269,C1418,11544.41,Net Banking,2026-01-31 04:21:14.527452,Success,,709,14,11,3,41670.87
TXN001270,C0067,15749.75,UPI,2026-01-31 04:55:31.053105,Success,,442,10,10,0,27664.51
TXN001271,C0233,13975.57,UPI,2026-01-31 05:29:47.578757,Success,,122,17,14,3,35301.14
TXN001272,C0109,18591.64,Debit Card,2026-01-31 06:04:04.104410,Success,,551,27,8,19,33630.7
TXN001273,C1170,7066.2,UPI,2026-01-31 06:38:20.630063,Abandoned,Checkout Abandoned,766,2,1,1,47417.66
TXN001274,C0111,14167.32,UPI,2026-01-31 07:12:37.155715,Success,,621,26,15,11,15053.33
TXN001275,C0228,2294.74,UPI,2026-01-31 07:46:53.681368,Abandoned,Checkout Abandoned,542,16,6,10,134410.0
TXN001276,C0111,10400.27,UPI,2026-01-31 08:21:10.207020,Failed,Network Error,447,10,3,7,132825.51
TXN001277,C1494,18779.0,Credit Card,2026-01-31 08:55:26.732673,Success,,409,5,2,3,92477.82
TXN001278,C0034,17365.68,UPI,2026-01-31 09:29:43.258325,Failed,Card Declined,27,4,3,1,9757.09
TXN001279,C0623,24767.0,UPI,2026-01-31 10:03:59.783978,Success,,171,9,3,6,120698.11
TXN001280,C1800,7019.49,Credit Card,2026-01-31 10:38:16.309630,Success,,414,1,1,0,9737.39
TXN001281,C1960,12504.91,Credit Card,2026-01-31 11:12:32.835283,Success,,469,14,2,12,16409.97
TXN001282,C1393,8305.31,Wallet,2026-01-31 11:46:49.360936,Success,,168,10,8,2,49131.81
TXN001283,C0748,11071.02,UPI,2026-01-31 12:21:05.886588,Success,,19,23,23,0,65004.81
TXN001284,C0595,21438.06,Wallet,2026-01-31 12:55:22.412241,Success,,882,24,13,11,53406.4
TXN001285,C1578,17136.81,Credit Card,2026-01-31 13:29:38.937893,Success,,771,13,11,2,25201.85
TXN001286,C0425,22072.79,Debit Card,2026-01-31 14:03:55.463546,Success,,525,13,9,4,17263.39
TXN001287,C0613,5167.43,UPI,2026-01-31 14:38:11.989198,Success,,24,2,1,1,128982.58
TXN001288,C1542,21846.69,Credit Card,2026-01-31 15:12:28.514851,Success,,574,27,11,16,54795.59
TXN001289,C0692,1588.08,Net Banking,2026-01-31 15:46:45.040504,Success,,708,21,11,10,33180.61
TXN001290,C1306,22226.12,Net Banking,2026-01-31 16:21:01.566156,Failed,Bank Timeout,64,21,1,20,73305.21
TXN001291,C1344,8293.94,UPI,2026-01-31 16:55:18.091809,Success,,455,15,2,13,6005.1
TXN001292,C1762,7933.23,UPI,2026-01-31 17:29:34.617461,Failed,Insufficient Balance,754,13,12,1,90242.04
TXN001293,C1467,12851.01,Credit Card,2026-01-31 18:03:51.143114,Success,,165,9,9,0,37649.19
TXN001294,C1976,23523.19,Net Banking,2026-01-31 18:38:07.668766,Success,,899,21,20,1,89930.36
TXN001295,C0315,1289.76,UPI,2026-01-31 19:12:24.194419,Success,,400,7,0,7,92311.71
TXN001296,C0877,8870.55,Debit Card,2026-01-31 19:46:40.720072,Success,,148,11,0,11,121479.02
TXN001297,C1990,21428.64,Debit Card,2026-01-31 20:20:57.245724,Abandoned,Checkout Abandoned,422,4,3,1,34870.76
TXN001298,C1765,9961.76,Debit Card,2026-01-31 20:55:13.771377,Success,,683,25,7,18,69787.96
TXN001299,C1401,5059.01,Credit Card,2026-01-31 21:29:30.297029,Success,,893,25,5,20,144302.16
TXN001300,C1313,10677.38,UPI,2026-01-31 22:03:46.822682,Success,,771,12,3,9,109205.16
TXN001301,C1461,9700.26,Wallet,2026-01-31 22:38:03.348334,Success,,134,23,2,21,146313.9
TXN001302,C0662,22893.86,Credit Card,2026-01-31 23:12:19.873987,Failed,Insufficient Balance,637,11,8,3,139141.17
TXN001303,C0277,19072.17,Debit Card,2026-01-31 23:46:36.399639,Success,,871,2,0,2,91806.92
TXN001304,C1734,12677.38,UPI,2026-02-01 00:20:52.925292,Failed,Insufficient Balance,228,22,11,11,39957.59
TXN001305,C1606,24710.43,Debit Card,2026-02-01 00:55:09.450945,Success,,290,16,15,1,113660.16
TXN001306,C1527,11685.41,UPI,2026-02-01 01:29:25.976597,Success,,449,19,10,9,104868.83
TXN001307,C0624,1550.12,UPI,2026-02-01 02:03:42.502250,Success,,761,4,3,1,88539.07
TXN001308,C0516,6630.63,Debit Card,2026-02-01 02:37:59.027902,Success,,111,22,7,15,104825.47
TXN001309,C1374,10958.15,Credit Card,2026-02-01 03:12:15.553555,Failed,Technical Error,49,29,6,23,92231.17
TXN001310,C0843,4006.88,Debit Card,2026-02-01 03:46:32.079207,Success,,480,5,5,0,78147.16
TXN001311,C1470,23694.37,UPI,2026-02-01 04:20:48.604860,Success,,385,12,11,1,62685.34
TXN001312,C1854,19194.54,Credit Card,2026-02-01 04:55:05.130513,Abandoned,Checkout Abandoned,614,5,5,0,7183.9
TXN001313,C0350,6780.35,UPI,2026-02-01 05:29:21.656165,Success,,200,12,6,6,129920.34
TXN001314,C1631,14811.03,Credit Card,2026-02-01 06:03:38.181818,Success,,896,14,5,9,129898.32
TXN001315,C1688,18064.08,UPI,2026-02-01 06:37:54.707470,Success,,443,1,0,1,89310.07
TXN001316,C0823,23537.85,Debit Card,2026-02-01 07:12:11.233123,Success,,20,10,5,5,40548.7
TXN001317,C1161,22052.72,Net Banking,2026-02-01 07:46:27.758775,Success,,709,15,15,0,4705.59
TXN001318,C0759,12928.29,UPI,2026-02-01 08:20:44.284428,Success,,713,17,15,2,713.61
TXN001319,C0899,19388.85,UPI,2026-02-01 08:55:00.810081,Failed,Network Error,255,1,1,0,11399.65
TXN001320,C0243,14097.4,Debit Card,2026-02-01 09:29:17.335733,Success,,141,9,4,5,54303.01
TXN001321,C0543,13862.33,Debit Card,2026-02-01 10:03:33.861386,Failed,Insufficient Balance,493,12,8,4,28665.19
TXN001322,C1064,2957.07,Debit Card,2026-02-01 10:37:50.387038,Success,,424,27,17,10,40126.18
TXN001323,C0229,3240.83,Debit Card,2026-02-01 11:12:06.912691,Success,,339,7,0,7,105099.23
TXN001324,C0548,13285.39,UPI,2026-02-01 11:46:23.438343,Success,,831,6,4,2,143892.89
TXN001325,C0920,6794.65,UPI,2026-02-01 12:20:39.963996,Abandoned,Checkout Abandoned,857,15,9,6,31412.99
TXN001326,C1247,623.82,UPI,2026-02-01 12:54:56.489648,Success,,577,16,0,16,70113.77
TXN001327,C0006,18098.7,UPI,2026-02-01 13:29:13.015301,Success,,894,8,6,2,148726.17
TXN001328,C1346,908.92,Debit Card,2026-02-01 14:03:29.540954,Success,,871,26,4,22,139785.32
TXN001329,C0468,14922.39,UPI,2026-02-01 14:37:46.066606,Abandoned,Checkout Abandoned,364,26,18,8,53171.29
TXN001330,C1756,13525.93,Wallet,2026-02-01 15:12:02.592259,Abandoned,Checkout Abandoned,565,7,2,5,48293.51
TXN001331,C0075,24223.49,Net Banking,2026-02-01 15:46:19.117911,Success,,730,28,0,28,36704.51
TXN001332,C0004,12156.91,Net Banking,2026-02-01 16:20:35.643564,Success,,270,24,22,2,23732.73
TXN001333,C1871,1683.68,Net Banking,2026-02-01 16:54:52.169216,Success,,716,19,13,6,69277.79
TXN001334,C0646,13837.03,UPI,2026-02-01 17:29:08.694869,Abandoned,Checkout Abandoned,601,4,1,3,51497.52
TXN001335,C0118,21043.29,Net Banking,2026-02-01 18:03:25.220522,Success,,589,26,7,19,111853.22
TXN001336,C0881,24921.55,UPI,2026-02-01 18:37:41.746174,Success,,658,4,3,1,35911.54
TXN001337,C1630,10815.55,UPI,2026-02-01 19:11:58.271827,Abandoned,Checkout Abandoned,13,26,19,7,110581.67
TXN001338,C0504,8075.44,Debit Card,2026-02-01 19:46:14.797479,Success,,350,24,12,12,43577.91
TXN001339,C0947,22675.67,UPI,2026-02-01 20:20:31.323132,Failed,Network Error,638,30,26,4,89112.95
TXN001340,C0574,4861.93,Wallet,2026-02-01 20:54:47.848784,Success,,104,23,20,3,95945.3
TXN001341,C1465,15424.18,Debit Card,2026-02-01 21:29:04.374437,Success,,730,12,8,4,100931.32
TXN001342,C0194,10202.29,Debit Card,2026-02-01 22:03:20.900090,Success,,25,15,14,1,26713.18
TXN001343,C0847,1122.95,UPI,2026-02-01 22:37:37.425742,Success,,120,25,6,19,42765.35
TXN001344,C0715,8747.48,Debit Card,2026-02-01 23:11:53.951395,Success,,335,21,2,19,37294.29
TXN001345,C1416,6704.19,UPI,2026-02-01 23:46:10.477047,Success,,231,30,19,11,86635.98
TXN001346,C1050,17183.67,Net Banking,2026-02-02 00:20:27.002700,Success,,280,26,24,2,11824.09
TXN001347,C1459,23724.88,UPI,2026-02-02 00:54:43.528352,Abandoned,Checkout Abandoned,884,25,0,25,77979.34
TXN001348,C0173,6774.37,Debit Card,2026-02-02 01:29:00.054005,Success,,445,10,7,3,13576.32
TXN001349,C1324,20305.5,UPI,2026-02-02 02:03:16.579657,Success,,680,14,7,7,50889.87
TXN001350,C1669,1478.46,UPI,2026-02-02 02:37:33.105310,Success,,103,25,13,12,103162.56
TXN001351,C0326,13499.21,Credit Card,2026-02-02 03:11:49.630963,Success,,345,16,12,4,62178.33
TXN001352,C1434,1856.7,UPI,2026-02-02 03:46:06.156615,Abandoned,Checkout Abandoned,821,14,6,8,42411.1
TXN001353,C1142,23357.42,Debit Card,2026-02-02 04:20:22.682268,Success,,510,22,12,10,92570.65
TXN001354,C0836,19182.15,UPI,2026-02-02 04:54:39.207920,Success,,173,24,21,3,111170.23
TXN001355,C1811,16482.95,UPI,2026-02-02 05:28:55.733573,Failed,Insufficient Balance,395,11,6,5,38560.45
TXN001356,C0724,20615.02,Credit Card,2026-02-02 06:03:12.259225,Success,,421,3,1,2,45260.29
TXN001357,C0225,16223.24,UPI,2026-02-02 06:37:28.784878,Success,,377,3,3,0,96223.94
TXN001358,C0532,24226.72,UPI,2026-02-02 07:11:45.310531,Failed,Card Declined,305,20,19,1,144800.88
TXN001359,C0113,17877.55,Net Banking,2026-02-02 07:46:01.836183,Failed,Network Error,328,15,4,11,32473.79
TXN001360,C0140,23124.0,UPI,2026-02-02 08:20:18.361836,Success,,264,14,3,11,98310.02
TXN001361,C0559,12976.58,UPI,2026-02-02 08:54:34.887488,Success,,840,7,3,4,136035.18
TXN001362,C0001,3014.9,UPI,2026-02-02 09:28:51.413141,Abandoned,Checkout Abandoned,794,26,24,2,69564.03
TXN001363,C0090,13251.63,UPI,2026-02-02 10:03:07.938793,Success,,498,20,5,15,47868.21
TXN001364,C0654,3259.13,Credit Card,2026-02-02 10:37:24.464446,Failed,Insufficient Balance,559,19,13,6,100197.22
TXN001365,C0320,14853.09,UPI,2026-02-02 11:11:40.990099,Abandoned,Checkout Abandoned,429,7,2,5,5199.06
TXN001366,C1574,12114.08,Debit Card,2026-02-02 11:45:57.515751,Success,,703,10,2,8,54344.0
TXN001367,C1829,15602.13,UPI,2026-02-02 12:20:14.041404,Success,,196,20,2,18,39067.12
TXN001368,C1918,350.17,UPI,2026-02-02 12:54:30.567056,Success,,34,23,3,20,34080.94
TXN001369,C0139,4951.53,UPI,2026-02-02 13:28:47.092709,Success,,854,16,8,8,27374.01
TXN001370,C1535,12334.13,Credit Card,2026-02-02 14:03:03.618361,Success,,151,2,1,1,110690.96
TXN001371,C1892,23767.54,Wallet,2026-02-02 14:37:20.144014,Abandoned,Checkout Abandoned,437,6,2,4,143287.42
TXN001372,C0845,9651.87,Credit Card,2026-02-02 15:11:36.669666,Success,,133,11,11,0,58023.21
TXN001373,C0259,10666.86,Wallet,2026-02-02 15:45:53.195319,Success,,34,0,0,0,7840.94
TXN001374,C1697,17895.93,UPI,2026-02-02 16:20:09.720972,Success,,812,10,5,5,107977.32
TXN001375,C0902,15134.44,UPI,2026-02-02 16:54:26.246624,Success,,486,4,3,1,80961.55
TXN001376,C0690,7543.26,UPI,2026-02-02 17:28:42.772277,Success,,472,5,4,1,108684.87
TXN001377,C0010,10329.33,UPI,2026-02-02 18:02:59.297929,Success,,856,13,13,0,97361.67
TXN001378,C0261,5520.72,UPI,2026-02-02 18:37:15.823582,Success,,696,27,20,7,135862.68
TXN001379,C1943,24153.93,UPI,2026-02-02 19:11:32.349234,Failed,Bank Timeout,440,28,2,26,21495.81
TXN001380,C1674,3352.8,UPI,2026-02-02 19:45:48.874887,Success,,241,16,4,12,25789.7
TXN001381,C0172,9358.74,UPI,2026-02-02 20:20:05.400540,Success,,666,22,6,16,51564.6
TXN001382,C0898,743.39,UPI,2026-02-02 20:54:21.926192,Success,,354,24,24,0,73962.63
TXN001383,C0013,5622.31,UPI,2026-02-02 21:28:38.451845,Failed,Network Error,32,24,4,20,138894.21
TXN001384,C1192,19533.73,Net Banking,2026-02-02 22:02:54.977497,Abandoned,Checkout Abandoned,745,2,0,2,136091.15
TXN001385,C1666,5109.26,UPI,2026-02-02 22:37:11.503150,Success,,131,3,2,1,130844.88
TXN001386,C1620,2093.58,Debit Card,2026-02-02 23:11:28.028802,Failed,Technical Error,232,30,20,10,33767.78
TXN001387,C0321,11913.88,Credit Card,2026-02-02 23:45:44.554455,Success,,239,29,19,10,109586.62
TXN001388,C1343,348.23,UPI,2026-02-03 00:20:01.080108,Success,,26,0,0,0,57832.02
TXN001389,C1637,2210.68,UPI,2026-02-03 00:54:17.605760,Failed,Bank Timeout,294,28,5,23,139711.85
TXN001390,C0329,20209.88,UPI,2026-02-03 01:28:34.131413,Success,,11,3,3,0,32573.11
TXN001391,C0785,19309.69,Credit Card,2026-02-03 02:02:50.657065,Success,,276,13,3,10,21618.06
TXN001392,C0777,22886.96,UPI,2026-02-03 02:37:07.182718,Success,,537,20,4,16,126436.58
TXN001393,C1995,21377.43,UPI,2026-02-03 03:11:23.708370,Success,,858,6,1,5,107677.69
TXN001394,C0911,17111.07,UPI,2026-02-03 03:45:40.234023,Success,,542,20,16,4,123302.54
TXN001395,C1944,1403.09,Net Banking,2026-02-03 04:19:56.759675,Success,,260,23,9,14,24112.54
TXN001396,C1574,19592.93,UPI,2026-02-03 04:54:13.285328,Success,,286,6,3,3,132776.51
TXN001397,C1443,21153.22,Credit Card,2026-02-03 05:28:29.810981,Success,,15,0,0,0,101804.24
TXN001398,C1630,19997.15,Credit Card,2026-02-03 06:02:46.336633,Success,,823,27,0,27,97908.34
TXN001399,C1119,12761.13,Net Banking,2026-02-03 06:37:02.862286,Success,,246,1,1,0,87596.29
TXN001400,C1841,5899.26,Credit Card,2026-02-03 07:11:19.387938,Failed,Bank Timeout,544,22,15,7,114849.03
TXN001401,C1605,21148.72,Credit Card,2026-02-03 07:45:35.913591,Success,,835,2,2,0,62633.44
TXN001402,C0318,18206.35,Wallet,2026-02-03 08:19:52.439243,Abandoned,Checkout Abandoned,706,17,0,17,20356.78
TXN001403,C1980,24520.95,Debit Card,2026-02-03 08:54:08.964896,Abandoned,Checkout Abandoned,233,10,2,8,81120.1
TXN001404,C0236,3976.75,UPI,2026-02-03 09:28:25.490549,Success,,560,11,5,6,112341.24
TXN001405,C1970,5719.05,UPI,2026-02-03 10:02:42.016201,Success,,495,13,0,13,23470.29
TXN001406,C0334,5373.77,Debit Card,2026-02-03 10:36:58.541854,Success,,422,8,5,3,33991.09
TXN001407,C1909,19834.24,Net Banking,2026-02-03 11:11:15.067506,Success,,40,27,1,26,104633.57
TXN001408,C0376,4753.99,Credit Card,2026-02-03 11:45:31.593159,Success,,482,9,9,0,40812.81
TXN001409,C1483,1759.83,Credit Card,2026-02-03 12:19:48.118811,Success,,523,12,4,8,25906.16
TXN001410,C1161,24964.16,Credit Card,2026-02-03 12:54:04.644464,Success,,351,23,10,13,133464.12
TXN001411,C1954,717.95,UPI,2026-02-03 13:28:21.170117,Abandoned,Checkout Abandoned,174,23,9,14,24553.86
TXN001412,C0588,20897.58,Debit Card,2026-02-03 14:02:37.695769,Abandoned,Checkout Abandoned,309,2,2,0,51950.21
TXN001413,C1571,9197.63,UPI,2026-02-03 14:36:54.221422,Success,,463,26,17,9,64550.33
TXN001414,C0513,21056.22,Wallet,2026-02-03 15:11:10.747074,Success,,648,25,16,9,71682.93
TXN001415,C1320,13910.05,Debit Card,2026-02-03 15:45:27.272727,Success,,840,8,3,5,54515.83
TXN001416,C1344,22550.62,Credit Card,2026-02-03 16:19:43.798379,Success,,899,23,1,22,136924.51
TXN001417,C0918,23162.21,UPI,2026-02-03 16:54:00.324032,Failed,Technical Error,490,27,24,3,98964.47
TXN001418,C1596,326.54,UPI,2026-02-03 17:28:16.849684,Failed,Bank Timeout,84,1,1,0,54244.45
TXN001419,C1856,1977.76,UPI,2026-02-03 18:02:33.375337,Success,,318,22,10,12,53979.1
TXN001420,C1373,6333.93,Debit Card,2026-02-03 18:36:49.900990,Success,,85,7,2,5,75691.4
TXN001421,C1864,16765.95,Credit Card,2026-02-03 19:11:06.426642,Success,,396,27,11,16,5532.65
TXN001422,C1803,22217.98,UPI,2026-02-03 19:45:22.952295,Abandoned,Checkout Abandoned,359,6,0,6,139033.1
TXN001423,C0873,11552.55,Credit Card,2026-02-03 20:19:39.477947,Success,,284,8,3,5,33884.75
TXN001424,C1253,15213.63,Net Banking,2026-02-03 20:53:56.003600,Success,,310,12,9,3,104790.09
TXN001425,C0270,4793.65,UPI,2026-02-03 21:28:12.529252,Failed,Bank Timeout,756,6,3,3,116769.55
TXN001426,C1852,20143.67,Credit Card,2026-02-03 22:02:29.054905,Failed,Insufficient Balance,64,27,6,21,124193.76
TXN001427,C0798,24186.47,Debit Card,2026-02-03 22:36:45.580558,Abandoned,Checkout Abandoned,720,6,6,0,25263.53
TXN001428,C1315,6788.11,Credit Card,2026-02-03 23:11:02.106210,Success,,469,0,0,0,80735.61
TXN001429,C0725,12421.17,Debit Card,2026-02-03 23:45:18.631863,Success,,550,1,1,0,13009.32
TXN001430,C1189,2244.29,Credit Card,2026-02-04 00:19:35.157515,Success,,825,29,7,22,120816.46
TXN001431,C0005,14022.5,Wallet,2026-02-04 00:53:51.683168,Abandoned,Checkout Abandoned,849,20,10,10,73224.5
TXN001432,C0851,12619.31,UPI,2026-02-04 01:28:08.208820,Failed,Insufficient Balance,584,28,5,23,24194.11
TXN001433,C1403,3696.47,Credit Card,2026-02-04 02:02:24.734473,Failed,Network Error,670,28,24,4,107942.5
TXN001434,C0078,11107.45,UPI,2026-02-04 02:36:41.260126,Success,,322,26,20,6,50009.89
TXN001435,C1434,8419.21,UPI,2026-02-04 03:10:57.785778,Failed,Network Error,278,29,26,3,17618.74
TXN001436,C0574,13093.59,UPI,2026-02-04 03:45:14.311431,Success,,506,16,2,14,69430.54
TXN001437,C0132,14682.79,UPI,2026-02-04 04:19:30.837083,Success,,164,27,20,7,35669.37
TXN001438,C0601,311.54,Wallet,2026-02-04 04:53:47.362736,Success,,205,9,3,6,142558.16
TXN001439,C1773,19049.05,Wallet,2026-02-04 05:28:03.888388,Success,,489,14,2,12,54523.57
TXN001440,C1066,17854.06,UPI,2026-02-04 06:02:20.414041,Success,,865,15,0,15,86081.71
TXN001441,C0089,9220.53,Credit Card,2026-02-04 06:36:36.939693,Failed,Network Error,457,22,3,19,142279.97
TXN001442,C0402,1418.1,Credit Card,2026-02-04 07:10:53.465346,Failed,Insufficient Balance,114,20,18,2,59361.32
TXN001443,C0296,18897.82,Net Banking,2026-02-04 07:45:09.990999,Success,,786,12,11,1,54039.97
TXN001444,C1864,23883.86,Credit Card,2026-02-04 08:19:26.516651,Success,,83,20,19,1,24779.64
TXN001445,C1319,6079.77,UPI,2026-02-04 08:53:43.042304,Success,,84,7,0,7,140776.38
TXN001446,C0616,8155.76,Debit Card,2026-02-04 09:27:59.567956,Success,,106,8,5,3,120211.34
TXN001447,C1550,4676.94,Debit Card,2026-02-04 10:02:16.093609,Success,,250,25,18,7,33541.14
TXN001448,C0800,14465.71,Credit Card,2026-02-04 10:36:32.619261,Failed,Network Error,400,0,0,0,50234.83
TXN001449,C1715,3955.55,Net Banking,2026-02-04 11:10:49.144914,Success,,660,25,23,2,137279.31
TXN001450,C1661,8969.23,Net Banking,2026-02-04 11:45:05.670567,Failed,Bank Timeout,118,3,2,1,80823.3
TXN001451,C0422,17455.62,Credit Card,2026-02-04 12:19:22.196219,Failed,Insufficient Balance,37,30,13,17,83671.98
TXN001452,C1889,14046.89,Credit Card,2026-02-04 12:53:38.721872,Success,,111,26,9,17,97397.6
TXN001453,C1047,9722.92,Wallet,2026-02-04 13:27:55.247524,Success,,871,17,8,9,114443.49
TXN001454,C0575,10564.22,UPI,2026-02-04 14:02:11.773177,Success,,128,29,24,5,140923.19
TXN001455,C0143,14096.56,UPI,2026-02-04 14:36:28.298829,Success,,593,24,15,9,120432.65
TXN001456,C0993,246.03,UPI,2026-02-04 15:10:44.824482,Failed,Network Error,36,24,14,10,140215.11
TXN001457,C0665,2054.9,Net Banking,2026-02-04 15:45:01.350135,Failed,Bank Timeout,159,0,0,0,123181.16
TXN001458,C0145,22043.33,Debit Card,2026-02-04 16:19:17.875787,Success,,691,2,2,0,7441.89
TXN001459,C1249,2039.19,UPI,2026-02-04 16:53:34.401440,Abandoned,Checkout Abandoned,681,9,1,8,18071.43
TXN001460,C1007,17699.41,Wallet,2026-02-04 17:27:50.927092,Success,,151,23,20,3,132791.49
TXN001461,C0503,23008.95,Debit Card,2026-02-04 18:02:07.452745,Abandoned,Checkout Abandoned,163,1,0,1,4640.62
TXN001462,C1986,6840.02,Net Banking,2026-02-04 18:36:23.978397,Success,,501,17,9,8,119229.11
TXN001463,C1998,9325.24,UPI,2026-02-04 19:10:40.504050,Failed,Network Error,771,1,0,1,127551.64
TXN001464,C0821,14266.14,Credit Card,2026-02-04 19:44:57.029702,Success,,192,12,6,6,62611.95
TXN001465,C1640,22054.55,Debit Card,2026-02-04 20:19:13.555355,Failed,Card Declined,212,20,6,14,53550.79
TXN001466,C0104,23553.45,Credit Card,2026-02-04 20:53:30.081008,Success,,80,29,19,10,29563.43
TXN001467,C1971,18515.12,Debit Card,2026-02-04 21:27:46.606660,Success,,192,8,6,2,7813.37
TXN001468,C1063,2256.83,Net Banking,2026-02-04 22:02:03.132313,Success,,182,22,2,20,111934.75
TXN001469,C1971,16761.94,UPI,2026-02-04 22:36:19.657965,Failed,Network Error,551,28,17,11,11522.2
TXN001470,C0198,10316.56,Net Banking,2026-02-04 23:10:36.183618,Success,,843,22,11,11,141728.11
TXN001471,C1670,11820.45,UPI,2026-02-04 23:44:52.709270,Success,,364,30,22,8,44863.15
TXN001472,C0579,1323.79,UPI,2026-02-05 00:19:09.234923,Failed,Card Declined,163,1,0,1,119239.53
TXN001473,C0391,4857.45,UPI,2026-02-05 00:53:25.760576,Abandoned,Checkout Abandoned,610,1,1,0,9422.56
TXN001474,C1203,19783.79,UPI,2026-02-05 01:27:42.286228,Success,,394,4,1,3,80673.66
TXN001475,C1992,11403.57,UPI,2026-02-05 02:01:58.811881,Failed,Network Error,742,27,8,19,52690.38
TXN001476,C0554,7611.39,Net Banking,2026-02-05 02:36:15.337533,Success,,320,13,4,9,4985.17
TXN001477,C1472,9662.07,Debit Card,2026-02-05 03:10:31.863186,Failed,Technical Error,879,22,17,5,98542.0
TXN001478,C1524,21374.55,UPI,2026-02-05 03:44:48.388838,Failed,Network Error,842,22,22,0,141502.83
TXN001479,C1039,18750.08,Debit Card,2026-02-05 04:19:04.914491,Success,,34,24,8,16,2107.54
TXN001480,C1647,6880.65,UPI,2026-02-05 04:53:21.440144,Success,,107,2,0,2,40930.32
TXN001481,C1693,3025.8,UPI,2026-02-05 05:27:37.965796,Success,,563,13,2,11,105689.06
TXN001482,C1313,6374.76,Credit Card,2026-02-05 06:01:54.491449,Success,,309,0,0,0,130752.43
TXN001483,C0478,23026.84,Credit Card,2026-02-05 06:36:11.017101,Abandoned,Checkout Abandoned,78,8,3,5,29021.49
TXN001484,C1255,14581.56,Debit Card,2026-02-05 07:10:27.542754,Success,,370,15,8,7,11072.16
TXN001485,C0923,13383.66,UPI,2026-02-05 07:44:44.068406,Abandoned,Checkout Abandoned,785,16,14,2,1791.89
TXN001486,C0420,14950.2,Debit Card,2026-02-05 08:19:00.594059,Success,,883,7,3,4,32673.36
TXN001487,C0157,9214.1,Debit Card,2026-02-05 08:53:17.119711,Abandoned,Checkout Abandoned,72,29,22,7,11161.94
TXN001488,C0550,20196.96,Wallet,2026-02-05 09:27:33.645364,Failed,Insufficient Balance,727,14,5,9,54227.62
TXN001489,C1465,13129.83,UPI,2026-02-05 10:01:50.171017,Failed,Insufficient Balance,669,29,8,21,66298.8
TXN001490,C1121,3007.02,Credit Card,2026-02-05 10:36:06.696669,Success,,504,20,10,10,72248.61
TXN001491,C1021,3313.72,Credit Card,2026-02-05 11:10:23.222322,Success,,433,7,4,3,21778.23
TXN001492,C0997,13467.79,Wallet,2026-02-05 11:44:39.747974,Success,,850,6,6,0,69866.21
TXN001493,C1435,23420.6,UPI,2026-02-05 12:18:56.273627,Success,,389,8,3,5,1853.22
TXN001494,C0951,7777.97,Credit Card,2026-02-05 12:53:12.799279,Success,,264,1,0,1,36293.45
TXN001495,C0289,21751.58,UPI,2026-02-05 13:27:29.324932,Failed,Card Declined,772,24,14,10,55678.36
TXN001496,C1278,19125.98,Credit Card,2026-02-05 14:01:45.850585,Success,,270,9,8,1,18193.56
TXN001497,C0196,6270.53,UPI,2026-02-05 14:36:02.376237,Success,,138,4,0,4,122193.69
TXN001498,C0598,1004.88,UPI,2026-02-05 15:10:18.901890,Success,,532,15,11,4,30581.25
TXN001499,C1858,2636.0,Credit Card,2026-02-05 15:44:35.427542,Success,,431,20,5,15,113356.01
TXN001500,C1546,18239.5,UPI,2026-02-05 16:18:51.953195,Success,,538,0,0,0,71347.01
TXN001501,C0517,5071.78,UPI,2026-02-05 16:53:08.478847,Success,,589,5,0,5,72221.59
TXN001502,C1659,9344.65,UPI,2026-02-05 17:27:25.004500,Success,,425,9,0,9,96956.55
TXN001503,C1866,12592.31,UPI,2026-02-05 18:01:41.530153,Failed,Insufficient Balance,14,9,0,9,7119.52
TXN001504,C0865,18164.16,Wallet,2026-02-05 18:35:58.055805,Success,,215,25,17,8,12274.52
TXN001505,C1142,2919.46,Credit Card,2026-02-05 19:10:14.581458,Failed,Bank Timeout,478,25,21,4,49363.1
TXN001506,C0806,10218.52,Net Banking,2026-02-05 19:44:31.107110,Success,,91,18,18,0,62814.96
TXN001507,C1933,12178.32,UPI,2026-02-05 20:18:47.632763,Failed,Technical Error,76,12,10,2,64776.15
TXN001508,C1183,13566.59,Net Banking,2026-02-05 20:53:04.158415,Success,,766,25,21,4,101694.63
TXN001509,C0815,20477.18,Credit Card,2026-02-05 21:27:20.684068,Success,,276,18,17,1,605.4
TXN001510,C0228,4374.79,Credit Card,2026-02-05 22:01:37.209720,Success,,760,2,0,2,143886.21
TXN001511,C1901,20215.0,Credit Card,2026-02-05 22:35:53.735373,Failed,Technical Error,752,12,9,3,26585.87
TXN001512,C0216,17352.67,Debit Card,2026-02-05 23:10:10.261026,Success,,749,3,1,2,37670.44
TXN001513,C0948,13941.18,Credit Card,2026-02-05 23:44:26.786678,Success,,484,24,22,2,135891.26
TXN001514,C1720,17518.24,UPI,2026-02-06 00:18:43.312331,Success,,495,28,21,7,1320.96
TXN001515,C0015,10359.24,UPI,2026-02-06 00:52:59.837983,Success,,162,7,1,6,148700.26
TXN001516,C1181,3546.1,Credit Card,2026-02-06 01:27:16.363636,Success,,563,11,4,7,5875.62
TXN001517,C1672,16677.55,Credit Card,2026-02-06 02:01:32.889288,Success,,496,21,9,12,18521.56
TXN001518,C1285,13164.34,UPI,2026-02-06 02:35:49.414941,Success,,812,23,14,9,36395.95
TXN001519,C1181,16020.43,UPI,2026-02-06 03:10:05.940594,Abandoned,Checkout Abandoned,600,23,13,10,66088.89
TXN001520,C0047,8516.17,Credit Card,2026-02-06 03:44:22.466246,Abandoned,Checkout Abandoned,580,16,5,11,78008.5
TXN001521,C0324,22680.98,Net Banking,2026-02-06 04:18:38.991899,Success,,638,24,13,11,16155.41
TXN001522,C0844,14725.51,UPI,2026-02-06 04:52:55.517551,Success,,770,0,0,0,11514.25
TXN001523,C1709,2226.52,UPI,2026-02-06 05:27:12.043204,Success,,57,26,23,3,5262.93
TXN001524,C0130,11300.12,Net Banking,2026-02-06 06:01:28.568856,Success,,734,1,0,1,38884.23
TXN001525,C1435,18933.27,Credit Card,2026-02-06 06:35:45.094509,Success,,780,8,4,4,138269.18
TXN001526,C0095,19873.95,UPI,2026-02-06 07:10:01.620162,Success,,33,22,13,9,58781.46
TXN001527,C0627,12415.47,Net Banking,2026-02-06 07:44:18.145814,Abandoned,Checkout Abandoned,384,25,11,14,114719.11
TXN001528,C0755,22379.21,Credit Card,2026-02-06 08:18:34.671467,Failed,Bank Timeout,757,0,0,0,28933.14
TXN001529,C1956,6764.94,Credit Card,2026-02-06 08:52:51.197119,Success,,718,18,3,15,10169.54
TXN001530,C1316,10323.91,Wallet,2026-02-06 09:27:07.722772,Success,,366,29,25,4,83364.83
TXN001531,C0794,22475.06,Wallet,2026-02-06 10:01:24.248424,Failed,Card Declined,42,16,11,5,123402.81
TXN001532,C1835,22416.79,UPI,2026-02-06 10:35:40.774077,Failed,Bank Timeout,481,4,4,0,134819.76
TXN001533,C1307,17174.25,UPI,2026-02-06 11:09:57.299729,Success,,847,14,0,14,82157.59
TXN001534,C0069,21488.62,UPI,2026-02-06 11:44:13.825382,Failed,Bank Timeout,184,19,18,1,44457.83
TXN001535,C1684,2310.45,UPI,2026-02-06 12:18:30.351035,Success,,574,23,15,8,16872.01
TXN001536,C0011,21638.37,UPI,2026-02-06 12:52:46.876687,Success,,694,24,17,7,100339.52
TXN001537,C1278,8083.44,UPI,2026-02-06 13:27:03.402340,Success,,507,30,5,25,42425.3
TXN001538,C1866,4540.45,Wallet,2026-02-06 14:01:19.927992,Failed,Technical Error,732,11,8,3,126672.38
TXN001539,C0872,6060.31,Net Banking,2026-02-06 14:35:36.453645,Success,,322,3,1,2,90965.61
TXN001540,C0550,10507.42,Credit Card,2026-02-06 15:09:52.979297,Success,,734,14,2,12,128902.35
TXN001541,C1158,6354.68,Credit Card,2026-02-06 15:44:09.504950,Success,,207,2,2,0,85214.62
TXN001542,C0712,8082.13,UPI,2026-02-06 16:18:26.030603,Failed,Network Error,817,13,11,2,115875.48
TXN001543,C0023,3460.96,UPI,2026-02-06 16:52:42.556255,Failed,Technical Error,12,3,3,0,44498.62
TXN001544,C0815,7474.8,UPI,2026-02-06 17:26:59.081908,Success,,58,18,1,17,75707.29
TXN001545,C0346,14349.87,Debit Card,2026-02-06 18:01:15.607560,Abandoned,Checkout Abandoned,23,5,1,4,3401.25
TXN001546,C0302,11102.16,UPI,2026-02-06 18:35:32.133213,Success,,413,16,5,11,91370.85
TXN001547,C0363,8733.3,Net Banking,2026-02-06 19:09:48.658865,Success,,727,17,4,13,80294.03
TXN001548,C0396,18686.66,Credit Card,2026-02-06 19:44:05.184518,Success,,203,7,0,7,113414.71
TXN001549,C0218,22348.4,UPI,2026-02-06 20:18:21.710171,Success,,802,18,12,6,109478.92
TXN001550,C0141,18944.05,UPI,2026-02-06 20:52:38.235823,Success,,269,19,6,13,94328.74
TXN001551,C1640,8366.82,Credit Card,2026-02-06 21:26:54.761476,Failed,Technical Error,256,11,6,5,8974.47
TXN001552,C0958,18636.61,Net Banking,2026-02-06 22:01:11.287128,Success,,584,16,0,16,135499.95
TXN001553,C1234,3884.31,Debit Card,2026-02-06 22:35:27.812781,Success,,441,30,9,21,3193.87
TXN001554,C0985,3344.92,UPI,2026-02-06 23:09:44.338433,Success,,576,18,17,1,120588.52
TXN001555,C0993,8706.11,Credit Card,2026-02-06 23:44:00.864086,Success,,490,0,0,0,72162.28
TXN001556,C1647,20211.79,UPI,2026-02-07 00:18:17.389738,Success,,267,10,2,8,122790.04
TXN001557,C1640,6234.07,Wallet,2026-02-07 00:52:33.915391,Abandoned,Checkout Abandoned,544,9,4,5,70027.95
TXN001558,C0828,1675.01,Debit Card,2026-02-07 01:26:50.441044,Failed,Insufficient Balance,117,15,13,2,97217.2
TXN001559,C0683,3379.57,Credit Card,2026-02-07 02:01:06.966696,Abandoned,Checkout Abandoned,185,4,2,2,54808.19
TXN001560,C1484,21482.75,UPI,2026-02-07 02:35:23.492349,Success,,478,16,14,2,111679.97
TXN001561,C1004,15881.2,Credit Card,2026-02-07 03:09:40.018001,Success,,896,27,11,16,38499.34
TXN001562,C0356,6404.71,UPI,2026-02-07 03:43:56.543654,Success,,536,8,3,5,108043.71
TXN001563,C1008,13926.87,UPI,2026-02-07 04:18:13.069306,Failed,Bank Timeout,828,22,15,7,29410.71
TXN001564,C1348,13236.73,UPI,2026-02-07 04:52:29.594959,Success,,161,26,10,16,108464.07
TXN001565,C1157,16420.36,Wallet,2026-02-07 05:26:46.120612,Success,,285,7,3,4,44403.86
TXN001566,C0888,5906.37,Credit Card,2026-02-07 06:01:02.646264,Success,,833,24,5,19,42155.45
TXN001567,C1829,21623.63,UPI,2026-02-07 06:35:19.171917,Success,,47,9,8,1,121818.34
TXN001568,C1864,7803.28,Net Banking,2026-02-07 07:09:35.697569,Success,,290,7,7,0,122147.05
TXN001569,C0127,17383.88,UPI,2026-02-07 07:43:52.223222,Success,,607,2,1,1,103864.65
TXN001570,C1130,501.5,UPI,2026-02-07 08:18:08.748874,Success,,440,22,12,10,138624.34
TXN001571,C1009,9379.16,UPI,2026-02-07 08:52:25.274527,Abandoned,Checkout Abandoned,845,22,7,15,23850.96
TXN001572,C0604,8857.57,Credit Card,2026-02-07 09:26:41.800180,Success,,601,29,11,18,40763.54
TXN001573,C1823,13632.76,Credit Card,2026-02-07 10:00:58.325832,Success,,329,22,20,2,44455.11
TXN001574,C1402,1911.13,Credit Card,2026-02-07 10:35:14.851485,Failed,Technical Error,180,11,9,2,46140.31
TXN001575,C1929,19774.27,Debit Card,2026-02-07 11:09:31.377137,Success,,80,23,5,18,49540.78
TXN001576,C1014,5522.74,UPI,2026-02-07 11:43:47.902790,Success,,97,3,2,1,104702.87
TXN001577,C0051,16958.24,Debit Card,2026-02-07 12:18:04.428442,Failed,Bank Timeout,66,26,14,12,40978.34
TXN001578,C1053,20099.98,UPI,2026-02-07 12:52:20.954095,Success,,176,21,7,14,43245.36
TXN001579,C1486,14090.74,Debit Card,2026-02-07 13:26:37.479747,Success,,640,17,1,16,85776.98
TXN001580,C1320,18547.99,Debit Card,2026-02-07 14:00:54.005400,Success,,806,22,15,7,29407.15
TXN001581,C1321,16580.32,Debit Card,2026-02-07 14:35:10.531053,Success,,245,8,0,8,55050.68
TXN001582,C1750,8952.69,Credit Card,2026-02-07 15:09:27.056705,Success,,407,20,10,10,9162.09
TXN001583,C0779,20240.58,Debit Card,2026-02-07 15:43:43.582358,Success,,329,3,3,0,142905.79
TXN001584,C1431,7438.06,UPI,2026-02-07 16:18:00.108010,Success,,824,1,0,1,47937.5
TXN001585,C1793,14323.2,Net Banking,2026-02-07 16:52:16.633663,Success,,541,6,1,5,127581.3
TXN001586,C0814,18660.4,UPI,2026-02-07 17:26:33.159315,Success,,16,17,12,5,79726.87
TXN001587,C1637,9536.0,UPI,2026-02-07 18:00:49.684968,Success,,731,1,0,1,34617.72
TXN001588,C1429,7638.91,Credit Card,2026-02-07 18:35:06.210621,Success,,467,24,20,4,29417.42
TXN001589,C1370,11537.72,Debit Card,2026-02-07 19:09:22.736273,Success,,247,1,1,0,104396.63
TXN001590,C1646,20467.29,UPI,2026-02-07 19:43:39.261926,Success,,871,9,3,6,144747.89
TXN001591,C0420,23255.05,Wallet,2026-02-07 20:17:55.787578,Success,,460,2,0,2,27868.92
TXN001592,C1206,13672.58,Wallet,2026-02-07 20:52:12.313231,Success,,123,18,1,17,17755.47
TXN001593,C0983,16570.51,Credit Card,2026-02-07 21:26:28.838883,Success,,501,1,0,1,58371.35
TXN001594,C0825,22591.51,Credit Card,2026-02-07 22:00:45.364536,Success,,318,25,3,22,59374.68
TXN001595,C1025,2553.82,Debit Card,2026-02-07 22:35:01.890189,Success,,458,2,0,2,121034.82
TXN001596,C1855,5878.76,UPI,2026-02-07 23:09:18.415841,Abandoned,Checkout Abandoned,167,8,4,4,70598.95
TXN001597,C1974,17751.61,Credit Card,2026-02-07 23:43:34.941494,Success,,843,10,9,1,9837.95
TXN001598,C0567,20611.24,Net Banking,2026-02-08 00:17:51.467146,Success,,408,30,14,16,138139.82
TXN001599,C0371,21440.02,Wallet,2026-02-08 00:52:07.992799,Success,,648,10,9,1,56291.59
TXN001600,C0936,10436.17,Wallet,2026-02-08 01:26:24.518451,Failed,Insufficient Balance,212,26,20,6,100445.49
TXN001601,C1935,2324.56,UPI,2026-02-08 02:00:41.044104,Success,,745,2,0,2,100289.5
TXN001602,C0661,11000.76,UPI,2026-02-08 02:34:57.569756,Success,,591,4,4,0,8923.14
TXN001603,C1455,5845.29,UPI,2026-02-08 03:09:14.095409,Success,,463,11,9,2,1038.9
TXN001604,C0969,7350.79,UPI,2026-02-08 03:43:30.621062,Success,,869,14,9,5,13661.54
TXN001605,C1333,19329.46,UPI,2026-02-08 04:17:47.146714,Abandoned,Checkout Abandoned,129,22,1,21,143501.4
TXN001606,C1161,1980.62,UPI,2026-02-08 04:52:03.672367,Abandoned,Checkout Abandoned,674,16,7,9,119201.95
TXN001607,C0202,20706.77,Credit Card,2026-02-08 05:26:20.198019,Success,,544,15,10,5,20235.84
TXN001608,C1460,10748.96,Debit Card,2026-02-08 06:00:36.723672,Success,,661,29,4,25,92423.04
TXN001609,C0313,14941.99,Debit Card,2026-02-08 06:34:53.249324,Failed,Bank Timeout,633,16,7,9,91990.08
TXN001610,C0117,2332.34,Net Banking,2026-02-08 07:09:09.774977,Success,,659,14,7,7,583.58
TXN001611,C1690,8500.24,UPI,2026-02-08 07:43:26.300630,Success,,189,25,12,13,64645.11
TXN001612,C0937,2333.55,UPI,2026-02-08 08:17:42.826282,Success,,640,12,12,0,106910.43
TXN001613,C1827,24042.44,Debit Card,2026-02-08 08:51:59.351935,Success,,651,1,0,1,28425.53
TXN001614,C0575,20200.82,Credit Card,2026-02-08 09:26:15.877587,Abandoned,Checkout Abandoned,709,16,14,2,127710.12
TXN001615,C0244,11544.86,Credit Card,2026-02-08 10:00:32.403240,Success,,521,0,0,0,99215.58
TXN001616,C0537,5667.7,UPI,2026-02-08 10:34:48.928892,Success,,502,29,14,15,1535.18
TXN001617,C1626,23343.03,UPI,2026-02-08 11:09:05.454545,Success,,602,29,23,6,128309.67
TXN001618,C0075,8680.46,Credit Card,2026-02-08 11:43:21.980198,Failed,Technical Error,722,9,9,0,3400.3
TXN001619,C1830,4108.51,Net Banking,2026-02-08 12:17:38.505850,Success,,336,3,2,1,133245.36
TXN001620,C0386,14122.79,Net Banking,2026-02-08 12:51:55.031503,Success,,406,9,6,3,50390.97
TXN001621,C1927,23599.98,Credit Card,2026-02-08 13:26:11.557155,Abandoned,Checkout Abandoned,595,11,9,2,104948.21
TXN001622,C1234,195.37,Credit Card,2026-02-08 14:00:28.082808,Success,,521,27,5,22,118220.93
TXN001623,C0475,6029.31,Net Banking,2026-02-08 14:34:44.608460,Success,,799,2,0,2,42549.69
TXN001624,C0418,23467.35,Credit Card,2026-02-08 15:09:01.134113,Success,,647,0,0,0,53787.31
TXN001625,C0347,4360.04,Credit Card,2026-02-08 15:43:17.659765,Success,,677,18,4,14,76676.49
TXN001626,C1553,2919.76,Net Banking,2026-02-08 16:17:34.185418,Success,,192,0,0,0,87612.38
TXN001627,C0640,14297.66,Debit Card,2026-02-08 16:51:50.711071,Success,,115,18,7,11,44160.26
TXN001628,C0939,21559.91,Net Banking,2026-02-08 17:26:07.236723,Failed,Bank Timeout,507,3,0,3,148863.11
TXN001629,C0955,11980.03,UPI,2026-02-08 18:00:23.762376,Success,,343,26,1,25,110682.2
TXN001630,C0876,24864.65,Credit Card,2026-02-08 18:34:40.288028,Failed,Insufficient Balance,668,12,0,12,41485.73
TXN001631,C0763,17011.38,Net Banking,2026-02-08 19:08:56.813681,Success,,383,26,25,1,96244.61
TXN001632,C1203,1944.47,UPI,2026-02-08 19:43:13.339333,Abandoned,Checkout Abandoned,10,13,6,7,65587.99
TXN001633,C1206,24821.52,Debit Card,2026-02-08 20:17:29.864986,Success,,484,13,12,1,129119.17
TXN001634,C0664,10256.57,UPI,2026-02-08 20:51:46.390639,Success,,461,23,22,1,49678.04
TXN001635,C0025,7256.32,Net Banking,2026-02-08 21:26:02.916291,Success,,193,2,0,2,28584.17
TXN001636,C1991,13991.19,Credit Card,2026-02-08 22:00:19.441944,Success,,97,18,3,15,7397.37
TXN001637,C1204,7677.26,UPI,2026-02-08 22:34:35.967596,Success,,713,28,6,22,147654.23
TXN001638,C0710,2252.79,Credit Card,2026-02-08 23:08:52.493249,Success,,494,24,9,15,54203.64
TXN001639,C1525,135.57,Debit Card,2026-02-08 23:43:09.018901,Success,,608,10,9,1,33467.51
TXN001640,C1880,11294.63,Credit Card,2026-02-09 00:17:25.544554,Success,,590,8,6,2,74019.39
TXN001641,C1185,20937.9,UPI,2026-02-09 00:51:42.070207,Success,,349,5,1,4,44100.08
TXN001642,C0177,14350.65,Net Banking,2026-02-09 01:25:58.595859,Failed,Network Error,631,25,25,0,35318.56
TXN001643,C0285,24980.26,Credit Card,2026-02-09 02:00:15.121512,Failed,Bank Timeout,881,3,1,2,92649.48
TXN001644,C0063,7242.48,Credit Card,2026-02-09 02:34:31.647164,Success,,181,25,1,24,11689.84
TXN001645,C1003,7083.33,UPI,2026-02-09 03:08:48.172817,Success,,387,4,1,3,76594.45
TXN001646,C0662,4077.76,Wallet,2026-02-09 03:43:04.698469,Success,,186,28,0,28,58420.98
TXN001647,C0666,4185.18,UPI,2026-02-09 04:17:21.224122,Failed,Technical Error,620,8,0,8,80113.13
TXN001648,C0156,7201.15,Credit Card,2026-02-09 04:51:37.749774,Failed,Insufficient Balance,45,0,0,0,48405.87
TXN001649,C1906,19841.72,Net Banking,2026-02-09 05:25:54.275427,Success,,462,22,16,6,85762.98
TXN001650,C1493,22653.34,UPI,2026-02-09 06:00:10.801080,Success,,234,14,5,9,12731.87
TXN001651,C1073,24379.67,Credit Card,2026-02-09 06:34:27.326732,Success,,865,10,4,6,56735.76
TXN001652,C0967,5884.01,UPI,2026-02-09 07:08:43.852385,Success,,302,22,15,7,36006.04
TXN001653,C0849,22044.31,Debit Card,2026-02-09 07:43:00.378037,Success,,482,25,6,19,65994.41
TXN001654,C1108,8273.55,Credit Card,2026-02-09 08:17:16.903690,Success,,262,0,0,0,60051.25
TXN001655,C1385,2909.73,Net Banking,2026-02-09 08:51:33.429342,Success,,60,29,14,15,94861.96
TXN001656,C0689,21763.62,Net Banking,2026-02-09 09:25:49.954995,Success,,302,16,1,15,94499.28
TXN001657,C0148,15939.03,Credit Card,2026-02-09 10:00:06.480648,Abandoned,Checkout Abandoned,162,14,10,4,62298.03
TXN001658,C1654,4201.8,Debit Card,2026-02-09 10:34:23.006300,Success,,863,13,8,5,27652.66
TXN001659,C0342,10802.8,Credit Card,2026-02-09 11:08:39.531953,Success,,758,8,8,0,87496.09
TXN001660,C0476,7252.72,UPI,2026-02-09 11:42:56.057605,Success,,270,22,19,3,144994.05
TXN001661,C1087,18446.18,Credit Card,2026-02-09 12:17:12.583258,Success,,657,3,1,2,28223.69
TXN001662,C1725,11390.06,Net Banking,2026-02-09 12:51:29.108910,Failed,Technical Error,775,8,7,1,10824.35
TXN001663,C1384,24733.07,UPI,2026-02-09 13:25:45.634563,Success,,830,27,19,8,40051.9
TXN001664,C0561,1463.15,UPI,2026-02-09 14:00:02.160216,Success,,114,4,4,0,62231.59
TXN001665,C0327,8939.88,UPI,2026-02-09 14:34:18.685868,Success,,376,2,1,1,46275.17
TXN001666,C1793,12099.31,UPI,2026-02-09 15:08:35.211521,Success,,292,17,1,16,125289.1
TXN001667,C1760,12628.03,UPI,2026-02-09 15:42:51.737173,Success,,326,8,5,3,74207.64
TXN001668,C1165,7966.8,Credit Card,2026-02-09 16:17:08.262826,Success,,492,3,0,3,37296.12
TXN001669,C0990,18258.08,Credit Card,2026-02-09 16:51:24.788478,Success,,842,6,3,3,142554.76
TXN001670,C0215,21881.2,Credit Card,2026-02-09 17:25:41.314131,Success,,93,0,0,0,19196.89
TXN001671,C0435,23474.11,UPI,2026-02-09 17:59:57.839783,Success,,720,15,7,8,18875.26
TXN001672,C1915,20146.83,Credit Card,2026-02-09 18:34:14.365436,Success,,54,24,10,14,37170.09
TXN001673,C0952,21279.45,Net Banking,2026-02-09 19:08:30.891089,Success,,396,27,0,27,11977.43
TXN001674,C0723,13808.58,Wallet,2026-02-09 19:42:47.416741,Success,,198,24,4,20,112872.08
TXN001675,C1342,20664.62,Credit Card,2026-02-09 20:17:03.942394,Success,,499,25,24,1,47265.22
TXN001676,C0032,7657.25,UPI,2026-02-09 20:51:20.468046,Success,,59,5,4,1,109610.78
TXN001677,C0670,10022.12,Wallet,2026-02-09 21:25:36.993699,Success,,825,5,0,5,114529.25
TXN001678,C0285,7991.13,Debit Card,2026-02-09 21:59:53.519351,Success,,210,13,9,4,36009.02
TXN001679,C1329,11737.94,UPI,2026-02-09 22:34:10.045004,Success,,184,30,22,8,77995.36
TXN001680,C0429,7210.93,UPI,2026-02-09 23:08:26.570657,Success,,151,21,6,15,78179.03
TXN001681,C1501,24044.12,UPI,2026-02-09 23:42:43.096309,Success,,284,4,4,0,130768.98
TXN001682,C0286,7889.83,UPI,2026-02-10 00:16:59.621962,Success,,199,10,4,6,4331.81
TXN001683,C1168,2541.31,UPI,2026-02-10 00:51:16.147614,Abandoned,Checkout Abandoned,143,0,0,0,47861.65
TXN001684,C1448,13217.75,Net Banking,2026-02-10 01:25:32.673267,Success,,622,19,3,16,132432.16
TXN001685,C1043,1521.77,Credit Card,2026-02-10 01:59:49.198919,Failed,Technical Error,867,9,8,1,35902.08
TXN001686,C0018,2852.52,Debit Card,2026-02-10 02:34:05.724572,Failed,Bank Timeout,790,0,0,0,20963.56
TXN001687,C0769,5562.8,Net Banking,2026-02-10 03:08:22.250225,Abandoned,Checkout Abandoned,878,20,20,0,86632.79
TXN001688,C0590,11662.32,Debit Card,2026-02-10 03:42:38.775877,Success,,823,28,12,16,46228.58
TXN001689,C1395,10887.95,Net Banking,2026-02-10 04:16:55.301530,Failed,Technical Error,554,3,0,3,70360.53
TXN001690,C1199,20012.33,Wallet,2026-02-10 04:51:11.827182,Abandoned,Checkout Abandoned,637,7,0,7,123091.91
TXN001691,C1010,18512.92,UPI,2026-02-10 05:25:28.352835,Success,,106,0,0,0,78344.2
TXN001692,C0194,10715.33,Wallet,2026-02-10 05:59:44.878487,Success,,50,7,2,5,77625.52
TXN001693,C0502,8409.23,Debit Card,2026-02-10 06:34:01.404140,Success,,338,13,11,2,42088.31
TXN001694,C0988,7980.07,UPI,2026-02-10 07:08:17.929792,Success,,728,23,20,3,119033.4
TXN001695,C1137,19372.48,Debit Card,2026-02-10 07:42:34.455445,Success,,510,16,8,8,111102.29
TXN001696,C0114,1396.6,Debit Card,2026-02-10 08:16:50.981098,Success,,550,8,7,1,35501.02
TXN001697,C1246,419.26,Net Banking,2026-02-10 08:51:07.506750,Failed,Bank Timeout,382,28,28,0,48340.68
TXN001698,C1702,19909.06,UPI,2026-02-10 09:25:24.032403,Success,,520,24,6,18,118399.91
TXN001699,C0947,11980.94,Credit Card,2026-02-10 09:59:40.558055,Failed,Network Error,784,5,4,1,53978.81
TXN001700,C0831,3358.94,UPI,2026-02-10 10:33:57.083708,Success,,104,0,0,0,60832.16
TXN001701,C1668,5965.59,UPI,2026-02-10 11:08:13.609360,Success,,703,22,21,1,54979.63
TXN001702,C1921,23319.35,UPI,2026-02-10 11:42:30.135013,Success,,491,22,19,3,24664.06
TXN001703,C1288,21501.62,Credit Card,2026-02-10 12:16:46.660666,Success,,20,8,4,4,51464.03
TXN001704,C0925,17773.65,Net Banking,2026-02-10 12:51:03.186318,Failed,Technical Error,563,0,0,0,120538.83
TXN001705,C0055,12107.41,UPI,2026-02-10 13:25:19.711971,Success,,476,13,11,2,73915.77
TXN001706,C1895,13056.06,Credit Card,2026-02-10 13:59:36.237623,Success,,782,30,16,14,69003.51
TXN001707,C1667,24383.59,UPI,2026-02-10 14:33:52.763276,Abandoned,Checkout Abandoned,480,23,22,1,23874.5
TXN001708,C0800,24147.68,UPI,2026-02-10 15:08:09.288928,Success,,440,29,5,24,27046.69
TXN001709,C0778,5460.2,Credit Card,2026-02-10 15:42:25.814581,Failed,Technical Error,523,27,12,15,6921.05
TXN001710,C1482,20296.5,UPI,2026-02-10 16:16:42.340234,Success,,52,28,15,13,2586.35
TXN001711,C1902,5011.34,Credit Card,2026-02-10 16:50:58.865886,Success,,13,10,10,0,73458.1
TXN001712,C0162,5417.08,UPI,2026-02-10 17:25:15.391539,Success,,346,7,6,1,61680.24
TXN001713,C1404,16934.72,UPI,2026-02-10 17:59:31.917191,Abandoned,Checkout Abandoned,384,22,0,22,41668.95
TXN001714,C0087,10184.53,Credit Card,2026-02-10 18:33:48.442844,Success,,104,11,6,5,148511.96
TXN001715,C0055,23295.46,Credit Card,2026-02-10 19:08:04.968496,Failed,Technical Error,456,5,4,1,60000.43
TXN001716,C1500,2316.34,UPI,2026-02-10 19:42:21.494149,Abandoned,Checkout Abandoned,580,16,6,10,118432.61
TXN001717,C1824,12836.99,Credit Card,2026-02-10 20:16:38.019801,Success,,39,10,7,3,31976.57
TXN001718,C1202,22971.19,Net Banking,2026-02-10 20:50:54.545454,Success,,97,9,1,8,37432.66
TXN001719,C1415,22612.43,Debit Card,2026-02-10 21:25:11.071107,Failed,Card Declined,851,26,16,10,85474.51
TXN001720,C1373,3997.58,UPI,2026-02-10 21:59:27.596759,Success,,229,7,7,0,1102.23
TXN001721,C1032,9229.28,Credit Card,2026-02-10 22:33:44.122412,Success,,137,11,11,0,3105.11
TXN001722,C0833,15516.12,Debit Card,2026-02-10 23:08:00.648064,Success,,180,20,16,4,21761.7
TXN001723,C0313,4068.93,UPI,2026-02-10 23:42:17.173717,Failed,Card Declined,873,3,3,0,33856.6
TXN001724,C0759,24203.75,Net Banking,2026-02-11 00:16:33.699369,Failed,Insufficient Balance,234,20,6,14,79413.5
TXN001725,C1859,22877.26,Net Banking,2026-02-11 00:50:50.225022,Success,,283,20,17,3,103091.3
TXN001726,C0443,4257.06,Net Banking,2026-02-11 01:25:06.750675,Success,,417,29,3,26,47125.86
TXN001727,C1791,3116.77,Net Banking,2026-02-11 01:59:23.276327,Abandoned,Checkout Abandoned,686,12,7,5,36241.1
TXN001728,C0328,2226.67,Debit Card,2026-02-11 02:33:39.801980,Success,,167,25,21,4,123510.27
TXN001729,C1078,22745.15,Credit Card,2026-02-11 03:07:56.327632,Failed,Card Declined,718,2,1,1,24835.16
TXN001730,C0761,4921.23,Debit Card,2026-02-11 03:42:12.853285,Success,,836,19,15,4,101909.82
TXN001731,C1263,10465.49,Net Banking,2026-02-11 04:16:29.378937,Failed,Insufficient Balance,416,3,1,2,139733.91
TXN001732,C1253,11276.4,Debit Card,2026-02-11 04:50:45.904590,Abandoned,Checkout Abandoned,39,7,1,6,35215.53
TXN001733,C0579,15015.38,UPI,2026-02-11 05:25:02.430243,Success,,205,4,0,4,13501.32
TXN001734,C1075,1886.21,UPI,2026-02-11 05:59:18.955895,Success,,178,21,7,14,146973.95
TXN001735,C1633,5746.29,Net Banking,2026-02-11 06:33:35.481548,Success,,828,25,13,12,40980.68
TXN001736,C1628,23294.11,UPI,2026-02-11 07:07:52.007200,Success,,353,1,1,0,41711.65
TXN001737,C1007,22719.41,Debit Card,2026-02-11 07:42:08.532853,Success,,588,24,18,6,72823.96
TXN001738,C1288,19554.14,Wallet,2026-02-11 08:16:25.058505,Success,,408,7,7,0,35043.12
TXN001739,C1442,583.09,Debit Card,2026-02-11 08:50:41.584158,Success,,193,23,3,20,148934.42
TXN001740,C1827,8242.47,Wallet,2026-02-11 09:24:58.109810,Success,,759,25,21,4,6923.4
TXN001741,C0096,15736.17,Debit Card,2026-02-11 09:59:14.635463,Failed,Card Declined,521,4,3,1,67995.23
TXN001742,C1112,6952.24,UPI,2026-02-11 10:33:31.161116,Success,,211,15,13,2,82477.84
TXN001743,C1102,22748.71,Net Banking,2026-02-11 11:07:47.686768,Success,,630,20,1,19,70309.15
TXN001744,C1312,15883.85,UPI,2026-02-11 11:42:04.212421,Success,,227,14,13,1,78318.18
TXN001745,C1144,1890.48,UPI,2026-02-11 12:16:20.738073,Failed,Network Error,85,18,16,2,148143.08
TXN001746,C0814,22734.24,UPI,2026-02-11 12:50:37.263726,Success,,330,12,5,7,131596.79
TXN001747,C0491,23948.39,UPI,2026-02-11 13:24:53.789378,Success,,11,10,7,3,46612.33
TXN001748,C1936,2035.04,UPI,2026-02-11 13:59:10.315031,Success,,532,15,12,3,82945.82
TXN001749,C0452,13355.77,UPI,2026-02-11 14:33:26.840684,Failed,Insufficient Balance,597,17,15,2,546.5
TXN001750,C1524,7653.77,Credit Card,2026-02-11 15:07:43.366336,Failed,Card Declined,101,24,20,4,61730.57
TXN001751,C0165,9881.69,Net Banking,2026-02-11 15:41:59.891989,Success,,618,14,0,14,24999.2
TXN001752,C0182,4573.32,UPI,2026-02-11 16:16:16.417641,Success,,179,5,1,4,106848.41
TXN001753,C0469,14494.0,UPI,2026-02-11 16:50:32.943294,Success,,780,7,1,6,33552.89
TXN001754,C0910,23953.69,Debit Card,2026-02-11 17:24:49.468946,Failed,Network Error,818,3,3,0,112459.9
TXN001755,C0735,12626.51,Debit Card,2026-02-11 17:59:05.994599,Success,,314,20,2,18,47317.4
TXN001756,C0823,2164.57,Net Banking,2026-02-11 18:33:22.520252,Success,,604,25,17,8,138911.38
TXN001757,C0944,15538.03,UPI,2026-02-11 19:07:39.045904,Success,,91,15,8,7,67089.78
TXN001758,C0007,8571.55,Net Banking,2026-02-11 19:41:55.571557,Failed,Card Declined,302,20,9,11,126007.9
TXN001759,C0330,21412.54,Credit Card,2026-02-11 20:16:12.097209,Success,,357,10,1,9,94410.82
TXN001760,C0775,10923.49,Credit Card,2026-02-11 20:50:28.622862,Success,,232,25,18,7,146621.03
TXN001761,C1697,4901.71,UPI,2026-02-11 21:24:45.148514,Success,,784,19,10,9,111537.05
TXN001762,C0151,4858.53,UPI,2026-02-11 21:59:01.674167,Success,,888,26,18,8,109291.65
TXN001763,C1109,19242.23,UPI,2026-02-11 22:33:18.199819,Success,,47,1,1,0,40097.46
TXN001764,C0147,6713.13,UPI,2026-02-11 23:07:34.725472,Success,,451,29,23,6,75976.53
TXN001765,C1648,19204.11,Credit Card,2026-02-11 23:41:51.251125,Success,,142,21,2,19,43872.0
TXN001766,C1405,5226.59,Net Banking,2026-02-12 00:16:07.776777,Success,,582,3,1,2,3384.37
TXN001767,C0915,8109.99,Debit Card,2026-02-12 00:50:24.302430,Success,,604,13,13,0,106732.51
TXN001768,C1572,11690.63,Credit Card,2026-02-12 01:24:40.828082,Success,,214,10,9,1,35757.56
TXN001769,C1309,23585.58,Credit Card,2026-02-12 01:58:57.353735,Success,,37,3,2,1,59899.94
TXN001770,C0700,23300.11,UPI,2026-02-12 02:33:13.879387,Success,,194,25,23,2,43053.5
TXN001771,C0082,5251.11,Wallet,2026-02-12 03:07:30.405040,Success,,139,2,2,0,30345.56
TXN001772,C0514,9019.65,Credit Card,2026-02-12 03:41:46.930693,Success,,79,23,19,4,10534.34
TXN001773,C1921,3820.04,UPI,2026-02-12 04:16:03.456345,Success,,728,21,20,1,51014.54
TXN001774,C0815,12798.63,UPI,2026-02-12 04:50:19.981998,Success,,677,24,6,18,12720.87
TXN001775,C0709,11568.51,Credit Card,2026-02-12 05:24:36.507650,Success,,558,4,0,4,81277.71
TXN001776,C1940,22528.93,Credit Card,2026-02-12 05:58:53.033303,Abandoned,Checkout Abandoned,226,5,2,3,3433.8
TXN001777,C1547,23257.13,UPI,2026-02-12 06:33:09.558955,Success,,897,8,6,2,141032.97
TXN001778,C0746,9650.83,Net Banking,2026-02-12 07:07:26.084608,Success,,617,3,2,1,144988.02
TXN001779,C1023,12344.27,Debit Card,2026-02-12 07:41:42.610261,Success,,258,25,9,16,46045.75
TXN001780,C1410,22416.28,Debit Card,2026-02-12 08:15:59.135913,Success,,704,6,2,4,39399.1
TXN001781,C0707,20187.02,UPI,2026-02-12 08:50:15.661566,Success,,622,12,2,10,16108.58
TXN001782,C0471,191.04,UPI,2026-02-12 09:24:32.187218,Failed,Bank Timeout,749,9,8,1,135785.38
TXN001783,C1143,8069.48,Wallet,2026-02-12 09:58:48.712871,Success,,481,11,9,2,88236.16
TXN001784,C0396,10602.18,Net Banking,2026-02-12 10:33:05.238523,Success,,347,9,4,5,91713.68
TXN001785,C1556,5819.94,UPI,2026-02-12 11:07:21.764176,Failed,Bank Timeout,394,10,2,8,134430.54
TXN001786,C0261,5069.33,UPI,2026-02-12 11:41:38.289828,Success,,12,10,2,8,136662.63
TXN001787,C0805,1040.83,UPI,2026-02-12 12:15:54.815481,Success,,592,21,3,18,124337.08
TXN001788,C0934,16119.91,UPI,2026-02-12 12:50:11.341134,Success,,106,5,4,1,116129.51
TXN001789,C1280,6636.51,Debit Card,2026-02-12 13:24:27.866786,Success,,606,5,4,1,131647.56
TXN001790,C1758,1403.44,Wallet,2026-02-12 13:58:44.392439,Success,,760,29,7,22,131457.61
TXN001791,C0905,5851.38,UPI,2026-02-12 14:33:00.918091,Success,,697,19,9,10,55612.41
TXN001792,C1250,20067.66,UPI,2026-02-12 15:07:17.443744,Success,,814,25,21,4,146021.99
TXN001793,C1077,21302.08,Net Banking,2026-02-12 15:41:33.969396,Failed,Network Error,652,5,4,1,106515.27
TXN001794,C0940,12128.35,UPI,2026-02-12 16:15:50.495049,Failed,Technical Error,516,11,1,10,55846.31
TXN001795,C1891,10460.16,Wallet,2026-02-12 16:50:07.020702,Failed,Technical Error,698,22,13,9,66586.4
TXN001796,C1524,24448.56,Debit Card,2026-02-12 17:24:23.546354,Failed,Bank Timeout,622,28,4,24,103226.09
TXN001797,C1530,5094.06,Wallet,2026-02-12 17:58:40.072007,Success,,449,13,6,7,54484.29
TXN001798,C0854,5462.45,UPI,2026-02-12 18:32:56.597659,Success,,738,17,10,7,124070.38
TXN001799,C1388,7367.49,UPI,2026-02-12 19:07:13.123312,Success,,709,26,2,24,22635.51
TXN001800,C1304,4401.66,Credit Card,2026-02-12 19:41:29.648964,Failed,Bank Timeout,255,24,11,13,136185.35
TXN001801,C0593,9546.2,Credit Card,2026-02-12 20:15:46.174617,Success,,362,22,13,9,45529.03
TXN001802,C0714,22779.77,UPI,2026-02-12 20:50:02.700270,Success,,278,18,0,18,23330.56
TXN001803,C1182,15422.16,Wallet,2026-02-12 21:24:19.225922,Failed,Technical Error,190,9,5,4,128774.63
TXN001804,C0632,10357.47,Net Banking,2026-02-12 21:58:35.751575,Failed,Insufficient Balance,827,9,0,9,36299.75
TXN001805,C0059,23366.83,Debit Card,2026-02-12 22:32:52.277227,Failed,Technical Error,486,6,6,0,126587.66
TXN001806,C1751,1306.76,UPI,2026-02-12 23:07:08.802880,Success,,412,25,22,3,44791.53
TXN001807,C0128,5335.88,Debit Card,2026-02-12 23:41:25.328532,Success,,675,9,5,4,140112.71
TXN001808,C0736,14190.63,Debit Card,2026-02-13 00:15:41.854185,Success,,190,13,12,1,33252.11
TXN001809,C0721,15427.26,UPI,2026-02-13 00:49:58.379837,Success,,66,4,1,3,10912.67
TXN001810,C1906,1084.98,Wallet,2026-02-13 01:24:14.905490,Success,,431,24,14,10,140511.41
TXN001811,C1139,10135.67,UPI,2026-02-13 01:58:31.431143,Success,,55,21,16,5,25261.05
TXN001812,C1233,16263.93,UPI,2026-02-13 02:32:47.956795,Success,,871,10,8,2,141647.81
TXN001813,C0526,17481.96,UPI,2026-02-13 03:07:04.482448,Success,,95,28,4,24,123684.61
TXN001814,C0521,15989.68,Debit Card,2026-02-13 03:41:21.008100,Success,,756,6,2,4,12747.85
TXN001815,C0552,8082.02,Credit Card,2026-02-13 04:15:37.533753,Failed,Card Declined,397,19,11,8,67047.71
TXN001816,C1986,2428.65,UPI,2026-02-13 04:49:54.059405,Success,,603,17,16,1,11473.25
TXN001817,C0237,10735.1,UPI,2026-02-13 05:24:10.585058,Success,,187,30,10,20,49803.09
TXN001818,C1305,3305.99,UPI,2026-02-13 05:58:27.110711,Success,,847,10,10,0,53049.71
TXN001819,C1383,23695.83,UPI,2026-02-13 06:32:43.636363,Success,,102,19,7,12,90145.18
TXN001820,C1225,11931.75,Credit Card,2026-02-13 07:07:00.162016,Success,,719,24,14,10,146396.39
TXN001821,C1782,7999.75,UPI,2026-02-13 07:41:16.687668,Failed,Insufficient Balance,171,2,0,2,25879.63
TXN001822,C1302,19180.97,UPI,2026-02-13 08:15:33.213321,Failed,Card Declined,235,6,1,5,49708.07
TXN001823,C1259,12498.92,Net Banking,2026-02-13 08:49:49.738973,Success,,202,28,21,7,88271.82
TXN001824,C0494,7819.85,Credit Card,2026-02-13 09:24:06.264626,Failed,Bank Timeout,155,29,9,20,26127.42
TXN001825,C0004,20318.0,Debit Card,2026-02-13 09:58:22.790279,Success,,263,3,0,3,106751.09
TXN001826,C0666,21692.09,UPI,2026-02-13 10:32:39.315931,Success,,804,18,13,5,60847.13
TXN001827,C0442,16857.9,UPI,2026-02-13 11:06:55.841584,Success,,531,29,4,25,142461.06
TXN001828,C0029,1269.41,Credit Card,2026-02-13 11:41:12.367236,Failed,Insufficient Balance,496,29,26,3,94665.71
TXN001829,C1133,14201.44,UPI,2026-02-13 12:15:28.892889,Success,,651,29,16,13,54780.57
TXN001830,C0610,19106.04,UPI,2026-02-13 12:49:45.418541,Success,,476,20,17,3,108061.23
TXN001831,C1751,3498.93,Net Banking,2026-02-13 13:24:01.944194,Success,,454,17,6,11,125893.81
TXN001832,C0805,5793.9,Wallet,2026-02-13 13:58:18.469846,Success,,895,10,9,1,120171.72
TXN001833,C0075,22074.13,UPI,2026-02-13 14:32:34.995499,Success,,415,13,8,5,39783.28
TXN001834,C0838,601.03,UPI,2026-02-13 15:06:51.521152,Success,,324,9,1,8,62839.01
TXN001835,C1170,18842.91,Wallet,2026-02-13 15:41:08.046804,Success,,898,13,11,2,68100.56
TXN001836,C0128,11896.95,UPI,2026-02-13 16:15:24.572457,Success,,100,3,2,1,58563.32
TXN001837,C1877,11224.63,Credit Card,2026-02-13 16:49:41.098109,Success,,405,22,13,9,46974.11
TXN001838,C0042,276.7,Wallet,2026-02-13 17:23:57.623762,Success,,72,11,9,2,113035.8
TXN001839,C1380,20503.02,Wallet,2026-02-13 17:58:14.149414,Success,,24,11,0,11,2327.52
TXN001840,C0041,9059.64,Credit Card,2026-02-13 18:32:30.675067,Failed,Card Declined,763,1,0,1,44384.86
TXN001841,C0934,13565.06,UPI,2026-02-13 19:06:47.200720,Success,,714,25,0,25,21671.78
TXN001842,C0034,16964.79,UPI,2026-02-13 19:41:03.726372,Success,,431,5,3,2,19751.01
TXN001843,C1041,17595.48,Net Banking,2026-02-13 20:15:20.252025,Success,,882,4,0,4,41905.32
TXN001844,C1701,23903.9,Net Banking,2026-02-13 20:49:36.777677,Success,,225,18,3,15,114441.89
TXN001845,C1177,13330.36,Credit Card,2026-02-13 21:23:53.303330,Abandoned,Checkout Abandoned,783,20,18,2,145428.57
TXN001846,C0998,10053.02,Debit Card,2026-02-13 21:58:09.828982,Success,,742,14,9,5,77435.46
TXN001847,C1402,23847.22,Debit Card,2026-02-13 22:32:26.354635,Success,,143,9,7,2,51176.29
TXN001848,C0588,16088.54,Debit Card,2026-02-13 23:06:42.880288,Success,,303,6,0,6,124460.98
TXN001849,C1623,7523.94,Net Banking,2026-02-13 23:40:59.405940,Success,,825,18,4,14,10531.96
TXN001850,C1653,3248.96,Debit Card,2026-02-14 00:15:15.931593,Success,,536,7,1,6,14428.61
TXN001851,C1898,21079.61,Credit Card,2026-02-14 00:49:32.457245,Abandoned,Checkout Abandoned,337,14,14,0,52132.26
TXN001852,C0342,9118.32,UPI,2026-02-14 01:23:48.982898,Failed,Card Declined,550,22,19,3,67537.07
TXN001853,C0027,16545.7,Debit Card,2026-02-14 01:58:05.508550,Success,,267,3,1,2,119776.76
TXN001854,C1849,11823.33,Credit Card,2026-02-14 02:32:22.034203,Success,,852,12,7,5,138826.96
TXN001855,C1311,5053.35,UPI,2026-02-14 03:06:38.559855,Failed,Insufficient Balance,722,30,1,29,79925.84
TXN001856,C0646,15082.0,Net Banking,2026-02-14 03:40:55.085508,Success,,451,28,24,4,74598.88
TXN001857,C0731,1611.01,Debit Card,2026-02-14 04:15:11.611161,Success,,609,4,4,0,32345.15
TXN001858,C0168,10392.23,Wallet,2026-02-14 04:49:28.136813,Success,,171,25,12,13,67951.64
TXN001859,C0610,13710.71,UPI,2026-02-14 05:23:44.662466,Success,,436,10,4,6,138584.81
TXN001860,C0268,10957.57,Credit Card,2026-02-14 05:58:01.188118,Success,,33,15,11,4,59238.48
TXN001861,C1773,18741.94,UPI,2026-02-14 06:32:17.713771,Success,,250,19,4,15,31997.03
TXN001862,C0821,20715.33,Net Banking,2026-02-14 07:06:34.239423,Abandoned,Checkout Abandoned,111,17,2,15,50925.61
TXN001863,C0455,19303.95,UPI,2026-02-14 07:40:50.765076,Success,,290,27,17,10,77431.89
TXN001864,C0906,1066.44,Debit Card,2026-02-14 08:15:07.290729,Failed,Network Error,434,14,2,12,89988.46
TXN001865,C1709,4933.81,Debit Card,2026-02-14 08:49:23.816381,Success,,638,24,13,11,65148.27
TXN001866,C1425,13461.53,UPI,2026-02-14 09:23:40.342034,Success,,554,0,0,0,113901.16
TXN001867,C0922,23377.07,Wallet,2026-02-14 09:57:56.867686,Success,,885,7,1,6,87875.78
TXN001868,C0981,20890.42,Net Banking,2026-02-14 10:32:13.393339,Success,,775,3,1,2,99924.7
TXN001869,C1500,21079.11,UPI,2026-02-14 11:06:29.918991,Success,,308,8,1,7,129506.38
TXN001870,C0702,7649.88,UPI,2026-02-14 11:40:46.444644,Failed,Technical Error,26,18,11,7,129920.44
TXN001871,C0634,10793.25,UPI,2026-02-14 12:15:02.970297,Success,,16,6,2,4,30924.49
TXN001872,C1582,11820.58,UPI,2026-02-14 12:49:19.495949,Success,,548,14,1,13,93690.04
TXN001873,C1600,4018.55,Net Banking,2026-02-14 13:23:36.021602,Success,,557,2,0,2,107637.81
TXN001874,C0130,873.6,Wallet,2026-02-14 13:57:52.547254,Failed,Card Declined,412,30,4,26,22305.02
TXN001875,C1020,23677.88,UPI,2026-02-14 14:32:09.072907,Success,,280,25,24,1,126494.09
TXN001876,C1846,6093.74,Credit Card,2026-02-14 15:06:25.598559,Success,,79,11,10,1,27480.24
TXN001877,C1387,6074.73,Credit Card,2026-02-14 15:40:42.124212,Failed,Technical Error,194,22,12,10,119992.27
TXN001878,C1729,2176.14,UPI,2026-02-14 16:14:58.649864,Failed,Technical Error,237,1,0,1,24639.13
TXN001879,C0819,23219.84,UPI,2026-02-14 16:49:15.175517,Success,,78,18,16,2,111395.89
TXN001880,C0693,14535.45,UPI,2026-02-14 17:23:31.701170,Success,,574,23,23,0,22648.12
TXN001881,C1316,16709.22,Credit Card,2026-02-14 17:57:48.226822,Success,,246,6,2,4,57134.98
TXN001882,C1395,22798.26,Debit Card,2026-02-14 18:32:04.752475,Failed,Bank Timeout,206,10,9,1,21955.66
TXN001883,C0794,8705.94,Debit Card,2026-02-14 19:06:21.278127,Success,,523,18,14,4,40971.91
TXN001884,C0029,15575.53,UPI,2026-02-14 19:40:37.803780,Success,,116,7,1,6,147684.96
TXN001885,C0149,1066.11,Net Banking,2026-02-14 20:14:54.329432,Failed,Technical Error,155,12,12,0,16597.51
TXN001886,C1803,4750.64,Debit Card,2026-02-14 20:49:10.855085,Success,,169,8,5,3,61266.49
TXN001887,C1320,20798.02,Net Banking,2026-02-14 21:23:27.380738,Abandoned,Checkout Abandoned,248,1,1,0,101699.44
TXN001888,C0011,19192.53,UPI,2026-02-14 21:57:43.906390,Success,,378,17,3,14,14642.49
TXN001889,C1536,8831.0,Net Banking,2026-02-14 22:32:00.432043,Success,,135,14,13,1,16800.43
TXN001890,C0676,9482.58,Net Banking,2026-02-14 23:06:16.957695,Success,,166,22,12,10,21917.8
TXN001891,C1137,13385.51,UPI,2026-02-14 23:40:33.483348,Abandoned,Checkout Abandoned,826,10,8,2,96925.46
TXN001892,C0187,106.0,UPI,2026-02-15 00:14:50.009000,Failed,Card Declined,477,23,9,14,136445.87
TXN001893,C0807,6106.98,Wallet,2026-02-15 00:49:06.534653,Abandoned,Checkout Abandoned,476,14,13,1,123985.42
TXN001894,C0744,5284.97,Debit Card,2026-02-15 01:23:23.060306,Success,,893,20,7,13,147466.76
TXN001895,C1251,6337.03,Wallet,2026-02-15 01:57:39.585958,Success,,729,17,2,15,86931.61
TXN001896,C1334,20167.06,Debit Card,2026-02-15 02:31:56.111611,Success,,724,13,8,5,144240.86
TXN001897,C0098,7063.88,Credit Card,2026-02-15 03:06:12.637263,Success,,325,25,0,25,46087.66
TXN001898,C0055,4868.88,UPI,2026-02-15 03:40:29.162916,Success,,648,20,14,6,63514.94
TXN001899,C0623,12656.16,UPI,2026-02-15 04:14:45.688568,Abandoned,Checkout Abandoned,805,18,14,4,59708.18
TXN001900,C0664,21654.56,Wallet,2026-02-15 04:49:02.214221,Success,,351,12,11,1,7579.94
TXN001901,C0758,6109.61,UPI,2026-02-15 05:23:18.739873,Success,,164,24,6,18,124540.94
TXN001902,C0406,2055.55,UPI,2026-02-15 05:57:35.265526,Abandoned,Checkout Abandoned,145,15,14,1,4195.37
TXN001903,C0069,8974.48,Debit Card,2026-02-15 06:31:51.791179,Success,,465,1,0,1,109616.5
TXN001904,C1336,18716.53,Debit Card,2026-02-15 07:06:08.316831,Failed,Bank Timeout,672,24,12,12,61356.19
TXN001905,C1313,13812.19,UPI,2026-02-15 07:40:24.842484,Success,,41,1,1,0,1434.03
TXN001906,C1786,20438.15,UPI,2026-02-15 08:14:41.368136,Failed,Insufficient Balance,24,16,6,10,43847.06
TXN001907,C1572,23993.84,Credit Card,2026-02-15 08:48:57.893789,Success,,868,25,6,19,52246.09
TXN001908,C0751,19837.3,UPI,2026-02-15 09:23:14.419441,Success,,137,21,14,7,144723.02
TXN001909,C1172,15134.7,Debit Card,2026-02-15 09:57:30.945094,Success,,388,26,8,18,99331.33
TXN001910,C1491,12384.21,UPI,2026-02-15 10:31:47.470747,Abandoned,Checkout Abandoned,433,21,5,16,81763.95
TXN001911,C1763,1097.72,Net Banking,2026-02-15 11:06:03.996399,Failed,Card Declined,105,19,8,11,19494.06
TXN001912,C1268,24609.62,Net Banking,2026-02-15 11:40:20.522052,Success,,322,28,18,10,58970.1
TXN001913,C1515,9648.68,Debit Card,2026-02-15 12:14:37.047704,Abandoned,Checkout Abandoned,824,17,15,2,5846.77
TXN001914,C1873,3890.48,UPI,2026-02-15 12:48:53.573357,Success,,622,28,15,13,114371.97
TXN001915,C0958,16701.05,Credit Card,2026-02-15 13:23:10.099009,Failed,Bank Timeout,127,9,0,9,24835.12
TXN001916,C1531,7178.78,UPI,2026-02-15 13:57:26.624662,Success,,531,11,6,5,89368.14
TXN001917,C0365,14685.88,UPI,2026-02-15 14:31:43.150315,Success,,126,26,12,14,105059.03
TXN001918,C0482,14710.52,Net Banking,2026-02-15 15:05:59.675967,Success,,357,2,2,0,55293.11
TXN001919,C0201,11198.67,Credit Card,2026-02-15 15:40:16.201620,Success,,189,28,3,25,95072.68
TXN001920,C0154,20919.35,Net Banking,2026-02-15 16:14:32.727272,Success,,233,5,2,3,114752.81
TXN001921,C1474,6697.68,UPI,2026-02-15 16:48:49.252925,Success,,233,19,9,10,28026.51
TXN001922,C1525,11270.95,UPI,2026-02-15 17:23:05.778577,Success,,257,4,4,0,90328.62
TXN001923,C0073,13488.53,Wallet,2026-02-15 17:57:22.304230,Success,,263,26,0,26,110215.53
TXN001924,C0713,16624.26,Credit Card,2026-02-15 18:31:38.829882,Abandoned,Checkout Abandoned,328,24,12,12,53878.69
TXN001925,C0296,19620.9,Credit Card,2026-02-15 19:05:55.355535,Success,,847,20,9,11,24792.43
TXN001926,C1041,9930.7,Credit Card,2026-02-15 19:40:11.881188,Success,,658,25,14,11,43274.35
TXN001927,C1665,16186.57,UPI,2026-02-15 20:14:28.406840,Success,,751,30,28,2,139994.66
TXN001928,C1241,3850.21,Debit Card,2026-02-15 20:48:44.932493,Success,,871,26,14,12,53938.47
TXN001929,C0061,23322.94,UPI,2026-02-15 21:23:01.458145,Failed,Bank Timeout,562,7,6,1,16601.24
TXN001930,C0939,9638.16,Credit Card,2026-02-15 21:57:17.983798,Failed,Technical Error,561,17,13,4,12867.61
TXN001931,C1640,18265.08,Credit Card,2026-02-15 22:31:34.509450,Success,,793,15,7,8,27484.01
TXN001932,C0042,606.49,Net Banking,2026-02-15 23:05:51.035103,Success,,773,27,18,9,19563.09
TXN001933,C0025,5209.16,Credit Card,2026-02-15 23:40:07.560756,Failed,Insufficient Balance,34,13,8,5,74509.03
TXN001934,C1063,12228.36,UPI,2026-02-16 00:14:24.086408,Abandoned,Checkout Abandoned,147,5,1,4,52458.94
TXN001935,C1827,21968.49,Credit Card,2026-02-16 00:48:40.612061,Success,,18,10,9,1,126290.15
TXN001936,C0131,13228.65,UPI,2026-02-16 01:22:57.137713,Success,,817,26,26,0,132221.24
TXN001937,C1522,23253.78,UPI,2026-02-16 01:57:13.663366,Success,,578,5,1,4,71255.27
TXN001938,C1253,12146.54,UPI,2026-02-16 02:31:30.189018,Success,,311,4,0,4,133334.8
TXN001939,C0108,12312.18,Credit Card,2026-02-16 03:05:46.714671,Failed,Card Declined,640,14,11,3,67844.01
TXN001940,C0172,3081.7,UPI,2026-02-16 03:40:03.240324,Success,,784,5,4,1,96473.34
TXN001941,C1459,20086.14,Credit Card,2026-02-16 04:14:19.765976,Success,,180,29,21,8,24798.96
TXN001942,C1502,6249.44,Wallet,2026-02-16 04:48:36.291629,Success,,893,20,13,7,8361.09
TXN001943,C0102,22500.35,Debit Card,2026-02-16 05:22:52.817281,Success,,521,15,1,14,24432.73
TXN001944,C0866,22779.52,UPI,2026-02-16 05:57:09.342934,Success,,378,17,4,13,38150.86
TXN001945,C0524,23588.42,UPI,2026-02-16 06:31:25.868586,Success,,520,20,4,16,112771.79
TXN001946,C0275,13053.74,Debit Card,2026-02-16 07:05:42.394239,Success,,384,0,0,0,26439.03
TXN001947,C1637,16959.64,Net Banking,2026-02-16 07:39:58.919891,Success,,881,2,1,1,20032.88
TXN001948,C1068,19485.05,UPI,2026-02-16 08:14:15.445544,Success,,213,29,3,26,139177.6
TXN001949,C1979,3362.26,Net Banking,2026-02-16 08:48:31.971197,Success,,66,22,1,21,103475.96
TXN001950,C0817,15063.83,Credit Card,2026-02-16 09:22:48.496849,Success,,666,19,0,19,71259.19
TXN001951,C0957,954.02,Credit Card,2026-02-16 09:57:05.022502,Success,,34,23,1,22,14697.77
TXN001952,C1041,12489.4,Wallet,2026-02-16 10:31:21.548154,Success,,632,2,0,2,127842.74
TXN001953,C0330,3955.58,Debit Card,2026-02-16 11:05:38.073807,Failed,Card Declined,400,6,2,4,16684.64
TXN001954,C1593,4654.78,Net Banking,2026-02-16 11:39:54.599459,Success,,64,13,3,10,91851.46
TXN001955,C1847,9189.68,UPI,2026-02-16 12:14:11.125112,Failed,Technical Error,156,17,16,1,100317.64
TXN001956,C1521,10867.69,Credit Card,2026-02-16 12:48:27.650765,Success,,553,29,24,5,60320.75
TXN001957,C1839,15616.99,Credit Card,2026-02-16 13:22:44.176417,Success,,96,23,12,11,136726.9
TXN001958,C0012,1953.27,UPI,2026-02-16 13:57:00.702070,Success,,681,14,0,14,8079.74
TXN001959,C1342,12641.92,Credit Card,2026-02-16 14:31:17.227722,Success,,81,12,4,8,122808.48
TXN001960,C1616,4647.37,UPI,2026-02-16 15:05:33.753375,Success,,543,18,7,11,83292.26
TXN001961,C0216,14391.98,UPI,2026-02-16 15:39:50.279027,Success,,759,28,21,7,91874.96
TXN001962,C0339,15971.37,UPI,2026-02-16 16:14:06.804680,Success,,704,21,21,0,148030.42
TXN001963,C1800,13962.06,Debit Card,2026-02-16 16:48:23.330333,Success,,145,1,0,1,87605.85
TXN001964,C0661,18483.56,Net Banking,2026-02-16 17:22:39.855985,Success,,55,6,3,3,119655.68
TXN001965,C1105,8456.67,Credit Card,2026-02-16 17:56:56.381638,Abandoned,Checkout Abandoned,526,12,8,4,23452.85
TXN001966,C1751,19151.15,Credit Card,2026-02-16 18:31:12.907290,Failed,Insufficient Balance,21,3,1,2,121488.79
TXN001967,C1509,10875.9,UPI,2026-02-16 19:05:29.432943,Success,,36,5,2,3,114280.4
TXN001968,C0374,12156.19,Net Banking,2026-02-16 19:39:45.958595,Success,,93,17,7,10,145232.46
TXN001969,C0976,16237.74,Credit Card,2026-02-16 20:14:02.484248,Success,,557,18,6,12,140388.74
TXN001970,C0710,557.12,Debit Card,2026-02-16 20:48:19.009900,Success,,61,14,7,7,32490.99
TXN001971,C1224,16384.46,Debit Card,2026-02-16 21:22:35.535553,Failed,Card Declined,651,2,0,2,70007.5
TXN001972,C1561,15502.77,UPI,2026-02-16 21:56:52.061206,Success,,83,19,8,11,136766.74
TXN001973,C0466,7815.19,Credit Card,2026-02-16 22:31:08.586858,Success,,499,16,11,5,96294.38
TXN001974,C1113,2236.28,Wallet,2026-02-16 23:05:25.112511,Abandoned,Checkout Abandoned,464,15,13,2,69823.21
TXN001975,C1292,2364.29,UPI,2026-02-16 23:39:41.638163,Failed,Insufficient Balance,257,12,9,3,16786.34
TXN001976,C1679,23088.27,Debit Card,2026-02-17 00:13:58.163816,Failed,Card Declined,21,21,15,6,53087.76
TXN001977,C1595,17263.06,Wallet,2026-02-17 00:48:14.689468,Failed,Technical Error,576,26,1,25,99953.37
TXN001978,C1946,3264.86,UPI,2026-02-17 01:22:31.215121,Failed,Network Error,345,21,5,16,116648.72
TXN001979,C0489,8982.41,Net Banking,2026-02-17 01:56:47.740774,Success,,263,19,10,9,67351.45
TXN001980,C1901,14852.83,Wallet,2026-02-17 02:31:04.266426,Success,,680,7,3,4,8848.75
TXN001981,C1562,20905.74,Debit Card,2026-02-17 03:05:20.792079,Success,,612,20,4,16,95159.24
TXN001982,C0047,1187.16,UPI,2026-02-17 03:39:37.317731,Success,,681,25,4,21,138277.17
TXN001983,C1312,5992.16,UPI,2026-02-17 04:13:53.843384,Failed,Card Declined,841,13,0,13,74713.41
TXN001984,C0778,22254.75,UPI,2026-02-17 04:48:10.369036,Success,,113,3,1,2,139299.49
TXN001985,C1040,328.22,Net Banking,2026-02-17 05:22:26.894689,Success,,612,6,4,2,53438.06
TXN001986,C0711,5114.84,Net Banking,2026-02-17 05:56:43.420342,Success,,324,9,9,0,133011.68
TXN001987,C0401,23979.7,Credit Card,2026-02-17 06:30:59.945994,Success,,802,14,10,4,118057.79
TXN001988,C1943,15373.71,UPI,2026-02-17 07:05:16.471647,Failed,Bank Timeout,881,25,8,17,144280.36
TXN001989,C1818,6615.62,UPI,2026-02-17 07:39:32.997299,Success,,77,15,14,1,118757.67
TXN001990,C0981,1768.08,Debit Card,2026-02-17 08:13:49.522952,Success,,510,7,7,0,48561.22
TXN001991,C1110,801.96,Debit Card,2026-02-17 08:48:06.048604,Success,,181,1,1,0,135134.85
TXN001992,C0250,6194.15,Net Banking,2026-02-17 09:22:22.574257,Success,,692,28,2,26,100624.8
TXN001993,C0391,22049.0,Debit Card,2026-02-17 09:56:39.099909,Failed,Bank Timeout,152,16,15,1,24729.36
TXN001994,C1806,10456.25,Net Banking,2026-02-17 10:30:55.625562,Success,,746,5,0,5,7371.78
TXN001995,C0335,18036.3,Debit Card,2026-02-17 11:05:12.151215,Abandoned,Checkout Abandoned,206,15,8,7,55193.92
TXN001996,C0629,22965.3,Credit Card,2026-02-17 11:39:28.676867,Abandoned,Checkout Abandoned,719,1,1,0,118136.19
TXN001997,C1543,10260.21,UPI,2026-02-17 12:13:45.202520,Abandoned,Checkout Abandoned,182,26,22,4,92923.08
TXN001998,C0137,4862.81,Net Banking,2026-02-17 12:48:01.728172,Success,,674,23,5,18,79305.51
TXN001999,C0883,12976.24,Debit Card,2026-02-17 13:22:18.253825,Abandoned,Checkout Abandoned,674,28,8,20,1057.28
TXN002000,C0688,22711.28,UPI,2026-02-17 13:56:34.779477,Success,,531,20,18,2,65607.35
TXN002001,C1864,20128.92,UPI,2026-02-17 14:30:51.305130,Failed,Network Error,199,17,5,12,24079.65
TXN002002,C1522,1739.16,UPI,2026-02-17 15:05:07.830783,Abandoned,Checkout Abandoned,21,10,10,0,68457.83
TXN002003,C0827,17345.06,Credit Card,2026-02-17 15:39:24.356435,Abandoned,Checkout Abandoned,38,11,1,10,148769.66
TXN002004,C0727,14340.25,UPI,2026-02-17 16:13:40.882088,Failed,Card Declined,564,4,1,3,131991.05
TXN002005,C1501,22695.83,UPI,2026-02-17 16:47:57.407740,Success,,97,1,1,0,46939.28
TXN002006,C0594,3149.79,Credit Card,2026-02-17 17:22:13.933393,Success,,865,21,6,15,89229.36
TXN002007,C1247,13397.5,UPI,2026-02-17 17:56:30.459045,Success,,482,23,23,0,75563.24
TXN002008,C0990,21998.62,Net Banking,2026-02-17 18:30:46.984698,Failed,Bank Timeout,120,17,3,14,19942.03
TXN002009,C0372,10309.59,Credit Card,2026-02-17 19:05:03.510351,Success,,890,21,6,15,148476.07
TXN002010,C0935,12101.67,Credit Card,2026-02-17 19:39:20.036003,Success,,430,5,0,5,64063.69
TXN002011,C0995,1854.47,UPI,2026-02-17 20:13:36.561656,Success,,78,0,0,0,76096.03
TXN002012,C0402,7025.78,UPI,2026-02-17 20:47:53.087308,Success,,128,8,3,5,97316.1
TXN002013,C1467,8180.22,UPI,2026-02-17 21:22:09.612961,Abandoned,Checkout Abandoned,788,14,12,2,29135.91
TXN002014,C1514,23633.55,Net Banking,2026-02-17 21:56:26.138613,Success,,433,27,19,8,33722.88
TXN002015,C0615,7138.42,Debit Card,2026-02-17 22:30:42.664266,Failed,Bank Timeout,884,7,1,6,29287.48
TXN002016,C1297,11575.63,UPI,2026-02-17 23:04:59.189918,Success,,256,27,18,9,57977.6
TXN002017,C1550,16815.48,Credit Card,2026-02-17 23:39:15.715571,Failed,Card Declined,840,13,3,10,30351.7
TXN002018,C1183,4138.37,UPI,2026-02-18 00:13:32.241224,Success,,31,3,0,3,138996.2
TXN002019,C1176,12212.42,Wallet,2026-02-18 00:47:48.766876,Success,,408,6,4,2,107289.95
TXN002020,C0995,18489.62,Wallet,2026-02-18 01:22:05.292529,Abandoned,Checkout Abandoned,507,19,0,19,134726.42
TXN002021,C0620,21684.69,Credit Card,2026-02-18 01:56:21.818181,Success,,335,7,6,1,127348.38
TXN002022,C0188,15693.86,Debit Card,2026-02-18 02:30:38.343834,Success,,201,9,1,8,105621.22
TXN002023,C1837,16759.43,Net Banking,2026-02-18 03:04:54.869486,Success,,611,17,6,11,36790.56
TXN002024,C1122,3244.46,Debit Card,2026-02-18 03:39:11.395139,Success,,655,17,16,1,92490.17
TXN002025,C0131,23649.83,Debit Card,2026-02-18 04:13:27.920792,Success,,361,18,6,12,28351.68
TXN002026,C0805,3401.09,Wallet,2026-02-18 04:47:44.446444,Success,,820,29,21,8,20305.17
TXN002027,C1195,19389.36,Credit Card,2026-02-18 05:22:00.972097,Success,,413,3,0,3,95070.0
TXN002028,C0936,6693.93,Credit Card,2026-02-18 05:56:17.497749,Success,,646,26,16,10,93881.53
TXN002029,C0986,23346.47,Net Banking,2026-02-18 06:30:34.023402,Success,,876,12,0,12,23915.01
TXN002030,C0183,18026.99,Debit Card,2026-02-18 07:04:50.549054,Success,,436,5,3,2,53187.94
TXN002031,C0983,18869.96,Debit Card,2026-02-18 07:39:07.074707,Abandoned,Checkout Abandoned,711,30,1,29,10409.04
TXN002032,C0364,5554.57,UPI,2026-02-18 08:13:23.600360,Success,,332,20,5,15,107502.1
TXN002033,C0039,11131.7,UPI,2026-02-18 08:47:40.126012,Failed,Insufficient Balance,603,25,11,14,148130.6
TXN002034,C1551,15483.55,UPI,2026-02-18 09:21:56.651665,Success,,236,12,12,0,111115.97
TXN002035,C1912,19272.34,Credit Card,2026-02-18 09:56:13.177317,Success,,189,25,19,6,126700.75
TXN002036,C0497,2688.59,Credit Card,2026-02-18 10:30:29.702970,Success,,877,22,19,3,71713.31
TXN002037,C1540,24062.9,Wallet,2026-02-18 11:04:46.228622,Success,,487,21,21,0,14789.82
TXN002038,C1373,22266.49,Credit Card,2026-02-18 11:39:02.754275,Success,,424,29,8,21,109127.68
TXN002039,C0982,6831.68,Debit Card,2026-02-18 12:13:19.279927,Success,,845,30,16,14,38849.77
TXN002040,C0921,20586.73,UPI,2026-02-18 12:47:35.805580,Failed,Card Declined,322,30,29,1,58549.95
TXN002041,C1421,13006.27,Net Banking,2026-02-18 13:21:52.331233,Success,,673,15,1,14,105613.34
TXN002042,C0722,11598.98,Credit Card,2026-02-18 13:56:08.856885,Failed,Insufficient Balance,163,19,7,12,135765.29
TXN002043,C1185,7929.41,Debit Card,2026-02-18 14:30:25.382538,Abandoned,Checkout Abandoned,826,26,7,19,73194.23
TXN002044,C0016,14566.12,UPI,2026-02-18 15:04:41.908190,Success,,742,9,5,4,144260.03
TXN002045,C0493,18274.24,Credit Card,2026-02-18 15:38:58.433843,Success,,815,8,5,3,78225.58
TXN002046,C1450,10332.23,Credit Card,2026-02-18 16:13:14.959495,Success,,45,6,3,3,18815.31
TXN002047,C1132,15767.56,Credit Card,2026-02-18 16:47:31.485148,Success,,131,16,7,9,78005.85
TXN002048,C0894,17512.89,Net Banking,2026-02-18 17:21:48.010801,Success,,191,23,17,6,129163.84
TXN002049,C1474,17806.93,Net Banking,2026-02-18 17:56:04.536453,Failed,Network Error,435,19,17,2,80937.75
TXN002050,C0311,1393.96,Wallet,2026-02-18 18:30:21.062106,Abandoned,Checkout Abandoned,617,6,4,2,112289.42
TXN002051,C0739,21507.72,Debit Card,2026-02-18 19:04:37.587758,Failed,Technical Error,113,26,0,26,82419.66
TXN002052,C1194,11510.51,Wallet,2026-02-18 19:38:54.113411,Success,,91,1,0,1,82135.16
TXN002053,C0546,6634.16,Net Banking,2026-02-18 20:13:10.639063,Success,,545,27,21,6,43071.75
TXN002054,C0414,6119.94,UPI,2026-02-18 20:47:27.164716,Success,,689,18,5,13,30588.44
TXN002055,C0251,12127.05,UPI,2026-02-18 21:21:43.690369,Success,,347,0,0,0,42198.36
TXN002056,C0759,22182.11,UPI,2026-02-18 21:56:00.216021,Success,,112,1,1,0,66405.26
TXN002057,C1805,9520.85,UPI,2026-02-18 22:30:16.741674,Success,,273,26,5,21,121533.72
TXN002058,C1165,18768.17,UPI,2026-02-18 23:04:33.267326,Abandoned,Checkout Abandoned,240,4,4,0,124434.17
TXN002059,C1298,2510.79,UPI,2026-02-18 23:38:49.792979,Failed,Network Error,191,17,1,16,24924.98
TXN002060,C1440,11953.81,Debit Card,2026-02-19 00:13:06.318631,Success,,636,28,22,6,83151.81
TXN002061,C1632,24792.98,UPI,2026-02-19 00:47:22.844284,Abandoned,Checkout Abandoned,788,5,2,3,62696.14
TXN002062,C1763,19283.9,UPI,2026-02-19 01:21:39.369936,Success,,884,5,0,5,85854.89
TXN002063,C1915,5342.16,Debit Card,2026-02-19 01:55:55.895589,Success,,236,21,0,21,97319.7
TXN002064,C1063,12585.89,Net Banking,2026-02-19 02:30:12.421242,Failed,Technical Error,737,27,13,14,42301.99
TXN002065,C0814,5917.26,Wallet,2026-02-19 03:04:28.946894,Abandoned,Checkout Abandoned,509,26,15,11,137926.74
TXN002066,C0029,10298.07,Credit Card,2026-02-19 03:38:45.472547,Success,,872,15,14,1,140349.5
TXN002067,C0958,19524.09,Credit Card,2026-02-19 04:13:01.998199,Success,,899,15,8,7,16250.98
TXN002068,C0477,19303.5,UPI,2026-02-19 04:47:18.523852,Failed,Bank Timeout,520,29,18,11,105601.26
TXN002069,C0318,5779.7,UPI,2026-02-19 05:21:35.049504,Success,,819,30,7,23,5468.19
TXN002070,C0245,23063.36,UPI,2026-02-19 05:55:51.575157,Success,,783,2,2,0,7461.29
TXN002071,C0748,14854.95,UPI,2026-02-19 06:30:08.100810,Success,,12,26,9,17,143691.09
TXN002072,C0697,9560.11,Wallet,2026-02-19 07:04:24.626462,Abandoned,Checkout Abandoned,485,2,2,0,104380.54
TXN002073,C0272,12598.2,UPI,2026-02-19 07:38:41.152115,Success,,339,25,1,24,49018.97
TXN002074,C1464,15166.27,UPI,2026-02-19 08:12:57.677767,Failed,Bank Timeout,875,22,17,5,100646.71
TXN002075,C1772,14041.27,UPI,2026-02-19 08:47:14.203420,Success,,330,28,19,9,126952.34
TXN002076,C1263,12211.49,Debit Card,2026-02-19 09:21:30.729072,Success,,557,28,1,27,130700.07
TXN002077,C0377,12672.83,UPI,2026-02-19 09:55:47.254725,Abandoned,Checkout Abandoned,193,3,0,3,3567.71
TXN002078,C0266,4492.66,Credit Card,2026-02-19 10:30:03.780378,Success,,189,5,3,2,122825.09
TXN002079,C0926,20337.05,UPI,2026-02-19 11:04:20.306030,Success,,897,27,9,18,128053.81
TXN002080,C0921,13589.83,UPI,2026-02-19 11:38:36.831683,Success,,134,23,11,12,89537.75
TXN002081,C1383,3363.89,UPI,2026-02-19 12:12:53.357335,Failed,Bank Timeout,681,2,2,0,72245.62
TXN002082,C0340,19177.31,Credit Card,2026-02-19 12:47:09.882988,Success,,449,24,1,23,17094.34
TXN002083,C0389,23317.86,UPI,2026-02-19 13:21:26.408640,Success,,404,8,8,0,36322.27
TXN002084,C0577,23687.94,Debit Card,2026-02-19 13:55:42.934293,Success,,394,30,0,30,73827.53
TXN002085,C1713,9288.54,Credit Card,2026-02-19 14:29:59.459945,Success,,121,2,1,1,129829.42
TXN002086,C0003,3474.37,Debit Card,2026-02-19 15:04:15.985598,Success,,655,5,3,2,120568.59
TXN002087,C1453,13008.15,UPI,2026-02-19 15:38:32.511251,Success,,856,20,20,0,74641.47
TXN002088,C1166,2903.97,UPI,2026-02-19 16:12:49.036903,Success,,211,19,16,3,117951.24
TXN002089,C0376,23356.29,UPI,2026-02-19 16:47:05.562556,Success,,673,23,19,4,114977.14
TXN002090,C1694,4671.13,Credit Card,2026-02-19 17:21:22.088208,Success,,337,25,7,18,87062.8
TXN002091,C0324,6393.87,Credit Card,2026-02-19 17:55:38.613861,Abandoned,Checkout Abandoned,858,8,4,4,33438.66
TXN002092,C0146,10225.25,Credit Card,2026-02-19 18:29:55.139513,Success,,417,14,11,3,52526.56
TXN002093,C1982,9640.8,Debit Card,2026-02-19 19:04:11.665166,Success,,598,27,1,26,25027.65
TXN002094,C0293,19887.11,Net Banking,2026-02-19 19:38:28.190819,Failed,Insufficient Balance,274,8,8,0,1569.0
TXN002095,C1689,11462.29,Debit Card,2026-02-19 20:12:44.716471,Success,,452,4,0,4,12538.55
TXN002096,C0432,4352.13,UPI,2026-02-19 20:47:01.242124,Success,,263,20,16,4,114064.03
TXN002097,C0705,6753.53,Credit Card,2026-02-19 21:21:17.767776,Success,,79,26,9,17,5506.18
TXN002098,C0949,12776.92,UPI,2026-02-19 21:55:34.293429,Failed,Technical Error,544,15,12,3,60277.97
TXN002099,C1999,3771.6,Debit Card,2026-02-19 22:29:50.819081,Success,,351,2,0,2,147874.16
TXN002100,C0585,15330.23,UPI,2026-02-19 23:04:07.344734,Failed,Bank Timeout,222,8,8,0,119388.26
TXN002101,C0399,14187.11,UPI,2026-02-19 23:38:23.870387,Success,,794,16,4,12,112717.33
TXN002102,C0817,17896.09,Net Banking,2026-02-20 00:12:40.396039,Success,,619,27,21,6,41568.96
TXN002103,C1913,23448.84,Credit Card,2026-02-20 00:46:56.921692,Success,,132,2,1,1,96438.67
TXN002104,C1368,22815.14,UPI,2026-02-20 01:21:13.447344,Abandoned,Checkout Abandoned,546,6,0,6,75057.42
TXN002105,C0964,23657.28,UPI,2026-02-20 01:55:29.972997,Success,,889,6,4,2,93761.75
TXN002106,C1164,6193.42,Credit Card,2026-02-20 02:29:46.498649,Success,,559,20,8,12,65654.51
TXN002107,C0187,3375.98,Wallet,2026-02-20 03:04:03.024302,Success,,780,5,4,1,79878.97
TXN002108,C1829,7626.69,Credit Card,2026-02-20 03:38:19.549954,Success,,204,19,3,16,148265.24
TXN002109,C0061,22387.62,Wallet,2026-02-20 04:12:36.075607,Success,,279,7,0,7,49732.27
TXN002110,C0939,24304.13,UPI,2026-02-20 04:46:52.601260,Success,,499,3,1,2,32859.69
TXN002111,C1404,21497.19,Credit Card,2026-02-20 05:21:09.126912,Success,,787,25,22,3,67549.92
TXN002112,C0710,2839.44,Debit Card,2026-02-20 05:55:25.652565,Success,,75,14,6,8,78885.92
TXN002113,C0807,23690.96,Credit Card,2026-02-20 06:29:42.178217,Failed,Card Declined,208,5,5,0,13301.51
TXN002114,C1464,10641.61,UPI,2026-02-20 07:03:58.703870,Abandoned,Checkout Abandoned,151,15,0,15,120992.82
TXN002115,C1343,331.83,Credit Card,2026-02-20 07:38:15.229522,Success,,250,4,2,2,63596.89
TXN002116,C1326,11115.6,Credit Card,2026-02-20 08:12:31.755175,Success,,218,11,0,11,62271.43
TXN002117,C1368,1247.12,Debit Card,2026-02-20 08:46:48.280828,Success,,135,13,12,1,98996.56
TXN002118,C0011,13642.56,Debit Card,2026-02-20 09:21:04.806480,Success,,275,25,22,3,116100.03
TXN002119,C1086,8530.0,Debit Card,2026-02-20 09:55:21.332133,Success,,364,5,3,2,147898.07
TXN002120,C1869,11888.53,Debit Card,2026-02-20 10:29:37.857785,Success,,826,2,0,2,26441.19
TXN002121,C0226,15367.94,UPI,2026-02-20 11:03:54.383438,Abandoned,Checkout Abandoned,185,28,17,11,52160.57
TXN002122,C1177,21733.15,UPI,2026-02-20 11:38:10.909090,Success,,396,18,6,12,25654.46
TXN002123,C1735,16581.35,Debit Card,2026-02-20 12:12:27.434743,Success,,56,9,0,9,132187.83
TXN002124,C0564,10907.82,Wallet,2026-02-20 12:46:43.960396,Success,,581,6,6,0,82499.74
TXN002125,C0772,20503.75,UPI,2026-02-20 13:21:00.486048,Success,,802,12,3,9,127939.79
TXN002126,C1595,22649.0,Credit Card,2026-02-20 13:55:17.011701,Failed,Technical Error,656,0,0,0,147791.18
TXN002127,C1608,3082.02,UPI,2026-02-20 14:29:33.537353,Success,,854,0,0,0,82755.9
TXN002128,C1684,13345.13,UPI,2026-02-20 15:03:50.063006,Abandoned,Checkout Abandoned,642,16,15,1,18163.7
TXN002129,C1885,7184.35,Credit Card,2026-02-20 15:38:06.588658,Success,,176,21,12,9,54509.52
TXN002130,C1599,1271.82,Credit Card,2026-02-20 16:12:23.114311,Success,,564,3,3,0,5910.3
TXN002131,C1334,16746.81,UPI,2026-02-20 16:46:39.639963,Abandoned,Checkout Abandoned,567,13,6,7,127470.49
TXN002132,C0885,21582.99,Debit Card,2026-02-20 17:20:56.165616,Success,,226,5,3,2,3174.1
TXN002133,C1267,4156.28,Net Banking,2026-02-20 17:55:12.691269,Success,,308,29,4,25,89031.66
TXN002134,C1517,20329.1,Wallet,2026-02-20 18:29:29.216921,Failed,Technical Error,806,13,10,3,16366.93
TXN002135,C1390,21349.55,UPI,2026-02-20 19:03:45.742574,Success,,348,14,11,3,1629.9
TXN002136,C1354,22867.08,Credit Card,2026-02-20 19:38:02.268226,Success,,112,0,0,0,38794.49
TXN002137,C1131,6705.6,UPI,2026-02-20 20:12:18.793879,Success,,95,19,9,10,83001.9
TXN002138,C0226,22608.43,UPI,2026-02-20 20:46:35.319531,Success,,715,15,2,13,11725.64
TXN002139,C0825,8084.5,Credit Card,2026-02-20 21:20:51.845184,Success,,735,3,3,0,92425.74
TXN002140,C0218,13853.22,Debit Card,2026-02-20 21:55:08.370837,Abandoned,Checkout Abandoned,876,1,1,0,100962.84
TXN002141,C0937,1357.64,UPI,2026-02-20 22:29:24.896489,Success,,235,0,0,0,145469.87
TXN002142,C0753,1192.64,Wallet,2026-02-20 23:03:41.422142,Success,,510,12,12,0,134980.79
TXN002143,C0506,18037.29,Net Banking,2026-02-20 23:37:57.947794,Success,,718,15,6,9,85235.27
TXN002144,C0259,11167.55,Debit Card,2026-02-21 00:12:14.473447,Success,,676,7,7,0,119108.04
TXN002145,C1912,6481.68,Debit Card,2026-02-21 00:46:30.999099,Success,,859,21,21,0,54864.34
TXN002146,C1798,4841.3,UPI,2026-02-21 01:20:47.524752,Success,,377,3,2,1,88063.98
TXN002147,C1541,16781.84,Debit Card,2026-02-21 01:55:04.050405,Failed,Insufficient Balance,12,1,0,1,60801.45
TXN002148,C1797,110.0,UPI,2026-02-21 02:29:20.576057,Success,,833,27,26,1,50887.74
TXN002149,C0054,20166.69,Net Banking,2026-02-21 03:03:37.101710,Success,,888,12,5,7,109282.1
TXN002150,C1071,2073.32,UPI,2026-02-21 03:37:53.627362,Success,,329,4,4,0,44852.25
TXN002151,C0727,4868.09,UPI,2026-02-21 04:12:10.153015,Success,,798,24,10,14,57392.56
TXN002152,C0689,9717.29,Credit Card,2026-02-21 04:46:26.678667,Failed,Network Error,33,22,5,17,55392.15
TXN002153,C1545,12172.98,UPI,2026-02-21 05:20:43.204320,Success,,483,19,19,0,130625.31
TXN002154,C1123,8939.38,UPI,2026-02-21 05:54:59.729972,Success,,669,30,28,2,25975.47
TXN002155,C1044,8085.73,Credit Card,2026-02-21 06:29:16.255625,Success,,829,20,14,6,57530.63
TXN002156,C1914,24101.51,Net Banking,2026-02-21 07:03:32.781278,Success,,534,23,12,11,133236.53
TXN002157,C1777,16075.33,Credit Card,2026-02-21 07:37:49.306930,Abandoned,Checkout Abandoned,227,26,5,21,2788.01
TXN002158,C1597,683.48,UPI,2026-02-21 08:12:05.832583,Success,,505,12,3,9,142206.12
TXN002159,C1915,10811.38,UPI,2026-02-21 08:46:22.358235,Success,,692,4,4,0,134885.61
TXN002160,C1514,21887.72,UPI,2026-02-21 09:20:38.883888,Success,,871,15,14,1,62968.3
TXN002161,C0419,7606.26,Credit Card,2026-02-21 09:54:55.409540,Success,,599,27,5,22,98127.28
TXN002162,C0690,2454.45,Debit Card,2026-02-21 10:29:11.935193,Success,,760,5,0,5,148664.47
TXN002163,C0850,18983.78,UPI,2026-02-21 11:03:28.460846,Abandoned,Checkout Abandoned,766,15,13,2,83464.78
TXN002164,C0062,15189.74,UPI,2026-02-21 11:37:44.986498,Success,,111,28,5,23,14986.35
TXN002165,C1169,14300.78,UPI,2026-02-21 12:12:01.512151,Failed,Insufficient Balance,39,25,15,10,128119.33
TXN002166,C0216,1434.06,UPI,2026-02-21 12:46:18.037803,Success,,792,21,21,0,20555.67
TXN002167,C0003,3598.43,UPI,2026-02-21 13:20:34.563456,Failed,Bank Timeout,476,23,0,23,38962.11
TXN002168,C0160,15601.48,Debit Card,2026-02-21 13:54:51.089108,Success,,212,12,6,6,131090.55
TXN002169,C1763,5274.81,UPI,2026-02-21 14:29:07.614761,Success,,733,10,9,1,38776.37
TXN002170,C0781,12651.34,Credit Card,2026-02-21 15:03:24.140414,Abandoned,Checkout Abandoned,162,20,20,0,111890.35
TXN002171,C1144,13667.55,Credit Card,2026-02-21 15:37:40.666066,Success,,687,0,0,0,67427.21
TXN002172,C0893,7159.33,UPI,2026-02-21 16:11:57.191719,Success,,52,3,3,0,114082.47
TXN002173,C1113,23715.79,Debit Card,2026-02-21 16:46:13.717371,Failed,Card Declined,423,2,1,1,35236.66
TXN002174,C0329,21077.36,Credit Card,2026-02-21 17:20:30.243024,Success,,561,17,4,13,63225.05
TXN002175,C0580,18087.1,UPI,2026-02-21 17:54:46.768676,Success,,452,22,17,5,48065.12
TXN002176,C1934,2042.05,Net Banking,2026-02-21 18:29:03.294329,Failed,Card Declined,160,15,3,12,37732.08
TXN002177,C1381,2742.64,UPI,2026-02-21 19:03:19.819981,Abandoned,Checkout Abandoned,53,12,3,9,47507.26
TXN002178,C1634,12370.26,Net Banking,2026-02-21 19:37:36.345634,Failed,Bank Timeout,602,12,9,3,48787.33
TXN002179,C1291,4101.76,Credit Card,2026-02-21 20:11:52.871287,Success,,266,6,1,5,143329.04
TXN002180,C1641,24458.81,Credit Card,2026-02-21 20:46:09.396939,Success,,499,30,15,15,80217.93
TXN002181,C0952,4047.15,Net Banking,2026-02-21 21:20:25.922592,Success,,112,23,7,16,69576.8
TXN002182,C1347,12237.95,Net Banking,2026-02-21 21:54:42.448244,Success,,859,14,2,12,75746.13
TXN002183,C0635,9166.61,Credit Card,2026-02-21 22:28:58.973897,Failed,Card Declined,562,25,0,25,149421.58
TXN002184,C0988,16020.72,Debit Card,2026-02-21 23:03:15.499549,Success,,839,14,6,8,98211.57
TXN002185,C1565,3313.01,UPI,2026-02-21 23:37:32.025202,Success,,709,4,0,4,105671.25
TXN002186,C1673,10814.88,Credit Card,2026-02-22 00:11:48.550855,Success,,217,30,5,25,47386.46
TXN002187,C1219,6940.16,UPI,2026-02-22 00:46:05.076507,Abandoned,Checkout Abandoned,403,16,12,4,70994.89
TXN002188,C0921,22205.01,UPI,2026-02-22 01:20:21.602160,Success,,117,21,12,9,28017.78
TXN002189,C0738,1110.58,Net Banking,2026-02-22 01:54:38.127812,Abandoned,Checkout Abandoned,338,21,17,4,102935.82
TXN002190,C1356,22851.81,UPI,2026-02-22 02:28:54.653465,Abandoned,Checkout Abandoned,343,10,1,9,52001.93
TXN002191,C0170,20841.55,UPI,2026-02-22 03:03:11.179117,Abandoned,Checkout Abandoned,517,23,15,8,112369.11
TXN002192,C0521,7509.51,Debit Card,2026-02-22 03:37:27.704770,Abandoned,Checkout Abandoned,715,12,0,12,32367.62
TXN002193,C1487,19753.34,UPI,2026-02-22 04:11:44.230423,Failed,Insufficient Balance,578,9,5,4,60823.7
TXN002194,C0040,877.22,UPI,2026-02-22 04:46:00.756075,Failed,Insufficient Balance,642,14,13,1,70942.06
TXN002195,C1561,24174.95,Credit Card,2026-02-22 05:20:17.281728,Success,,819,1,0,1,25395.54
TXN002196,C1285,13212.21,Credit Card,2026-02-22 05:54:33.807380,Success,,606,10,7,3,10903.87
TXN002197,C1419,7651.7,Debit Card,2026-02-22 06:28:50.333033,Success,,435,24,0,24,47901.62
TXN002198,C0955,9128.32,Credit Card,2026-02-22 07:03:06.858685,Success,,587,10,0,10,81961.38
TXN002199,C1250,1753.49,Credit Card,2026-02-22 07:37:23.384338,Success,,591,28,0,28,98075.5
TXN002200,C0984,24734.8,Debit Card,2026-02-22 08:11:39.909990,Success,,242,21,9,12,64078.07
TXN002201,C1148,1078.37,Credit Card,2026-02-22 08:45:56.435643,Abandoned,Checkout Abandoned,460,0,0,0,75291.5
TXN002202,C0975,16407.19,Credit Card,2026-02-22 09:20:12.961296,Success,,764,24,4,20,81707.35
TXN002203,C0038,11124.12,Net Banking,2026-02-22 09:54:29.486948,Success,,276,7,6,1,77030.67
TXN002204,C0328,23728.01,UPI,2026-02-22 10:28:46.012601,Failed,Bank Timeout,525,25,3,22,14004.12
TXN002205,C1275,6225.39,UPI,2026-02-22 11:03:02.538253,Success,,600,16,0,16,61047.65
TXN002206,C1925,13348.96,UPI,2026-02-22 11:37:19.063906,Success,,739,7,0,7,31047.55
TXN002207,C1200,12110.67,Credit Card,2026-02-22 12:11:35.589558,Failed,Card Declined,388,12,9,3,80293.53
TXN002208,C1626,17601.37,UPI,2026-02-22 12:45:52.115211,Success,,757,22,2,20,113832.4
TXN002209,C0914,1793.45,Credit Card,2026-02-22 13:20:08.640864,Success,,493,4,4,0,87133.2
TXN002210,C0454,4925.35,Net Banking,2026-02-22 13:54:25.166516,Success,,88,30,12,18,33662.37
TXN002211,C0037,5442.66,Credit Card,2026-02-22 14:28:41.692169,Success,,698,28,20,8,31559.65
TXN002212,C1340,18479.95,UPI,2026-02-22 15:02:58.217821,Failed,Technical Error,251,5,0,5,6031.22
TXN002213,C1712,4809.55,Debit Card,2026-02-22 15:37:14.743474,Success,,415,19,8,11,64243.94
TXN002214,C0973,14379.94,UPI,2026-02-22 16:11:31.269126,Abandoned,Checkout Abandoned,686,24,24,0,65212.8
TXN002215,C0796,5459.57,Debit Card,2026-02-22 16:45:47.794779,Success,,285,24,7,17,35847.23
TXN002216,C1989,21554.46,Credit Card,2026-02-22 17:20:04.320432,Success,,873,28,10,18,114756.64
TXN002217,C0973,23560.42,UPI,2026-02-22 17:54:20.846084,Abandoned,Checkout Abandoned,850,30,24,6,58279.76
TXN002218,C0593,13010.48,Net Banking,2026-02-22 18:28:37.371737,Abandoned,Checkout Abandoned,187,25,23,2,100575.51
TXN002219,C1138,8872.49,UPI,2026-02-22 19:02:53.897389,Success,,680,13,12,1,96190.51
TXN002220,C1064,5928.04,Wallet,2026-02-22 19:37:10.423042,Success,,821,16,13,3,90908.7
TXN002221,C1325,1339.55,UPI,2026-02-22 20:11:26.948694,Failed,Network Error,552,15,7,8,136255.89
TXN002222,C0224,6785.65,UPI,2026-02-22 20:45:43.474347,Success,,340,27,23,4,2875.57
TXN002223,C0318,16390.47,UPI,2026-02-22 21:20:00.000000,Success,,493,8,7,1,10671.58
TXN002224,C0349,13387.06,UPI,2026-02-22 21:54:16.525652,Failed,Technical Error,562,18,9,9,108460.03
TXN002225,C0115,23606.63,Debit Card,2026-02-22 22:28:33.051305,Success,,525,27,2,25,53352.12
TXN002226,C0698,9967.3,Debit Card,2026-02-22 23:02:49.576957,Success,,891,1,1,0,147985.1
TXN002227,C1347,17377.2,Debit Card,2026-02-22 23:37:06.102610,Success,,279,3,0,3,32853.7
TXN002228,C1592,12284.14,UPI,2026-02-23 00:11:22.628262,Abandoned,Checkout Abandoned,183,19,11,8,27921.15
TXN002229,C1064,12863.15,UPI,2026-02-23 00:45:39.153915,Success,,831,8,8,0,88439.16
TXN002230,C1890,6767.58,Debit Card,2026-02-23 01:19:55.679567,Failed,Insufficient Balance,486,3,2,1,42274.08
TXN002231,C0040,11428.27,UPI,2026-02-23 01:54:12.205220,Success,,101,4,2,2,51403.7
TXN002232,C1883,11822.55,Debit Card,2026-02-23 02:28:28.730873,Success,,519,5,4,1,138193.14
TXN002233,C1997,17695.4,Credit Card,2026-02-23 03:02:45.256525,Success,,610,19,13,6,4423.28
TXN002234,C1773,23521.94,UPI,2026-02-23 03:37:01.782178,Success,,608,0,0,0,79923.28
TXN002235,C1313,8300.1,Debit Card,2026-02-23 04:11:18.307830,Success,,554,12,6,6,50567.46
TXN002236,C1286,1150.79,Debit Card,2026-02-23 04:45:34.833483,Success,,423,17,11,6,52225.8
TXN002237,C0216,12457.75,Debit Card,2026-02-23 05:19:51.359135,Success,,146,2,2,0,37547.42
TXN002238,C1171,13657.09,UPI,2026-02-23 05:54:07.884788,Failed,Insufficient Balance,687,19,7,12,20660.09
TXN002239,C0336,4294.17,UPI,2026-02-23 06:28:24.410441,Success,,98,4,3,1,5655.01
TXN002240,C1192,19035.57,UPI,2026-02-23 07:02:40.936093,Failed,Insufficient Balance,603,12,5,7,148160.48
TXN002241,C0092,24624.73,UPI,2026-02-23 07:36:57.461746,Success,,52,9,0,9,99224.72
TXN002242,C0353,23649.79,UPI,2026-02-23 08:11:13.987398,Success,,656,25,1,24,116692.19
TXN002243,C0571,5007.94,Net Banking,2026-02-23 08:45:30.513051,Success,,353,2,2,0,10217.84
TXN002244,C1595,21896.54,Credit Card,2026-02-23 09:19:47.038703,Success,,305,10,5,5,2718.19
TXN002245,C0816,17641.89,Credit Card,2026-02-23 09:54:03.564356,Success,,350,0,0,0,90243.16
TXN002246,C1705,11400.78,UPI,2026-02-23 10:28:20.090009,Success,,640,26,12,14,108712.79
TXN002247,C0781,13561.21,Net Banking,2026-02-23 11:02:36.615661,Success,,327,26,25,1,59532.51
TXN002248,C0363,21255.04,UPI,2026-02-23 11:36:53.141314,Success,,704,14,11,3,58469.39
TXN002249,C0557,12055.36,Debit Card,2026-02-23 12:11:09.666966,Abandoned,Checkout Abandoned,44,23,20,3,57979.69
TXN002250,C1369,9392.86,Wallet,2026-02-23 12:45:26.192619,Failed,Insufficient Balance,180,23,6,17,23337.0
TXN002251,C1717,12381.86,Debit Card,2026-02-23 13:19:42.718271,Success,,532,28,17,11,113210.07
TXN002252,C1194,14520.33,Wallet,2026-02-23 13:53:59.243924,Abandoned,Checkout Abandoned,395,3,1,2,32671.31
TXN002253,C0356,4808.03,Debit Card,2026-02-23 14:28:15.769576,Success,,344,14,3,11,48999.37
TXN002254,C0191,22532.6,UPI,2026-02-23 15:02:32.295229,Failed,Network Error,88,6,4,2,100853.33
TXN002255,C1691,16887.26,UPI,2026-02-23 15:36:48.820882,Success,,142,14,7,7,515.65
TXN002256,C0422,15868.4,UPI,2026-02-23 16:11:05.346534,Success,,381,3,1,2,115055.45
TXN002257,C0700,2577.46,UPI,2026-02-23 16:45:21.872187,Success,,177,29,21,8,134914.66
TXN002258,C0007,15143.93,Debit Card,2026-02-23 17:19:38.397839,Success,,245,2,0,2,8216.8
TXN002259,C0133,3111.92,UPI,2026-02-23 17:53:54.923492,Success,,823,22,12,10,88947.76
TXN002260,C1771,2059.57,Net Banking,2026-02-23 18:28:11.449144,Success,,542,13,13,0,61564.62
TXN002261,C0557,13230.04,UPI,2026-02-23 19:02:27.974797,Success,,502,5,4,1,12230.28
TXN002262,C0826,10129.36,Credit Card,2026-02-23 19:36:44.500450,Success,,658,0,0,0,102493.53
TXN002263,C0761,14761.38,Wallet,2026-02-23 20:11:01.026102,Failed,Bank Timeout,336,8,0,8,92041.63
TXN002264,C1055,2321.63,UPI,2026-02-23 20:45:17.551755,Success,,164,11,11,0,96577.72
TXN002265,C0535,10831.48,Debit Card,2026-02-23 21:19:34.077407,Failed,Insufficient Balance,794,17,3,14,122117.56
TXN002266,C0426,4452.19,Debit Card,2026-02-23 21:53:50.603060,Success,,75,28,8,20,43394.39
TXN002267,C1418,24678.79,UPI,2026-02-23 22:28:07.128712,Success,,753,2,2,0,101721.68
TXN002268,C0672,14072.64,Credit Card,2026-02-23 23:02:23.654365,Success,,547,20,14,6,111626.0
TXN002269,C0363,17217.18,UPI,2026-02-23 23:36:40.180018,Abandoned,Checkout Abandoned,374,30,17,13,25737.84
TXN002270,C1461,8202.92,Debit Card,2026-02-24 00:10:56.705670,Success,,209,18,5,13,143581.5
TXN002271,C1694,2459.0,Credit Card,2026-02-24 00:45:13.231323,Success,,521,2,1,1,51327.17
TXN002272,C1575,24399.18,Credit Card,2026-02-24 01:19:29.756975,Success,,521,23,8,15,107199.38
TXN002273,C1951,7227.85,Debit Card,2026-02-24 01:53:46.282628,Success,,507,13,4,9,113226.01
TXN002274,C0082,10652.82,UPI,2026-02-24 02:28:02.808280,Success,,694,3,0,3,75852.62
TXN002275,C0356,16281.61,Debit Card,2026-02-24 03:02:19.333933,Success,,704,12,11,1,19743.24
TXN002276,C1282,714.96,Net Banking,2026-02-24 03:36:35.859585,Failed,Card Declined,49,12,12,0,41711.61
TXN002277,C1742,20275.45,Net Banking,2026-02-24 04:10:52.385238,Failed,Network Error,281,25,25,0,35519.92
TXN002278,C0589,13460.8,Debit Card,2026-02-24 04:45:08.910891,Abandoned,Checkout Abandoned,733,1,0,1,78037.03
TXN002279,C1548,7027.61,UPI,2026-02-24 05:19:25.436543,Success,,233,20,11,9,39559.7
TXN002280,C0295,1634.04,Wallet,2026-02-24 05:53:41.962196,Success,,169,1,0,1,82242.19
TXN002281,C1986,4146.21,UPI,2026-02-24 06:27:58.487848,Success,,44,9,1,8,43586.91
TXN002282,C1248,22386.34,Credit Card,2026-02-24 07:02:15.013501,Abandoned,Checkout Abandoned,841,10,10,0,646.38
TXN002283,C1549,17182.0,UPI,2026-02-24 07:36:31.539153,Success,,408,27,22,5,54806.88
TXN002284,C1070,6322.55,Wallet,2026-02-24 08:10:48.064806,Success,,435,23,23,0,91224.2
TXN002285,C1691,1733.46,Debit Card,2026-02-24 08:45:04.590459,Abandoned,Checkout Abandoned,130,14,2,12,116167.67
TXN002286,C1137,17296.32,Debit Card,2026-02-24 09:19:21.116111,Success,,443,2,0,2,4740.49
TXN002287,C1257,14352.95,UPI,2026-02-24 09:53:37.641764,Success,,425,13,1,12,39117.79
TXN002288,C0017,10172.54,Debit Card,2026-02-24 10:27:54.167416,Success,,295,17,9,8,147826.59
TXN002289,C0360,9153.93,Debit Card,2026-02-24 11:02:10.693069,Success,,417,18,4,14,39641.4
TXN002290,C1247,5498.68,Debit Card,2026-02-24 11:36:27.218721,Abandoned,Checkout Abandoned,414,18,16,2,116691.05
TXN002291,C0866,16773.32,UPI,2026-02-24 12:10:43.744374,Success,,179,0,0,0,76651.36
TXN002292,C0700,24269.63,Credit Card,2026-02-24 12:45:00.270027,Success,,517,18,0,18,18765.01
TXN002293,C0448,4475.31,UPI,2026-02-24 13:19:16.795679,Success,,345,2,0,2,96688.32
TXN002294,C0856,14968.2,Credit Card,2026-02-24 13:53:33.321332,Success,,497,19,1,18,144967.96
TXN002295,C0365,10662.21,UPI,2026-02-24 14:27:49.846984,Success,,240,28,16,12,133080.94
TXN002296,C0675,11222.55,UPI,2026-02-24 15:02:06.372637,Success,,109,7,6,1,103698.77
TXN002297,C1008,6428.27,UPI,2026-02-24 15:36:22.898289,Success,,754,24,7,17,77066.17
TXN002298,C1350,20645.86,UPI,2026-02-24 16:10:39.423942,Success,,11,16,1,15,48240.28
TXN002299,C0467,12182.86,UPI,2026-02-24 16:44:55.949594,Failed,Insufficient Balance,518,0,0,0,53866.51
TXN002300,C0414,13630.81,Net Banking,2026-02-24 17:19:12.475247,Success,,537,5,3,2,52257.91
TXN002301,C1479,7688.55,Credit Card,2026-02-24 17:53:29.000900,Failed,Card Declined,742,16,7,9,138351.26
TXN002302,C0586,4627.03,UPI,2026-02-24 18:27:45.526552,Success,,272,27,26,1,32091.21
TXN002303,C1257,2239.17,Credit Card,2026-02-24 19:02:02.052205,Success,,704,20,4,16,57015.46
TXN002304,C1248,17881.57,Credit Card,2026-02-24 19:36:18.577857,Abandoned,Checkout Abandoned,408,29,16,13,65078.5
TXN002305,C0994,4986.23,Wallet,2026-02-24 20:10:35.103510,Success,,32,27,3,24,61630.7
TXN002306,C1855,17282.88,UPI,2026-02-24 20:44:51.629162,Success,,256,0,0,0,1127.64
TXN002307,C1436,9820.37,UPI,2026-02-24 21:19:08.154815,Success,,266,12,11,1,41010.55
TXN002308,C0572,10452.79,Wallet,2026-02-24 21:53:24.680468,Success,,637,23,17,6,75036.0
TXN002309,C0335,11782.52,UPI,2026-02-24 22:27:41.206120,Success,,78,11,5,6,114193.75
TXN002310,C1246,9255.94,UPI,2026-02-24 23:01:57.731773,Success,,662,4,4,0,85636.36
TXN002311,C0037,2605.44,UPI,2026-02-24 23:36:14.257425,Success,,573,21,18,3,58036.87
TXN002312,C0989,7809.83,UPI,2026-02-25 00:10:30.783078,Success,,406,19,4,15,99938.56
TXN002313,C0278,16626.99,Wallet,2026-02-25 00:44:47.308730,Failed,Insufficient Balance,617,30,9,21,100051.03
TXN002314,C1220,16678.03,UPI,2026-02-25 01:19:03.834383,Success,,576,12,6,6,37564.74
TXN002315,C0916,7226.99,Wallet,2026-02-25 01:53:20.360036,Success,,294,7,0,7,16014.24
TXN002316,C1888,11556.56,Wallet,2026-02-25 02:27:36.885688,Success,,155,11,2,9,120575.93
TXN002317,C0484,4916.84,Credit Card,2026-02-25 03:01:53.411341,Success,,395,24,3,21,79702.47
TXN002318,C1266,5338.26,UPI,2026-02-25 03:36:09.936993,Success,,292,8,0,8,26890.45
TXN002319,C1348,673.87,UPI,2026-02-25 04:10:26.462646,Success,,571,16,16,0,39679.62
TXN002320,C0731,22428.99,Credit Card,2026-02-25 04:44:42.988298,Success,,307,13,8,5,115080.46
TXN002321,C0192,5346.6,UPI,2026-02-25 05:18:59.513951,Failed,Bank Timeout,716,6,2,4,98164.22
TXN002322,C1041,5765.59,Credit Card,2026-02-25 05:53:16.039603,Failed,Network Error,510,3,0,3,141802.4
TXN002323,C0524,7062.08,UPI,2026-02-25 06:27:32.565256,Success,,231,28,12,16,70009.64
TXN002324,C0918,3272.46,Wallet,2026-02-25 07:01:49.090909,Failed,Bank Timeout,147,28,2,26,8301.9
TXN002325,C0401,16017.65,Credit Card,2026-02-25 07:36:05.616561,Success,,530,25,1,24,105213.22
TXN002326,C1930,1971.06,Debit Card,2026-02-25 08:10:22.142214,Success,,524,26,14,12,38609.16
TXN002327,C0886,3441.64,Net Banking,2026-02-25 08:44:38.667866,Abandoned,Checkout Abandoned,351,23,2,21,48916.26
TXN002328,C0705,16154.44,UPI,2026-02-25 09:18:55.193519,Success,,47,30,21,9,29898.91
TXN002329,C0022,8557.55,UPI,2026-02-25 09:53:11.719171,Success,,468,6,4,2,46685.84
TXN002330,C0474,17727.9,UPI,2026-02-25 10:27:28.244824,Success,,79,16,9,7,124507.33
TXN002331,C1144,13979.88,UPI,2026-02-25 11:01:44.770477,Abandoned,Checkout Abandoned,590,16,1,15,86718.64
TXN002332,C0210,6474.93,Credit Card,2026-02-25 11:36:01.296129,Success,,679,0,0,0,16818.48
TXN002333,C0306,16305.62,UPI,2026-02-25 12:10:17.821782,Success,,791,1,0,1,88197.25
TXN002334,C1294,2995.21,UPI,2026-02-25 12:44:34.347434,Success,,11,25,7,18,95217.72
TXN002335,C0704,13456.62,Wallet,2026-02-25 13:18:50.873087,Success,,874,17,12,5,132781.14
TXN002336,C0687,10984.99,UPI,2026-02-25 13:53:07.398739,Success,,622,8,0,8,129016.99
TXN002337,C0285,6770.05,Credit Card,2026-02-25 14:27:23.924392,Failed,Network Error,145,4,1,3,9899.83
TXN002338,C0716,15139.72,UPI,2026-02-25 15:01:40.450045,Success,,851,0,0,0,130071.37
TXN002339,C1700,21796.21,UPI,2026-02-25 15:35:56.975697,Success,,222,6,6,0,8107.27
TXN002340,C0763,24972.73,Credit Card,2026-02-25 16:10:13.501350,Failed,Insufficient Balance,92,25,23,2,23541.24
TXN002341,C1251,15233.29,Wallet,2026-02-25 16:44:30.027002,Success,,364,1,1,0,17176.73
TXN002342,C0948,10177.18,UPI,2026-02-25 17:18:46.552655,Success,,795,2,1,1,27663.74
TXN002343,C0381,5707.66,UPI,2026-02-25 17:53:03.078307,Success,,150,3,3,0,120587.67
TXN002344,C0460,6501.69,UPI,2026-02-25 18:27:19.603960,Failed,Insufficient Balance,823,2,0,2,103074.84
TXN002345,C1031,12038.43,UPI,2026-02-25 19:01:36.129612,Success,,661,18,18,0,103200.88
TXN002346,C0029,9245.21,UPI,2026-02-25 19:35:52.655265,Success,,817,24,11,13,138358.08
TXN002347,C0907,22853.98,Credit Card,2026-02-25 20:10:09.180918,Success,,609,11,11,0,59081.73
TXN002348,C1057,9270.56,UPI,2026-02-25 20:44:25.706570,Success,,405,14,9,5,991.47
TXN002349,C1670,9398.77,Credit Card,2026-02-25 21:18:42.232223,Success,,844,3,2,1,96145.38
TXN002350,C0879,9650.01,Credit Card,2026-02-25 21:52:58.757875,Success,,802,23,19,4,130277.12
TXN002351,C0079,20931.84,UPI,2026-02-25 22:27:15.283528,Success,,250,0,0,0,146450.9
TXN002352,C1952,16304.63,UPI,2026-02-25 23:01:31.809180,Success,,633,15,9,6,54901.96
TXN002353,C0947,15392.8,Wallet,2026-02-25 23:35:48.334833,Success,,310,28,18,10,123411.75
TXN002354,C0459,8420.16,UPI,2026-02-26 00:10:04.860486,Success,,150,5,1,4,127459.54
TXN002355,C0570,20465.81,Debit Card,2026-02-26 00:44:21.386138,Failed,Network Error,161,30,23,7,22093.46
TXN002356,C1562,1055.26,UPI,2026-02-26 01:18:37.911791,Abandoned,Checkout Abandoned,725,16,8,8,94909.03
TXN002357,C1506,21782.85,Credit Card,2026-02-26 01:52:54.437443,Success,,779,4,4,0,26384.44
TXN002358,C1454,12867.47,UPI,2026-02-26 02:27:10.963096,Success,,887,22,4,18,67271.31
TXN002359,C0738,10016.43,UPI,2026-02-26 03:01:27.488748,Success,,796,12,11,1,131950.4
TXN002360,C1309,12479.47,UPI,2026-02-26 03:35:44.014401,Success,,223,11,2,9,118525.33
TXN002361,C0516,16718.65,UPI,2026-02-26 04:10:00.540054,Success,,801,0,0,0,85765.75
TXN002362,C1123,417.86,Net Banking,2026-02-26 04:44:17.065706,Success,,483,24,22,2,121402.02
TXN002363,C0397,21801.64,Debit Card,2026-02-26 05:18:33.591359,Failed,Card Declined,198,11,2,9,23347.71
TXN002364,C1513,11223.81,UPI,2026-02-26 05:52:50.117011,Failed,Card Declined,142,26,21,5,29640.45
TXN002365,C0039,8639.87,Credit Card,2026-02-26 06:27:06.642664,Success,,89,24,3,21,31725.29
TXN002366,C1295,3542.31,Net Banking,2026-02-26 07:01:23.168316,Success,,110,21,13,8,116514.03
TXN002367,C0887,11042.69,Debit Card,2026-02-26 07:35:39.693969,Success,,367,30,5,25,133699.34
TXN002368,C0797,12458.44,UPI,2026-02-26 08:09:56.219621,Success,,73,29,12,17,84644.03
TXN002369,C0157,10150.8,Net Banking,2026-02-26 08:44:12.745274,Failed,Insufficient Balance,533,1,1,0,143716.76
TXN002370,C1099,16998.64,UPI,2026-02-26 09:18:29.270927,Success,,644,17,6,11,109340.52
TXN002371,C0884,10580.32,Credit Card,2026-02-26 09:52:45.796579,Success,,374,8,3,5,84770.73
TXN002372,C1824,24039.3,Credit Card,2026-02-26 10:27:02.322232,Failed,Insufficient Balance,118,15,11,4,91932.78
TXN002373,C1154,15022.01,Net Banking,2026-02-26 11:01:18.847884,Success,,196,28,27,1,127505.36
TXN002374,C1711,20206.2,Wallet,2026-02-26 11:35:35.373537,Success,,414,29,13,16,13982.02
TXN002375,C0974,2822.96,Wallet,2026-02-26 12:09:51.899189,Success,,361,29,12,17,25618.61
TXN002376,C1108,9992.55,UPI,2026-02-26 12:44:08.424842,Failed,Bank Timeout,215,19,10,9,40311.1
TXN002377,C1046,8487.51,Wallet,2026-02-26 13:18:24.950495,Success,,892,14,5,9,134268.99
TXN002378,C1483,14280.11,UPI,2026-02-26 13:52:41.476147,Success,,56,21,6,15,141769.27
TXN002379,C1563,21541.73,UPI,2026-02-26 14:26:58.001800,Success,,830,28,9,19,53747.5
TXN002380,C1731,2050.62,Credit Card,2026-02-26 15:01:14.527452,Failed,Insufficient Balance,108,9,7,2,138616.66
TXN002381,C0849,1907.11,Credit Card,2026-02-26 15:35:31.053105,Success,,850,1,1,0,82253.75
TXN002382,C1406,21272.91,Credit Card,2026-02-26 16:09:47.578757,Success,,514,30,14,16,71254.42
TXN002383,C0748,5399.97,Credit Card,2026-02-26 16:44:04.104410,Abandoned,Checkout Abandoned,243,3,0,3,124998.32
TXN002384,C1464,16751.96,Wallet,2026-02-26 17:18:20.630063,Abandoned,Checkout Abandoned,742,17,2,15,82139.47
TXN002385,C1628,13617.67,UPI,2026-02-26 17:52:37.155715,Abandoned,Checkout Abandoned,432,30,4,26,68445.1
TXN002386,C0989,20839.05,UPI,2026-02-26 18:26:53.681368,Success,,599,18,9,9,2886.54
TXN002387,C0021,3214.71,Wallet,2026-02-26 19:01:10.207020,Failed,Network Error,226,17,14,3,2428.2
TXN002388,C0303,3331.6,UPI,2026-02-26 19:35:26.732673,Success,,183,13,2,11,94324.91
TXN002389,C2000,13964.78,Credit Card,2026-02-26 20:09:43.258325,Success,,450,7,4,3,11475.83
TXN002390,C0869,23664.83,Debit Card,2026-02-26 20:43:59.783978,Success,,115,4,1,3,110673.32
TXN002391,C1979,10433.44,Credit Card,2026-02-26 21:18:16.309630,Success,,686,4,2,2,93540.05
TXN002392,C0084,8240.86,Debit Card,2026-02-26 21:52:32.835283,Success,,420,7,6,1,68930.57
TXN002393,C1798,15206.56,UPI,2026-02-26 22:26:49.360936,Success,,422,10,7,3,106615.64
TXN002394,C1683,23268.17,Net Banking,2026-02-26 23:01:05.886588,Failed,Card Declined,122,30,20,10,148964.17
TXN002395,C1977,20939.5,UPI,2026-02-26 23:35:22.412241,Success,,155,23,13,10,37330.34
TXN002396,C1477,24887.54,UPI,2026-02-27 00:09:38.937893,Success,,653,28,15,13,83779.83
TXN002397,C1411,661.96,UPI,2026-02-27 00:43:55.463546,Success,,93,22,18,4,126506.96
TXN002398,C1531,2910.17,Credit Card,2026-02-27 01:18:11.989198,Abandoned,Checkout Abandoned,522,20,3,17,3022.8
TXN002399,C1281,15275.75,Debit Card,2026-02-27 01:52:28.514851,Success,,774,6,2,4,30924.5
TXN002400,C0570,20532.35,Wallet,2026-02-27 02:26:45.040504,Success,,545,12,2,10,78383.32
TXN002401,C1916,7202.58,Debit Card,2026-02-27 03:01:01.566156,Success,,307,16,8,8,83060.78
TXN002402,C0934,6056.36,Credit Card,2026-02-27 03:35:18.091809,Failed,Card Declined,197,18,3,15,13406.82
TXN002403,C1551,19695.7,Wallet,2026-02-27 04:09:34.617461,Success,,120,30,21,9,61410.71
TXN002404,C1186,1503.91,Credit Card,2026-02-27 04:43:51.143114,Success,,545,2,2,0,78207.82
TXN002405,C1981,9297.63,Credit Card,2026-02-27 05:18:07.668766,Success,,65,1,1,0,63734.87
TXN002406,C1187,12694.65,Credit Card,2026-02-27 05:52:24.194419,Failed,Bank Timeout,590,5,3,2,105239.14
TXN002407,C1856,14052.68,UPI,2026-02-27 06:26:40.720072,Success,,483,18,10,8,115818.9
TXN002408,C1009,18242.52,Net Banking,2026-02-27 07:00:57.245724,Success,,539,14,14,0,69309.11
TXN002409,C0793,8935.66,UPI,2026-02-27 07:35:13.771377,Success,,749,3,3,0,64136.13
TXN002410,C0792,15355.84,Credit Card,2026-02-27 08:09:30.297029,Abandoned,Checkout Abandoned,458,18,7,11,105951.87
TXN002411,C1548,14675.85,Debit Card,2026-02-27 08:43:46.822682,Success,,403,6,1,5,83517.7
TXN002412,C1810,13735.64,Net Banking,2026-02-27 09:18:03.348334,Success,,517,19,17,2,130630.7
TXN002413,C1295,16048.03,Net Banking,2026-02-27 09:52:19.873987,Success,,579,20,2,18,72431.35
TXN002414,C0492,6560.28,Credit Card,2026-02-27 10:26:36.399639,Success,,172,13,2,11,86361.96
TXN002415,C0208,2207.75,Credit Card,2026-02-27 11:00:52.925292,Success,,653,6,4,2,19756.38
TXN002416,C1563,3069.86,UPI,2026-02-27 11:35:09.450945,Success,,228,19,18,1,125481.59
TXN002417,C1608,5692.1,Credit Card,2026-02-27 12:09:25.976597,Abandoned,Checkout Abandoned,340,13,13,0,63632.67
TXN002418,C1084,12554.93,Net Banking,2026-02-27 12:43:42.502250,Success,,460,21,11,10,107999.96
TXN002419,C0430,21027.02,Wallet,2026-02-27 13:17:59.027902,Failed,Card Declined,293,24,23,1,64707.67
TXN002420,C0985,17562.2,Net Banking,2026-02-27 13:52:15.553555,Success,,148,30,13,17,651.33
TXN002421,C1681,19747.11,UPI,2026-02-27 14:26:32.079207,Abandoned,Checkout Abandoned,524,21,12,9,60361.33
TXN002422,C1629,8839.29,Net Banking,2026-02-27 15:00:48.604860,Success,,513,4,0,4,22551.58
TXN002423,C1333,10175.88,Wallet,2026-02-27 15:35:05.130513,Success,,365,30,21,9,60092.95
TXN002424,C0520,9902.68,UPI,2026-02-27 16:09:21.656165,Success,,780,14,1,13,48540.92
TXN002425,C0591,4877.64,Credit Card,2026-02-27 16:43:38.181818,Success,,290,11,7,4,30780.83
TXN002426,C1051,1624.29,Debit Card,2026-02-27 17:17:54.707470,Success,,853,29,25,4,19003.93
TXN002427,C1710,14813.81,Credit Card,2026-02-27 17:52:11.233123,Success,,21,28,12,16,109419.9
TXN002428,C1586,24731.5,Wallet,2026-02-27 18:26:27.758775,Success,,449,16,7,9,113351.62
TXN002429,C0199,4254.06,Credit Card,2026-02-27 19:00:44.284428,Success,,574,23,6,17,40117.13
TXN002430,C0387,1262.45,Debit Card,2026-02-27 19:35:00.810081,Success,,775,20,7,13,74530.94
TXN002431,C0349,19510.34,Debit Card,2026-02-27 20:09:17.335733,Success,,105,4,0,4,69878.61
TXN002432,C0960,6389.39,Credit Card,2026-02-27 20:43:33.861386,Success,,241,18,0,18,53609.51
TXN002433,C1964,20758.13,Net Banking,2026-02-27 21:17:50.387038,Success,,787,9,2,7,42006.76
TXN002434,C0693,17628.02,Credit Card,2026-02-27 21:52:06.912691,Success,,121,11,3,8,28311.75
TXN002435,C1560,23647.27,UPI,2026-02-27 22:26:23.438343,Success,,56,1,0,1,130997.45
TXN002436,C1852,10282.29,UPI,2026-02-27 23:00:39.963996,Success,,703,16,1,15,125080.22
TXN002437,C0378,16583.05,UPI,2026-02-27 23:34:56.489648,Failed,Card Declined,756,24,10,14,62868.32
TXN002438,C0899,11674.88,Debit Card,2026-02-28 00:09:13.015301,Success,,263,4,4,0,108319.59
TXN002439,C0916,15801.66,Wallet,2026-02-28 00:43:29.540954,Success,,528,25,10,15,75000.65
TXN002440,C1582,11295.01,UPI,2026-02-28 01:17:46.066606,Success,,865,27,18,9,13264.8
TXN002441,C0527,4796.94,UPI,2026-02-28 01:52:02.592259,Failed,Technical Error,432,14,8,6,123447.38
TXN002442,C1177,12746.65,UPI,2026-02-28 02:26:19.117911,Success,,297,19,1,18,33281.1
TXN002443,C0734,13261.75,Debit Card,2026-02-28 03:00:35.643564,Success,,800,22,4,18,106169.22
TXN002444,C0206,20284.04,Wallet,2026-02-28 03:34:52.169216,Success,,315,12,2,10,79346.0
TXN002445,C0455,18414.47,Credit Card,2026-02-28 04:09:08.694869,Success,,383,19,8,11,103735.73
TXN002446,C1297,16628.41,Credit Card,2026-02-28 04:43:25.220522,Success,,204,10,6,4,70944.86
TXN002447,C1918,2923.34,Credit Card,2026-02-28 05:17:41.746174,Success,,34,30,25,5,105532.89
TXN002448,C1260,18043.35,UPI,2026-02-28 05:51:58.271827,Failed,Network Error,15,17,11,6,5405.48
TXN002449,C1876,12557.6,Debit Card,2026-02-28 06:26:14.797479,Success,,490,8,2,6,6607.51
TXN002450,C1764,22363.08,Credit Card,2026-02-28 07:00:31.323132,Success,,874,15,14,1,134502.82
TXN002451,C0521,23004.79,Debit Card,2026-02-28 07:34:47.848784,Success,,152,23,17,6,112579.26
TXN002452,C1702,1473.4,Net Banking,2026-02-28 08:09:04.374437,Success,,712,27,27,0,124355.89
TXN002453,C1968,20533.97,Debit Card,2026-02-28 08:43:20.900090,Success,,669,14,1,13,68759.52
TXN002454,C1017,1038.67,Debit Card,2026-02-28 09:17:37.425742,Failed,Technical Error,180,3,0,3,69217.21
TXN002455,C0956,9242.52,Wallet,2026-02-28 09:51:53.951395,Success,,499,23,8,15,80333.6
TXN002456,C1855,13603.27,Wallet,2026-02-28 10:26:10.477047,Success,,105,11,1,10,36927.48
TXN002457,C0726,3787.71,Credit Card,2026-02-28 11:00:27.002700,Success,,204,12,1,11,110158.62
TXN002458,C1014,18683.21,UPI,2026-02-28 11:34:43.528352,Success,,269,8,7,1,124503.43
TXN002459,C0501,308.03,Credit Card,2026-02-28 12:09:00.054005,Success,,245,14,11,3,136130.0
TXN002460,C0117,4298.12,Debit Card,2026-02-28 12:43:16.579657,Success,,527,17,13,4,77796.56
TXN002461,C0386,14561.84,UPI,2026-02-28 13:17:33.105310,Abandoned,Checkout Abandoned,68,19,18,1,62479.19
TXN002462,C1368,17888.25,UPI,2026-02-28 13:51:49.630963,Success,,770,26,14,12,124724.52
TXN002463,C0584,22924.41,UPI,2026-02-28 14:26:06.156615,Success,,61,21,2,19,113023.53
TXN002464,C0395,17666.87,Debit Card,2026-02-28 15:00:22.682268,Success,,796,6,5,1,130157.35
TXN002465,C1088,16827.3,Credit Card,2026-02-28 15:34:39.207920,Failed,Card Declined,131,20,5,15,98531.79
TXN002466,C1741,9919.09,UPI,2026-02-28 16:08:55.733573,Failed,Bank Timeout,547,25,21,4,132555.34
TXN002467,C0721,131.98,UPI,2026-02-28 16:43:12.259225,Success,,825,11,4,7,13811.73
TXN002468,C0072,3091.97,Debit Card,2026-02-28 17:17:28.784878,Abandoned,Checkout Abandoned,226,9,3,6,102094.46
TXN002469,C1813,13410.41,UPI,2026-02-28 17:51:45.310531,Success,,704,28,27,1,13774.87
TXN002470,C0274,16910.73,UPI,2026-02-28 18:26:01.836183,Success,,98,6,0,6,112461.69
TXN002471,C1344,10494.46,Debit Card,2026-02-28 19:00:18.361836,Failed,Bank Timeout,452,13,10,3,94452.36
TXN002472,C0338,18293.91,Credit Card,2026-02-28 19:34:34.887488,Failed,Card Declined,47,26,3,23,2890.81
TXN002473,C1390,13094.37,UPI,2026-02-28 20:08:51.413141,Abandoned,Checkout Abandoned,93,14,13,1,90089.52
TXN002474,C1519,1946.99,Credit Card,2026-02-28 20:43:07.938793,Failed,Insufficient Balance,117,3,0,3,22368.83
TXN002475,C0607,4881.2,UPI,2026-02-28 21:17:24.464446,Abandoned,Checkout Abandoned,684,7,6,1,21790.51
TXN002476,C0166,21015.96,Debit Card,2026-02-28 21:51:40.990099,Success,,718,18,16,2,22994.22
TXN002477,C1568,18150.33,UPI,2026-02-28 22:25:57.515751,Success,,774,28,7,21,72831.63
TXN002478,C0011,22379.57,UPI,2026-02-28 23:00:14.041404,Success,,748,18,10,8,17770.28
TXN002479,C1325,3027.18,Debit Card,2026-02-28 23:34:30.567056,Failed,Technical Error,12,4,2,2,19285.53
TXN002480,C0729,24756.54,Debit Card,2026-03-01 00:08:47.092709,Success,,818,21,15,6,38797.11
TXN002481,C0801,5314.23,UPI,2026-03-01 00:43:03.618361,Success,,681,2,2,0,628.3
TXN002482,C0102,393.32,UPI,2026-03-01 01:17:20.144014,Failed,Card Declined,301,9,8,1,41730.57
TXN002483,C1449,24935.83,Net Banking,2026-03-01 01:51:36.669666,Abandoned,Checkout Abandoned,39,14,6,8,92951.96
TXN002484,C1416,7098.74,Debit Card,2026-03-01 02:25:53.195319,Success,,637,1,0,1,90434.8
TXN002485,C0779,16733.68,UPI,2026-03-01 03:00:09.720972,Success,,890,20,12,8,145445.28
TXN002486,C0214,4499.39,Debit Card,2026-03-01 03:34:26.246624,Success,,176,9,6,3,18384.7
TXN002487,C1715,14547.69,UPI,2026-03-01 04:08:42.772277,Success,,102,21,4,17,129902.91
TXN002488,C1112,22610.47,Credit Card,2026-03-01 04:42:59.297929,Success,,227,15,15,0,58982.87
TXN002489,C1577,8072.51,UPI,2026-03-01 05:17:15.823582,Abandoned,Checkout Abandoned,630,2,2,0,58361.93
TXN002490,C0401,16789.32,UPI,2026-03-01 05:51:32.349234,Success,,98,6,5,1,52647.23
TXN002491,C0588,4778.8,UPI,2026-03-01 06:25:48.874887,Success,,197,18,11,7,19148.11
TXN002492,C0889,15657.41,Credit Card,2026-03-01 07:00:05.400540,Success,,705,14,4,10,72036.5
TXN002493,C1070,8477.61,UPI,2026-03-01 07:34:21.926192,Success,,731,11,2,9,118213.01
TXN002494,C1696,5359.09,UPI,2026-03-01 08:08:38.451845,Success,,895,28,28,0,131377.14
TXN002495,C1487,7898.23,UPI,2026-03-01 08:42:54.977497,Success,,707,1,0,1,144447.46
TXN002496,C0592,4553.14,UPI,2026-03-01 09:17:11.503150,Failed,Bank Timeout,291,29,0,29,117901.23
TXN002497,C1334,22557.71,Debit Card,2026-03-01 09:51:28.028802,Success,,398,12,3,9,93652.21
TXN002498,C1110,9989.95,UPI,2026-03-01 10:25:44.554455,Failed,Bank Timeout,705,25,24,1,74881.3
TXN002499,C0092,6207.45,Debit Card,2026-03-01 11:00:01.080108,Success,,882,19,11,8,131297.14
TXN002500,C1684,11265.36,UPI,2026-03-01 11:34:17.605760,Success,,146,18,5,13,111057.28
TXN002501,C0673,8081.35,UPI,2026-03-01 12:08:34.131413,Success,,297,6,4,2,24608.1
TXN002502,C0714,18636.04,Credit Card,2026-03-01 12:42:50.657065,Success,,342,23,20,3,102541.3
TXN002503,C0936,24283.38,Wallet,2026-03-01 13:17:07.182718,Success,,628,2,1,1,64940.27
TXN002504,C1952,11007.04,UPI,2026-03-01 13:51:23.708370,Success,,421,5,4,1,89572.05
TXN002505,C0242,21539.73,UPI,2026-03-01 14:25:40.234023,Success,,416,0,0,0,134803.79
TXN002506,C1889,14189.99,Credit Card,2026-03-01 14:59:56.759675,Success,,609,20,15,5,98059.3
TXN002507,C0002,4015.17,Wallet,2026-03-01 15:34:13.285328,Success,,134,1,0,1,140839.28
TXN002508,C0225,17296.51,Wallet,2026-03-01 16:08:29.810981,Success,,206,0,0,0,130022.27
TXN002509,C0801,12884.52,Credit Card,2026-03-01 16:42:46.336633,Success,,631,28,9,19,19770.74
TXN002510,C1769,16300.1,Credit Card,2026-03-01 17:17:02.862286,Success,,516,22,2,20,2241.96
TXN002511,C1997,22253.22,Credit Card,2026-03-01 17:51:19.387938,Success,,839,25,25,0,57969.51
TXN002512,C1950,11066.82,Credit Card,2026-03-01 18:25:35.913591,Success,,57,3,2,1,129866.83
TXN002513,C1953,22539.32,Credit Card,2026-03-01 18:59:52.439243,Success,,331,4,1,3,34903.84
TXN002514,C0589,18791.66,Net Banking,2026-03-01 19:34:08.964896,Success,,199,1,1,0,103864.29
TXN002515,C0116,12266.26,Debit Card,2026-03-01 20:08:25.490549,Success,,632,15,13,2,71661.31
TXN002516,C1690,15120.23,Credit Card,2026-03-01 20:42:42.016201,Success,,743,7,3,4,112038.63
TXN002517,C0918,8206.97,Credit Card,2026-03-01 21:16:58.541854,Abandoned,Checkout Abandoned,506,14,9,5,25164.04
TXN002518,C1127,24591.57,Credit Card,2026-03-01 21:51:15.067506,Success,,78,10,8,2,36244.11
TXN002519,C0194,16717.04,Credit Card,2026-03-01 22:25:31.593159,Success,,705,28,6,22,36757.41
TXN002520,C1190,1191.79,Credit Card,2026-03-01 22:59:48.118811,Failed,Technical Error,339,9,9,0,82495.64
TXN002521,C0871,8232.89,UPI,2026-03-01 23:34:04.644464,Success,,504,29,8,21,43798.86
TXN002522,C0090,15620.53,UPI,2026-03-02 00:08:21.170117,Success,,893,2,1,1,121852.49
TXN002523,C1710,1502.7,Credit Card,2026-03-02 00:42:37.695769,Failed,Network Error,685,22,2,20,52345.74
TXN002524,C0122,694.72,Net Banking,2026-03-02 01:16:54.221422,Failed,Card Declined,301,10,1,9,99297.25
TXN002525,C0143,11305.6,UPI,2026-03-02 01:51:10.747074,Success,,528,16,5,11,142301.03
TXN002526,C0994,8383.99,Credit Card,2026-03-02 02:25:27.272727,Success,,742,9,9,0,91235.1
TXN002527,C0106,11013.64,UPI,2026-03-02 02:59:43.798379,Failed,Card Declined,425,16,3,13,36701.95
TXN002528,C0887,6641.06,UPI,2026-03-02 03:34:00.324032,Success,,228,13,3,10,124653.27
TXN002529,C0428,4201.47,Wallet,2026-03-02 04:08:16.849684,Success,,579,22,9,13,2375.11
TXN002530,C1329,17259.67,Net Banking,2026-03-02 04:42:33.375337,Success,,511,0,0,0,38852.31
TXN002531,C1896,12912.82,UPI,2026-03-02 05:16:49.900990,Success,,285,27,9,18,58429.83
TXN002532,C1995,5083.84,Debit Card,2026-03-02 05:51:06.426642,Success,,427,24,12,12,29798.84
TXN002533,C0317,8057.78,UPI,2026-03-02 06:25:22.952295,Success,,572,8,5,3,90800.7
TXN002534,C1987,14836.02,Wallet,2026-03-02 06:59:39.477947,Failed,Network Error,429,23,6,17,83921.09
TXN002535,C0635,1898.51,UPI,2026-03-02 07:33:56.003600,Success,,736,23,4,19,61271.24
TXN002536,C1926,3771.58,UPI,2026-03-02 08:08:12.529252,Success,,170,14,14,0,44509.73
TXN002537,C0009,1923.82,Credit Card,2026-03-02 08:42:29.054905,Success,,10,3,1,2,65369.13
TXN002538,C0774,20326.7,Net Banking,2026-03-02 09:16:45.580558,Success,,76,19,7,12,44034.74
TXN002539,C1097,18834.99,UPI,2026-03-02 09:51:02.106210,Success,,571,20,9,11,33578.15
TXN002540,C1383,18857.49,Debit Card,2026-03-02 10:25:18.631863,Success,,556,24,11,13,53014.88
TXN002541,C0223,17936.5,UPI,2026-03-02 10:59:35.157515,Success,,172,2,0,2,90549.17
TXN002542,C1440,16767.7,Net Banking,2026-03-02 11:33:51.683168,Success,,324,19,15,4,97434.43
TXN002543,C0553,11977.1,UPI,2026-03-02 12:08:08.208820,Abandoned,Checkout Abandoned,342,25,0,25,44953.4
TXN002544,C1394,16092.73,Net Banking,2026-03-02 12:42:24.734473,Success,,618,20,3,17,142136.01
TXN002545,C0716,1055.2,Credit Card,2026-03-02 13:16:41.260126,Success,,534,6,2,4,39662.9
TXN002546,C1288,15574.46,UPI,2026-03-02 13:50:57.785778,Success,,287,20,5,15,106963.75
TXN002547,C1864,19469.15,Wallet,2026-03-02 14:25:14.311431,Success,,65,24,20,4,12681.27
TXN002548,C1714,12558.92,Wallet,2026-03-02 14:59:30.837083,Success,,398,21,9,12,99894.26
TXN002549,C1884,9002.08,Debit Card,2026-03-02 15:33:47.362736,Success,,602,2,1,1,69262.34
TXN002550,C1342,7007.93,UPI,2026-03-02 16:08:03.888388,Success,,723,21,17,4,85581.62
TXN002551,C1108,16105.77,Credit Card,2026-03-02 16:42:20.414041,Success,,260,21,12,9,28018.86
TXN002552,C1342,17350.75,Credit Card,2026-03-02 17:16:36.939693,Success,,740,14,4,10,65317.81
TXN002553,C0111,21787.09,Credit Card,2026-03-02 17:50:53.465346,Success,,536,27,11,16,115058.54
TXN002554,C0251,8624.12,Credit Card,2026-03-02 18:25:09.990999,Success,,630,9,4,5,115179.18
TXN002555,C0383,19267.33,UPI,2026-03-02 18:59:26.516651,Success,,307,15,1,14,36014.62
TXN002556,C0007,14077.76,Debit Card,2026-03-02 19:33:43.042304,Failed,Technical Error,402,16,7,9,53213.59
TXN002557,C0459,22082.63,Debit Card,2026-03-02 20:07:59.567956,Success,,133,22,13,9,1070.13
TXN002558,C1108,13242.52,UPI,2026-03-02 20:42:16.093609,Success,,80,18,14,4,13949.35
TXN002559,C0208,12988.98,Credit Card,2026-03-02 21:16:32.619261,Abandoned,Checkout Abandoned,706,0,0,0,19446.19
TXN002560,C0900,14489.14,Credit Card,2026-03-02 21:50:49.144914,Success,,403,0,0,0,44400.87
TXN002561,C1414,18757.95,Debit Card,2026-03-02 22:25:05.670567,Success,,713,20,4,16,113972.82
TXN002562,C1338,24120.79,UPI,2026-03-02 22:59:22.196219,Success,,434,13,4,9,76782.39
TXN002563,C0022,1931.73,Credit Card,2026-03-02 23:33:38.721872,Success,,337,25,16,9,118994.92
TXN002564,C0410,1430.52,UPI,2026-03-03 00:07:55.247524,Success,,69,25,12,13,113358.4
TXN002565,C0895,23445.0,Credit Card,2026-03-03 00:42:11.773177,Success,,552,1,0,1,88277.16
TXN002566,C0515,13293.9,Debit Card,2026-03-03 01:16:28.298829,Success,,576,1,0,1,75229.1
TXN002567,C1151,15411.09,Debit Card,2026-03-03 01:50:44.824482,Success,,464,27,0,27,139732.47
TXN002568,C0809,12112.35,UPI,2026-03-03 02:25:01.350135,Abandoned,Checkout Abandoned,683,19,12,7,85605.9
TXN002569,C1724,2432.07,Credit Card,2026-03-03 02:59:17.875787,Success,,746,9,9,0,72682.19
TXN002570,C0874,19225.43,Wallet,2026-03-03 03:33:34.401440,Success,,141,14,1,13,130433.56
TXN002571,C0014,18705.89,UPI,2026-03-03 04:07:50.927092,Success,,111,26,23,3,11180.09
TXN002572,C0971,7861.41,Net Banking,2026-03-03 04:42:07.452745,Success,,867,27,27,0,98575.93
TXN002573,C0978,7725.36,Debit Card,2026-03-03 05:16:23.978397,Success,,745,27,5,22,17397.57
TXN002574,C1014,20962.25,Debit Card,2026-03-03 05:50:40.504050,Success,,240,30,12,18,123063.33
TXN002575,C1036,1901.7,UPI,2026-03-03 06:24:57.029702,Failed,Technical Error,883,14,4,10,119003.59
TXN002576,C0087,22039.52,UPI,2026-03-03 06:59:13.555355,Failed,Bank Timeout,580,6,5,1,75788.21
TXN002577,C1548,6490.88,Net Banking,2026-03-03 07:33:30.081008,Success,,818,7,3,4,99326.1
TXN002578,C0909,14865.32,UPI,2026-03-03 08:07:46.606660,Success,,227,10,10,0,116006.94
TXN002579,C1561,23406.26,UPI,2026-03-03 08:42:03.132313,Success,,292,15,2,13,72753.93
TXN002580,C1325,16985.25,Credit Card,2026-03-03 09:16:19.657965,Success,,600,25,19,6,135940.71
TXN002581,C1267,10419.3,UPI,2026-03-03 09:50:36.183618,Abandoned,Checkout Abandoned,670,22,8,14,65835.99
TXN002582,C0122,17269.4,Debit Card,2026-03-03 10:24:52.709270,Success,,377,24,12,12,133857.37
TXN002583,C1171,8665.09,Credit Card,2026-03-03 10:59:09.234923,Success,,100,6,6,0,87620.24
TXN002584,C1591,7003.73,Net Banking,2026-03-03 11:33:25.760576,Success,,747,19,10,9,64223.37
TXN002585,C0750,24917.41,Debit Card,2026-03-03 12:07:42.286228,Success,,378,8,7,1,1112.58
TXN002586,C1380,18794.68,UPI,2026-03-03 12:41:58.811881,Abandoned,Checkout Abandoned,148,24,15,9,44685.61
TXN002587,C0685,16153.53,UPI,2026-03-03 13:16:15.337533,Failed,Network Error,352,18,16,2,130254.26
TXN002588,C1928,8946.71,Debit Card,2026-03-03 13:50:31.863186,Success,,123,25,4,21,64592.56
TXN002589,C1757,1324.1,UPI,2026-03-03 14:24:48.388838,Failed,Technical Error,31,29,21,8,63509.54
TXN002590,C1655,873.32,Wallet,2026-03-03 14:59:04.914491,Success,,32,23,13,10,73666.9
TXN002591,C0309,13899.11,Debit Card,2026-03-03 15:33:21.440144,Success,,74,0,0,0,43302.45
TXN002592,C0695,19074.61,UPI,2026-03-03 16:07:37.965796,Success,,580,17,14,3,73986.91
TXN002593,C0288,13480.74,Net Banking,2026-03-03 16:41:54.491449,Success,,469,7,0,7,56676.59
TXN002594,C0307,21035.55,UPI,2026-03-03 17:16:11.017101,Success,,610,28,13,15,136461.66
TXN002595,C1836,932.32,UPI,2026-03-03 17:50:27.542754,Success,,719,7,1,6,84813.03
TXN002596,C1618,9232.13,Debit Card,2026-03-03 18:24:44.068406,Success,,123,21,21,0,125205.57
TXN002597,C1990,6003.05,Net Banking,2026-03-03 18:59:00.594059,Success,,890,7,6,1,103187.68
TXN002598,C0914,11237.1,Credit Card,2026-03-03 19:33:17.119711,Success,,506,29,12,17,32284.15
TXN002599,C1747,1902.17,UPI,2026-03-03 20:07:33.645364,Success,,491,13,0,13,130216.01
TXN002600,C0662,23857.88,UPI,2026-03-03 20:41:50.171017,Success,,549,23,0,23,13546.98
TXN002601,C0549,5659.06,UPI,2026-03-03 21:16:06.696669,Failed,Insufficient Balance,731,1,1,0,67571.36
TXN002602,C1376,23065.46,UPI,2026-03-03 21:50:23.222322,Success,,248,2,2,0,36253.74
TXN002603,C0312,10704.74,UPI,2026-03-03 22:24:39.747974,Success,,266,6,2,4,80864.54
TXN002604,C0873,24639.55,Credit Card,2026-03-03 22:58:56.273627,Success,,294,2,2,0,45357.41
TXN002605,C1083,13896.05,Net Banking,2026-03-03 23:33:12.799279,Success,,413,28,20,8,108562.53
TXN002606,C1667,23277.74,UPI,2026-03-04 00:07:29.324932,Success,,55,30,0,30,140569.35
TXN002607,C0924,233.19,UPI,2026-03-04 00:41:45.850585,Success,,854,14,10,4,106508.95
TXN002608,C1738,18731.15,Net Banking,2026-03-04 01:16:02.376237,Success,,706,10,7,3,53618.9
TXN002609,C0755,22585.96,Debit Card,2026-03-04 01:50:18.901890,Failed,Card Declined,661,1,0,1,90210.46
TXN002610,C0035,3579.04,Wallet,2026-03-04 02:24:35.427542,Success,,465,21,21,0,133334.65
TXN002611,C0445,2493.53,UPI,2026-03-04 02:58:51.953195,Success,,688,17,1,16,40869.24
TXN002612,C0093,10671.86,UPI,2026-03-04 03:33:08.478847,Success,,401,13,8,5,18171.61
TXN002613,C1974,23348.6,Credit Card,2026-03-04 04:07:25.004500,Success,,475,17,17,0,20049.22
TXN002614,C1983,13605.43,Credit Card,2026-03-04 04:41:41.530153,Success,,222,30,21,9,74480.53
TXN002615,C1231,13233.67,Credit Card,2026-03-04 05:15:58.055805,Success,,421,26,25,1,109954.37
TXN002616,C0353,3614.04,Credit Card,2026-03-04 05:50:14.581458,Success,,168,1,1,0,98760.03
TXN002617,C0903,119.66,UPI,2026-03-04 06:24:31.107110,Failed,Bank Timeout,560,3,3,0,68356.48
TXN002618,C1356,20272.49,Credit Card,2026-03-04 06:58:47.632763,Success,,623,13,13,0,109530.06
TXN002619,C1841,2280.61,Debit Card,2026-03-04 07:33:04.158415,Failed,Network Error,480,6,5,1,95278.51
TXN002620,C0862,15882.86,UPI,2026-03-04 08:07:20.684068,Success,,857,14,3,11,94420.5
TXN002621,C1749,22873.95,Debit Card,2026-03-04 08:41:37.209720,Success,,481,5,2,3,30755.27
TXN002622,C0159,5295.43,Credit Card,2026-03-04 09:15:53.735373,Success,,119,4,4,0,47231.22
TXN002623,C1978,16665.29,UPI,2026-03-04 09:50:10.261026,Success,,785,19,2,17,51991.44
TXN002624,C0957,2059.59,UPI,2026-03-04 10:24:26.786678,Success,,819,17,10,7,121324.52
TXN002625,C0024,15133.5,UPI,2026-03-04 10:58:43.312331,Abandoned,Checkout Abandoned,452,10,7,3,116379.02
TXN002626,C0404,4181.9,UPI,2026-03-04 11:32:59.837983,Success,,474,7,4,3,38274.58
TXN002627,C0805,18425.24,Debit Card,2026-03-04 12:07:16.363636,Failed,Bank Timeout,344,28,4,24,8745.27
TXN002628,C0516,7600.66,Net Banking,2026-03-04 12:41:32.889288,Failed,Technical Error,855,11,0,11,115283.68
TXN002629,C0732,11638.44,UPI,2026-03-04 13:15:49.414941,Success,,617,17,7,10,61774.99
TXN002630,C1388,15025.82,UPI,2026-03-04 13:50:05.940594,Success,,582,30,18,12,33360.57
TXN002631,C1406,4364.71,Wallet,2026-03-04 14:24:22.466246,Success,,660,14,3,11,17994.02
TXN002632,C0532,18566.78,UPI,2026-03-04 14:58:38.991899,Failed,Technical Error,751,26,8,18,2415.79
TXN002633,C0956,7635.74,UPI,2026-03-04 15:32:55.517551,Failed,Insufficient Balance,553,7,2,5,64445.58
TXN002634,C0152,16593.06,UPI,2026-03-04 16:07:12.043204,Success,,654,25,4,21,51294.69
TXN002635,C1586,4041.25,Debit Card,2026-03-04 16:41:28.568856,Success,,244,29,27,2,104622.29
TXN002636,C1713,17234.13,UPI,2026-03-04 17:15:45.094509,Success,,853,3,3,0,146511.48
TXN002637,C0947,3291.88,Credit Card,2026-03-04 17:50:01.620162,Failed,Card Declined,756,27,7,20,31414.0
TXN002638,C0608,10691.38,UPI,2026-03-04 18:24:18.145814,Abandoned,Checkout Abandoned,763,20,5,15,36833.9
TXN002639,C1641,6255.43,UPI,2026-03-04 18:58:34.671467,Success,,816,14,2,12,50926.74
TXN002640,C0420,18734.54,UPI,2026-03-04 19:32:51.197119,Success,,770,10,7,3,70157.68
TXN002641,C1274,6624.67,Debit Card,2026-03-04 20:07:07.722772,Success,,32,0,0,0,104805.95
TXN002642,C1141,22054.76,Credit Card,2026-03-04 20:41:24.248424,Success,,746,1,0,1,53128.71
TXN002643,C0866,22306.32,UPI,2026-03-04 21:15:40.774077,Failed,Network Error,153,26,4,22,16077.98
TXN002644,C1536,4991.39,UPI,2026-03-04 21:49:57.299729,Success,,315,7,5,2,109686.07
TXN002645,C1764,15384.76,Credit Card,2026-03-04 22:24:13.825382,Success,,501,15,10,5,119298.93
TXN002646,C0578,2284.17,Net Banking,2026-03-04 22:58:30.351035,Success,,404,0,0,0,37523.47
TXN002647,C0335,9849.27,UPI,2026-03-04 23:32:46.876687,Success,,593,2,2,0,20945.06
TXN002648,C1442,17861.71,Credit Card,2026-03-05 00:07:03.402340,Success,,234,17,7,10,79406.26
TXN002649,C0932,16519.64,UPI,2026-03-05 00:41:19.927992,Failed,Bank Timeout,57,25,3,22,31642.99
TXN002650,C1798,15655.05,UPI,2026-03-05 01:15:36.453645,Success,,555,15,8,7,56437.43
TXN002651,C0295,7135.27,UPI,2026-03-05 01:49:52.979297,Success,,414,20,20,0,116715.5
TXN002652,C1962,9512.82,Debit Card,2026-03-05 02:24:09.504950,Success,,775,27,16,11,33331.25
TXN002653,C0755,2663.36,UPI,2026-03-05 02:58:26.030603,Success,,584,19,7,12,121035.76
TXN002654,C1395,18003.67,Net Banking,2026-03-05 03:32:42.556255,Success,,111,19,18,1,101265.99
TXN002655,C0186,12646.83,Debit Card,2026-03-05 04:06:59.081908,Success,,538,12,12,0,33349.02
TXN002656,C1270,17748.26,Net Banking,2026-03-05 04:41:15.607560,Success,,250,19,13,6,79197.49
TXN002657,C0637,6298.69,UPI,2026-03-05 05:15:32.133213,Success,,299,26,8,18,92303.58
TXN002658,C1292,8178.51,UPI,2026-03-05 05:49:48.658865,Failed,Card Declined,265,3,3,0,30441.27
TXN002659,C1667,8421.96,Wallet,2026-03-05 06:24:05.184518,Success,,370,3,3,0,22169.93
TXN002660,C1261,740.99,Debit Card,2026-03-05 06:58:21.710171,Success,,76,21,11,10,79909.61
TXN002661,C0530,8592.09,Net Banking,2026-03-05 07:32:38.235823,Success,,289,1,0,1,104229.25
TXN002662,C1576,20102.28,UPI,2026-03-05 08:06:54.761476,Failed,Technical Error,415,12,6,6,70027.79
TXN002663,C0021,22442.73,UPI,2026-03-05 08:41:11.287128,Success,,787,12,11,1,10970.87
TXN002664,C0911,13003.64,Debit Card,2026-03-05 09:15:27.812781,Success,,14,30,26,4,138819.3
TXN002665,C1761,11441.99,UPI,2026-03-05 09:49:44.338433,Success,,552,19,7,12,104397.33
TXN002666,C0867,867.53,Credit Card,2026-03-05 10:24:00.864086,Success,,161,29,2,27,93368.84
TXN002667,C0794,21992.19,UPI,2026-03-05 10:58:17.389738,Failed,Card Declined,276,6,5,1,96722.24
TXN002668,C1544,423.95,UPI,2026-03-05 11:32:33.915391,Abandoned,Checkout Abandoned,572,6,3,3,60091.54
TXN002669,C0100,23624.28,UPI,2026-03-05 12:06:50.441044,Success,,768,16,14,2,147667.87
TXN002670,C0752,12281.48,UPI,2026-03-05 12:41:06.966696,Failed,Bank Timeout,57,9,3,6,20335.54
TXN002671,C0478,8614.17,UPI,2026-03-05 13:15:23.492349,Success,,343,11,2,9,111001.64
TXN002672,C1623,23113.04,Credit Card,2026-03-05 13:49:40.018001,Success,,653,24,3,21,63420.96
TXN002673,C1322,707.34,UPI,2026-03-05 14:23:56.543654,Failed,Card Declined,145,22,1,21,132223.86
TXN002674,C0940,14577.48,UPI,2026-03-05 14:58:13.069306,Success,,528,26,4,22,107730.56
TXN002675,C0526,13768.42,Net Banking,2026-03-05 15:32:29.594959,Success,,492,21,20,1,84556.71
TXN002676,C0334,5561.08,Credit Card,2026-03-05 16:06:46.120612,Failed,Technical Error,128,29,1,28,140685.2
TXN002677,C0002,10779.3,UPI,2026-03-05 16:41:02.646264,Success,,297,15,6,9,136910.28
TXN002678,C0375,16341.37,Debit Card,2026-03-05 17:15:19.171917,Success,,351,1,1,0,8323.93
TXN002679,C0293,18205.57,Net Banking,2026-03-05 17:49:35.697569,Success,,287,21,10,11,29291.91
TXN002680,C0837,117.85,UPI,2026-03-05 18:23:52.223222,Failed,Card Declined,503,20,11,9,101568.96
TXN002681,C1958,23427.65,UPI,2026-03-05 18:58:08.748874,Failed,Network Error,739,8,3,5,138314.99
TXN002682,C1005,4196.68,Credit Card,2026-03-05 19:32:25.274527,Success,,636,11,2,9,64834.34
TXN002683,C0553,5916.15,UPI,2026-03-05 20:06:41.800180,Failed,Card Declined,173,16,7,9,6226.63
TXN002684,C0318,6660.49,Debit Card,2026-03-05 20:40:58.325832,Success,,294,15,9,6,96672.94
TXN002685,C1526,1041.72,Wallet,2026-03-05 21:15:14.851485,Success,,232,4,1,3,29605.71
TXN002686,C1852,3164.0,Wallet,2026-03-05 21:49:31.377137,Failed,Network Error,607,18,4,14,83072.1
TXN002687,C0381,24660.11,UPI,2026-03-05 22:23:47.902790,Success,,710,24,15,9,58010.15
TXN002688,C1647,7948.9,UPI,2026-03-05 22:58:04.428442,Success,,386,27,22,5,83925.04
TXN002689,C0014,2971.0,Wallet,2026-03-05 23:32:20.954095,Success,,62,16,11,5,139899.23
TXN002690,C0504,2764.08,Credit Card,2026-03-06 00:06:37.479747,Success,,337,21,8,13,73127.19
TXN002691,C0231,18014.55,UPI,2026-03-06 00:40:54.005400,Success,,350,2,0,2,5662.06
TXN002692,C1108,21378.76,Debit Card,2026-03-06 01:15:10.531053,Success,,536,16,7,9,87347.24
TXN002693,C0130,6498.11,UPI,2026-03-06 01:49:27.056705,Success,,648,26,4,22,49198.96
TXN002694,C1767,620.65,UPI,2026-03-06 02:23:43.582358,Success,,697,14,3,11,116831.17
TXN002695,C0838,5654.94,Net Banking,2026-03-06 02:58:00.108010,Success,,127,18,18,0,70754.31
TXN002696,C1169,1507.24,UPI,2026-03-06 03:32:16.633663,Failed,Card Declined,191,14,14,0,111334.93
TXN002697,C0891,2674.53,UPI,2026-03-06 04:06:33.159315,Failed,Technical Error,589,17,10,7,136368.74
TXN002698,C1881,10844.55,UPI,2026-03-06 04:40:49.684968,Failed,Insufficient Balance,499,25,19,6,54659.96
TXN002699,C0028,5824.97,Credit Card,2026-03-06 05:15:06.210621,Success,,515,11,6,5,148412.0
TXN002700,C0066,12947.05,UPI,2026-03-06 05:49:22.736273,Failed,Insufficient Balance,334,27,25,2,22897.02
TXN002701,C1187,6411.99,Credit Card,2026-03-06 06:23:39.261926,Success,,877,11,4,7,96767.79
TXN002702,C1253,23519.38,Credit Card,2026-03-06 06:57:55.787578,Success,,713,23,16,7,5697.76
TXN002703,C0261,22658.0,Net Banking,2026-03-06 07:32:12.313231,Success,,203,2,0,2,32351.97
TXN002704,C1473,14213.47,UPI,2026-03-06 08:06:28.838883,Success,,187,10,4,6,95249.9
TXN002705,C1448,8925.16,Net Banking,2026-03-06 08:40:45.364536,Failed,Network Error,568,22,15,7,7405.67
TXN002706,C0460,9590.56,UPI,2026-03-06 09:15:01.890189,Success,,663,9,5,4,15717.17
TXN002707,C1976,10355.12,Debit Card,2026-03-06 09:49:18.415841,Success,,18,21,16,5,44006.08
TXN002708,C1700,18216.73,UPI,2026-03-06 10:23:34.941494,Failed,Network Error,421,14,2,12,86557.75
TXN002709,C0301,11345.81,UPI,2026-03-06 10:57:51.467146,Success,,533,22,21,1,2889.39
TXN002710,C0919,21432.58,Debit Card,2026-03-06 11:32:07.992799,Failed,Insufficient Balance,613,10,6,4,72611.96
TXN002711,C1327,23607.96,UPI,2026-03-06 12:06:24.518451,Failed,Technical Error,22,22,6,16,94048.69
TXN002712,C0287,8465.06,UPI,2026-03-06 12:40:41.044104,Success,,286,25,22,3,60677.16
TXN002713,C1419,14061.29,UPI,2026-03-06 13:14:57.569756,Success,,448,0,0,0,10612.15
TXN002714,C1034,2466.91,Debit Card,2026-03-06 13:49:14.095409,Success,,47,19,8,11,91825.76
TXN002715,C1731,5091.68,UPI,2026-03-06 14:23:30.621062,Success,,829,3,1,2,91072.39
TXN002716,C0630,10395.3,UPI,2026-03-06 14:57:47.146714,Success,,803,20,18,2,76153.33
TXN002717,C0270,5234.45,UPI,2026-03-06 15:32:03.672367,Success,,799,29,22,7,104125.25
TXN002718,C0592,21926.36,Credit Card,2026-03-06 16:06:20.198019,Abandoned,Checkout Abandoned,444,25,5,20,31566.36
TXN002719,C1994,4041.33,UPI,2026-03-06 16:40:36.723672,Failed,Technical Error,765,20,0,20,101941.84
TXN002720,C1629,11445.95,UPI,2026-03-06 17:14:53.249324,Success,,253,7,1,6,24637.48
TXN002721,C1802,15181.91,UPI,2026-03-06 17:49:09.774977,Success,,849,19,6,13,59207.7
TXN002722,C0844,17327.41,UPI,2026-03-06 18:23:26.300630,Success,,558,12,1,11,10601.21
TXN002723,C0862,9638.43,Debit Card,2026-03-06 18:57:42.826282,Success,,753,16,3,13,122959.54
TXN002724,C1385,21740.57,Debit Card,2026-03-06 19:31:59.351935,Success,,182,14,6,8,80965.9
TXN002725,C1281,14251.15,Net Banking,2026-03-06 20:06:15.877587,Failed,Card Declined,260,20,19,1,145671.86
TXN002726,C0133,11043.74,UPI,2026-03-06 20:40:32.403240,Abandoned,Checkout Abandoned,641,0,0,0,141377.83
TXN002727,C1300,1774.29,Wallet,2026-03-06 21:14:48.928892,Success,,351,27,21,6,149784.89
TXN002728,C1800,11670.77,UPI,2026-03-06 21:49:05.454545,Success,,854,2,1,1,15639.29
TXN002729,C1707,20536.32,Wallet,2026-03-06 22:23:21.980198,Success,,23,30,28,2,91183.77
TXN002730,C0972,15402.07,UPI,2026-03-06 22:57:38.505850,Success,,283,23,10,13,61432.49
TXN002731,C0513,20820.85,Credit Card,2026-03-06 23:31:55.031503,Success,,362,25,8,17,80133.36
TXN002732,C0313,12400.89,UPI,2026-03-07 00:06:11.557155,Success,,144,30,4,26,46660.72
TXN002733,C0576,3049.7,UPI,2026-03-07 00:40:28.082808,Success,,709,20,2,18,7686.29
TXN002734,C0886,439.63,Net Banking,2026-03-07 01:14:44.608460,Success,,451,22,21,1,106308.67
TXN002735,C1308,7650.17,Debit Card,2026-03-07 01:49:01.134113,Success,,388,29,19,10,144889.65
TXN002736,C1145,17479.96,Wallet,2026-03-07 02:23:17.659765,Success,,576,16,1,15,80091.08
TXN002737,C1131,19777.47,Credit Card,2026-03-07 02:57:34.185418,Success,,811,21,9,12,49772.2
TXN002738,C1957,7464.25,Credit Card,2026-03-07 03:31:50.711071,Failed,Network Error,136,27,20,7,140772.6
TXN002739,C0687,12441.78,UPI,2026-03-07 04:06:07.236723,Abandoned,Checkout Abandoned,310,29,28,1,55017.65
TXN002740,C1228,10585.86,Wallet,2026-03-07 04:40:23.762376,Failed,Technical Error,780,23,9,14,137222.11
TXN002741,C0165,10322.02,Credit Card,2026-03-07 05:14:40.288028,Failed,Bank Timeout,853,21,6,15,128425.78
TXN002742,C0305,5860.58,Debit Card,2026-03-07 05:48:56.813681,Success,,621,3,2,1,79542.3
TXN002743,C1521,3495.64,UPI,2026-03-07 06:23:13.339333,Success,,830,26,4,22,101692.46
TXN002744,C1656,4997.55,Credit Card,2026-03-07 06:57:29.864986,Success,,168,7,7,0,105197.46
TXN002745,C1580,1477.78,Wallet,2026-03-07 07:31:46.390639,Success,,544,14,1,13,96343.21
TXN002746,C1848,5033.46,UPI,2026-03-07 08:06:02.916291,Failed,Card Declined,209,7,3,4,24532.12
TXN002747,C0156,329.1,UPI,2026-03-07 08:40:19.441944,Failed,Card Declined,74,29,28,1,104070.04
TXN002748,C1391,15718.73,UPI,2026-03-07 09:14:35.967596,Success,,704,13,5,8,981.1
TXN002749,C1743,7977.75,Debit Card,2026-03-07 09:48:52.493249,Success,,748,5,2,3,106650.5
TXN002750,C1926,24331.3,UPI,2026-03-07 10:23:09.018901,Success,,632,23,7,16,83448.0
TXN002751,C0620,4923.55,UPI,2026-03-07 10:57:25.544554,Success,,88,27,3,24,39334.18
TXN002752,C1275,8711.13,UPI,2026-03-07 11:31:42.070207,Success,,766,21,6,15,120662.77
TXN002753,C0957,9010.24,Credit Card,2026-03-07 12:05:58.595859,Success,,101,14,1,13,61089.2
TXN002754,C1940,310.44,UPI,2026-03-07 12:40:15.121512,Abandoned,Checkout Abandoned,149,19,14,5,73123.69
TXN002755,C1906,20996.28,UPI,2026-03-07 13:14:31.647164,Success,,10,26,8,18,4637.35
TXN002756,C0334,896.66,Wallet,2026-03-07 13:48:48.172817,Success,,276,27,22,5,60497.29
TXN002757,C1666,23510.48,Wallet,2026-03-07 14:23:04.698469,Success,,60,21,20,1,25520.74
TXN002758,C0969,22312.65,UPI,2026-03-07 14:57:21.224122,Abandoned,Checkout Abandoned,238,30,18,12,41783.43
TXN002759,C0511,13434.5,Debit Card,2026-03-07 15:31:37.749774,Failed,Insufficient Balance,378,8,8,0,38194.86
TXN002760,C1317,13635.53,Credit Card,2026-03-07 16:05:54.275427,Success,,459,23,22,1,7380.11
TXN002761,C1044,16379.07,UPI,2026-03-07 16:40:10.801080,Abandoned,Checkout Abandoned,566,30,18,12,69343.93
TXN002762,C0282,9737.55,UPI,2026-03-07 17:14:27.326732,Success,,108,29,4,25,78627.57
TXN002763,C0797,16215.83,Credit Card,2026-03-07 17:48:43.852385,Success,,502,22,18,4,85873.86
TXN002764,C1025,1214.73,UPI,2026-03-07 18:23:00.378037,Success,,81,4,2,2,69601.86
TXN002765,C0119,1445.79,UPI,2026-03-07 18:57:16.903690,Success,,808,12,11,1,130494.27
TXN002766,C1059,11485.04,Net Banking,2026-03-07 19:31:33.429342,Success,,606,6,6,0,6133.12
TXN002767,C0198,13785.6,Credit Card,2026-03-07 20:05:49.954995,Abandoned,Checkout Abandoned,190,16,4,12,92264.39
TXN002768,C0485,22206.66,Debit Card,2026-03-07 20:40:06.480648,Failed,Network Error,844,7,3,4,129986.69
TXN002769,C1781,2706.05,UPI,2026-03-07 21:14:23.006300,Success,,738,4,2,2,6635.52
TXN002770,C1083,20583.93,Credit Card,2026-03-07 21:48:39.531953,Success,,818,22,3,19,74697.9
TXN002771,C0837,5330.18,UPI,2026-03-07 22:22:56.057605,Success,,165,6,3,3,88559.57
TXN002772,C1185,9912.68,Credit Card,2026-03-07 22:57:12.583258,Success,,869,7,2,5,29040.41
TXN002773,C1009,7983.4,Debit Card,2026-03-07 23:31:29.108910,Success,,849,6,4,2,38248.77
TXN002774,C0691,10063.87,Debit Card,2026-03-08 00:05:45.634563,Success,,586,21,14,7,117946.2
TXN002775,C1230,3847.34,UPI,2026-03-08 00:40:02.160216,Success,,664,11,7,4,85325.97
TXN002776,C1036,12638.89,Debit Card,2026-03-08 01:14:18.685868,Failed,Technical Error,401,5,1,4,47708.92
TXN002777,C0490,20060.9,Wallet,2026-03-08 01:48:35.211521,Success,,369,20,0,20,114830.91
TXN002778,C0276,11094.2,Credit Card,2026-03-08 02:22:51.737173,Success,,351,20,2,18,112133.98
TXN002779,C0693,12316.28,UPI,2026-03-08 02:57:08.262826,Success,,752,3,1,2,52137.57
TXN002780,C0242,21234.31,Debit Card,2026-03-08 03:31:24.788478,Success,,29,22,15,7,73552.82
TXN002781,C1240,17680.85,UPI,2026-03-08 04:05:41.314131,Success,,342,28,11,17,99845.58
TXN002782,C1275,12312.31,Net Banking,2026-03-08 04:39:57.839783,Success,,201,27,15,12,51815.76
TXN002783,C1835,6516.62,Credit Card,2026-03-08 05:14:14.365436,Success,,355,26,10,16,94536.91
TXN002784,C0126,22134.68,UPI,2026-03-08 05:48:30.891089,Failed,Technical Error,304,29,10,19,38035.52
TXN002785,C0217,14467.81,UPI,2026-03-08 06:22:47.416741,Success,,144,2,2,0,44157.11
TXN002786,C1330,5606.58,UPI,2026-03-08 06:57:03.942394,Failed,Card Declined,212,4,0,4,46945.56
TXN002787,C1821,6801.08,Net Banking,2026-03-08 07:31:20.468046,Success,,680,30,18,12,140440.19
TXN002788,C1209,20098.01,UPI,2026-03-08 08:05:36.993699,Failed,Network Error,683,18,10,8,125133.99
TXN002789,C1063,1199.22,Credit Card,2026-03-08 08:39:53.519351,Success,,724,7,3,4,84992.31
TXN002790,C1247,24803.1,Wallet,2026-03-08 09:14:10.045004,Success,,97,30,9,21,84798.9
TXN002791,C1208,3345.76,UPI,2026-03-08 09:48:26.570657,Success,,354,4,2,2,8893.91
TXN002792,C0495,19922.11,UPI,2026-03-08 10:22:43.096309,Success,,572,30,22,8,97601.46
TXN002793,C0427,9929.91,Credit Card,2026-03-08 10:56:59.621962,Success,,705,26,18,8,49553.92
TXN002794,C1202,12356.18,Credit Card,2026-03-08 11:31:16.147614,Abandoned,Checkout Abandoned,874,12,3,9,92038.75
TXN002795,C0919,22028.2,UPI,2026-03-08 12:05:32.673267,Failed,Network Error,806,9,6,3,126114.95
TXN002796,C1452,10381.49,UPI,2026-03-08 12:39:49.198919,Success,,259,5,3,2,7302.0
TXN002797,C1318,13483.59,Credit Card,2026-03-08 13:14:05.724572,Success,,328,0,0,0,91255.99
TXN002798,C1876,1327.56,Wallet,2026-03-08 13:48:22.250225,Success,,734,29,8,21,84847.99
TXN002799,C0151,158.45,UPI,2026-03-08 14:22:38.775877,Failed,Network Error,506,10,5,5,31411.6
TXN002800,C0384,6195.52,UPI,2026-03-08 14:56:55.301530,Failed,Insufficient Balance,298,19,1,18,97141.73
TXN002801,C1662,17046.52,UPI,2026-03-08 15:31:11.827182,Success,,310,8,0,8,83447.87
TXN002802,C1837,3119.5,Net Banking,2026-03-08 16:05:28.352835,Success,,15,30,7,23,115214.36
TXN002803,C0308,2932.67,UPI,2026-03-08 16:39:44.878487,Failed,Technical Error,558,15,10,5,17037.48
TXN002804,C1360,10332.92,Net Banking,2026-03-08 17:14:01.404140,Success,,702,14,2,12,66819.3
TXN002805,C1970,16231.14,UPI,2026-03-08 17:48:17.929792,Success,,267,4,3,1,149690.97
TXN002806,C0746,17830.59,Wallet,2026-03-08 18:22:34.455445,Success,,627,14,2,12,103547.49
TXN002807,C0892,4543.42,Credit Card,2026-03-08 18:56:50.981098,Failed,Network Error,231,0,0,0,102802.58
TXN002808,C0375,2081.74,Debit Card,2026-03-08 19:31:07.506750,Success,,322,14,13,1,48021.73
TXN002809,C1032,23515.89,UPI,2026-03-08 20:05:24.032403,Abandoned,Checkout Abandoned,357,3,0,3,14536.27
TXN002810,C1365,6590.59,Debit Card,2026-03-08 20:39:40.558055,Success,,873,27,21,6,142449.41
TXN002811,C0129,21348.33,UPI,2026-03-08 21:13:57.083708,Success,,638,15,5,10,16267.97
TXN002812,C1015,21600.94,UPI,2026-03-08 21:48:13.609360,Success,,700,21,5,16,148909.59
TXN002813,C1800,19335.81,UPI,2026-03-08 22:22:30.135013,Abandoned,Checkout Abandoned,100,6,6,0,19304.26
TXN002814,C0669,4303.96,Net Banking,2026-03-08 22:56:46.660666,Success,,671,22,12,10,26050.65
TXN002815,C1376,20562.86,Debit Card,2026-03-08 23:31:03.186318,Success,,856,7,5,2,46600.86
TXN002816,C1382,19254.34,Credit Card,2026-03-09 00:05:19.711971,Success,,180,20,18,2,77100.09
TXN002817,C0517,14958.4,Credit Card,2026-03-09 00:39:36.237623,Success,,303,21,21,0,118665.05
TXN002818,C1519,8496.33,UPI,2026-03-09 01:13:52.763276,Failed,Insufficient Balance,201,26,3,23,145665.74
TXN002819,C0086,6636.46,Net Banking,2026-03-09 01:48:09.288928,Success,,558,26,1,25,54144.32
TXN002820,C1199,3135.04,Debit Card,2026-03-09 02:22:25.814581,Failed,Bank Timeout,109,1,0,1,3551.76
TXN002821,C1826,12792.95,Debit Card,2026-03-09 02:56:42.340234,Abandoned,Checkout Abandoned,815,29,13,16,92693.59
TXN002822,C1217,14673.0,Credit Card,2026-03-09 03:30:58.865886,Success,,848,11,3,8,106763.08
TXN002823,C0311,9047.54,Wallet,2026-03-09 04:05:15.391539,Failed,Card Declined,40,25,15,10,59917.91
TXN002824,C1143,11936.44,Net Banking,2026-03-09 04:39:31.917191,Success,,821,27,10,17,27929.67
TXN002825,C1242,9151.51,Credit Card,2026-03-09 05:13:48.442844,Success,,615,1,0,1,46249.33
TXN002826,C0427,16061.05,UPI,2026-03-09 05:48:04.968496,Success,,791,13,12,1,98542.06
TXN002827,C1994,22541.35,Credit Card,2026-03-09 06:22:21.494149,Success,,513,18,0,18,74380.34
TXN002828,C1438,4181.61,Credit Card,2026-03-09 06:56:38.019801,Success,,107,19,12,7,111641.89
TXN002829,C0114,9597.08,UPI,2026-03-09 07:30:54.545454,Success,,61,5,3,2,33116.45
TXN002830,C1169,3607.63,UPI,2026-03-09 08:05:11.071107,Abandoned,Checkout Abandoned,484,21,4,17,126376.85
TXN002831,C1562,15661.1,UPI,2026-03-09 08:39:27.596759,Failed,Technical Error,352,18,5,13,23804.8
TXN002832,C1672,18248.88,Credit Card,2026-03-09 09:13:44.122412,Success,,819,16,8,8,49822.36
TXN002833,C0303,23304.63,UPI,2026-03-09 09:48:00.648064,Success,,359,2,1,1,88885.54
TXN002834,C0744,7043.91,UPI,2026-03-09 10:22:17.173717,Success,,528,19,5,14,110661.05
TXN002835,C1905,23760.26,Debit Card,2026-03-09 10:56:33.699369,Success,,767,24,21,3,40294.13
TXN002836,C0588,1675.24,Credit Card,2026-03-09 11:30:50.225022,Success,,27,9,1,8,142243.9
TXN002837,C0987,15115.05,UPI,2026-03-09 12:05:06.750675,Success,,706,23,20,3,106063.64
TXN002838,C1864,1522.6,UPI,2026-03-09 12:39:23.276327,Success,,239,12,5,7,33042.42
TXN002839,C0345,22354.98,Net Banking,2026-03-09 13:13:39.801980,Failed,Technical Error,723,19,9,10,109001.95
TXN002840,C0814,13292.25,Debit Card,2026-03-09 13:47:56.327632,Success,,565,22,4,18,104601.89
TXN002841,C1988,16766.77,UPI,2026-03-09 14:22:12.853285,Success,,619,28,19,9,113026.27
TXN002842,C0801,20806.19,Wallet,2026-03-09 14:56:29.378937,Success,,490,28,11,17,137424.17
TXN002843,C1025,3842.73,UPI,2026-03-09 15:30:45.904590,Success,,584,24,5,19,106901.72
TXN002844,C1171,1060.93,Wallet,2026-03-09 16:05:02.430243,Success,,169,17,5,12,53110.59
TXN002845,C1311,21984.14,UPI,2026-03-09 16:39:18.955895,Success,,872,18,7,11,118682.36
TXN002846,C2000,7941.84,UPI,2026-03-09 17:13:35.481548,Success,,421,16,16,0,104531.33
TXN002847,C1678,3311.57,UPI,2026-03-09 17:47:52.007200,Success,,397,7,7,0,86351.75
TXN002848,C1077,11764.68,UPI,2026-03-09 18:22:08.532853,Success,,664,17,17,0,53398.02
TXN002849,C1328,14997.82,Credit Card,2026-03-09 18:56:25.058505,Success,,11,6,2,4,138196.85
TXN002850,C1093,871.17,Debit Card,2026-03-09 19:30:41.584158,Success,,160,22,0,22,77156.83
TXN002851,C0361,6944.9,Net Banking,2026-03-09 20:04:58.109810,Success,,544,10,9,1,94401.45
TXN002852,C1626,916.72,UPI,2026-03-09 20:39:14.635463,Success,,748,2,2,0,62596.78
TXN002853,C1982,10566.35,UPI,2026-03-09 21:13:31.161116,Success,,356,1,1,0,117231.89
TXN002854,C1244,22387.99,UPI,2026-03-09 21:47:47.686768,Abandoned,Checkout Abandoned,803,18,2,16,51485.41
TXN002855,C1986,24568.05,UPI,2026-03-09 22:22:04.212421,Success,,762,27,18,9,121689.84
TXN002856,C1010,15962.48,Credit Card,2026-03-09 22:56:20.738073,Failed,Card Declined,427,23,15,8,16637.24
TXN002857,C0704,4124.78,UPI,2026-03-09 23:30:37.263726,Failed,Bank Timeout,662,27,22,5,106489.8
TXN002858,C1990,22655.65,Debit Card,2026-03-10 00:04:53.789378,Abandoned,Checkout Abandoned,177,24,7,17,71793.88
TXN002859,C0575,12954.57,Credit Card,2026-03-10 00:39:10.315031,Success,,637,10,5,5,104963.66
TXN002860,C1609,3928.36,UPI,2026-03-10 01:13:26.840684,Failed,Insufficient Balance,19,7,7,0,79943.65
TXN002861,C1185,23050.99,Credit Card,2026-03-10 01:47:43.366336,Abandoned,Checkout Abandoned,688,10,1,9,20578.8
TXN002862,C1705,18960.98,UPI,2026-03-10 02:21:59.891989,Success,,611,1,0,1,71810.24
TXN002863,C1113,18319.46,UPI,2026-03-10 02:56:16.417641,Success,,347,11,11,0,144701.57
TXN002864,C0688,17758.6,Debit Card,2026-03-10 03:30:32.943294,Abandoned,Checkout Abandoned,876,28,20,8,113348.67
TXN002865,C0781,5088.46,Credit Card,2026-03-10 04:04:49.468946,Success,,120,8,5,3,45378.3
TXN002866,C0585,5354.07,UPI,2026-03-10 04:39:05.994599,Success,,189,5,5,0,141645.07
TXN002867,C1781,17238.5,Debit Card,2026-03-10 05:13:22.520252,Failed,Card Declined,705,11,6,5,116952.47
TXN002868,C0589,5571.1,UPI,2026-03-10 05:47:39.045904,Success,,420,17,8,9,54984.84
TXN002869,C1183,11022.93,Debit Card,2026-03-10 06:21:55.571557,Success,,785,24,6,18,90734.31
TXN002870,C0489,19571.85,Credit Card,2026-03-10 06:56:12.097209,Success,,190,4,3,1,64289.5
TXN002871,C0971,19620.42,Credit Card,2026-03-10 07:30:28.622862,Success,,376,30,26,4,14955.21
TXN002872,C1348,11386.22,Net Banking,2026-03-10 08:04:45.148514,Failed,Insufficient Balance,534,21,16,5,121001.4
TXN002873,C1634,19825.53,Debit Card,2026-03-10 08:39:01.674167,Success,,183,16,14,2,29066.18
TXN002874,C1405,20981.68,UPI,2026-03-10 09:13:18.199819,Failed,Insufficient Balance,95,15,14,1,68976.73
TXN002875,C1126,16403.92,UPI,2026-03-10 09:47:34.725472,Success,,557,11,4,7,105544.4
TXN002876,C0494,5787.8,Net Banking,2026-03-10 10:21:51.251125,Success,,692,28,26,2,139865.95
TXN002877,C1668,6922.89,UPI,2026-03-10 10:56:07.776777,Success,,615,29,13,16,9877.55
TXN002878,C1638,7939.54,Credit Card,2026-03-10 11:30:24.302430,Success,,72,1,0,1,59288.42
TXN002879,C0019,3008.42,Debit Card,2026-03-10 12:04:40.828082,Failed,Insufficient Balance,886,15,10,5,92389.83
TXN002880,C1478,6901.67,Credit Card,2026-03-10 12:38:57.353735,Success,,589,0,0,0,117006.74
TXN002881,C1506,5317.03,Debit Card,2026-03-10 13:13:13.879387,Failed,Bank Timeout,662,19,19,0,138179.21
TXN002882,C1618,11437.69,Debit Card,2026-03-10 13:47:30.405040,Success,,440,1,0,1,574.35
TXN002883,C0397,22720.09,Debit Card,2026-03-10 14:21:46.930693,Success,,655,12,12,0,94350.63
TXN002884,C1001,2701.56,Net Banking,2026-03-10 14:56:03.456345,Success,,667,15,13,2,1537.07
TXN002885,C1303,18034.67,Credit Card,2026-03-10 15:30:19.981998,Failed,Bank Timeout,383,0,0,0,118194.67
TXN002886,C0851,17213.35,UPI,2026-03-10 16:04:36.507650,Success,,273,18,7,11,22875.16
TXN002887,C1389,2484.28,Credit Card,2026-03-10 16:38:53.033303,Success,,178,3,2,1,134245.79
TXN002888,C1355,23072.05,Debit Card,2026-03-10 17:13:09.558955,Success,,326,19,19,0,23691.07
TXN002889,C1665,14254.96,Net Banking,2026-03-10 17:47:26.084608,Success,,413,2,0,2,114767.18
TXN002890,C1368,9156.77,UPI,2026-03-10 18:21:42.610261,Success,,222,1,0,1,43750.94
TXN002891,C0822,18937.81,UPI,2026-03-10 18:55:59.135913,Success,,577,11,2,9,83809.46
TXN002892,C0455,6508.4,Wallet,2026-03-10 19:30:15.661566,Abandoned,Checkout Abandoned,643,23,5,18,91460.92
TXN002893,C1625,17368.39,Credit Card,2026-03-10 20:04:32.187218,Success,,873,25,7,18,31410.72
TXN002894,C0725,1088.81,UPI,2026-03-10 20:38:48.712871,Success,,755,12,2,10,45155.18
TXN002895,C1679,21001.26,Debit Card,2026-03-10 21:13:05.238523,Success,,370,26,4,22,16572.41
TXN002896,C1089,11259.45,Wallet,2026-03-10 21:47:21.764176,Success,,681,17,9,8,1290.71
TXN002897,C1100,15953.65,Net Banking,2026-03-10 22:21:38.289828,Success,,132,4,0,4,36300.47
TXN002898,C0711,5608.82,Debit Card,2026-03-10 22:55:54.815481,Abandoned,Checkout Abandoned,31,22,11,11,77642.35
TXN002899,C0143,16959.14,UPI,2026-03-10 23:30:11.341134,Failed,Insufficient Balance,227,24,23,1,107182.79
TXN002900,C0917,19328.78,Net Banking,2026-03-11 00:04:27.866786,Success,,562,11,6,5,119137.16
TXN002901,C1939,11883.01,Credit Card,2026-03-11 00:38:44.392439,Success,,886,18,7,11,10930.01
TXN002902,C0828,15481.4,Net Banking,2026-03-11 01:13:00.918091,Failed,Network Error,403,0,0,0,41225.73
TXN002903,C0605,11462.52,UPI,2026-03-11 01:47:17.443744,Abandoned,Checkout Abandoned,566,30,29,1,115648.48
TXN002904,C1497,22362.88,UPI,2026-03-11 02:21:33.969396,Success,,270,8,1,7,72389.9
TXN002905,C1441,12496.94,Credit Card,2026-03-11 02:55:50.495049,Success,,533,0,0,0,27736.95
TXN002906,C0305,21061.04,UPI,2026-03-11 03:30:07.020702,Failed,Technical Error,754,23,6,17,59135.99
TXN002907,C0736,20053.67,Debit Card,2026-03-11 04:04:23.546354,Success,,242,17,13,4,40870.11
TXN002908,C1521,10321.57,Wallet,2026-03-11 04:38:40.072007,Success,,297,22,19,3,8072.7
TXN002909,C0291,5829.1,Debit Card,2026-03-11 05:12:56.597659,Abandoned,Checkout Abandoned,507,27,17,10,114662.26
TXN002910,C1964,10211.45,Net Banking,2026-03-11 05:47:13.123312,Failed,Bank Timeout,385,2,0,2,44108.2
TXN002911,C0102,20672.81,Credit Card,2026-03-11 06:21:29.648964,Success,,795,5,4,1,141797.13
TXN002912,C1291,5768.05,Debit Card,2026-03-11 06:55:46.174617,Success,,723,21,3,18,133274.69
TXN002913,C0867,13158.47,Net Banking,2026-03-11 07:30:02.700270,Success,,841,3,1,2,107583.48
TXN002914,C0968,20171.81,Debit Card,2026-03-11 08:04:19.225922,Abandoned,Checkout Abandoned,96,23,10,13,49331.84
TXN002915,C1646,8901.59,Credit Card,2026-03-11 08:38:35.751575,Abandoned,Checkout Abandoned,894,11,10,1,42348.57
TXN002916,C0974,16091.02,Credit Card,2026-03-11 09:12:52.277227,Failed,Network Error,702,11,3,8,71553.09
TXN002917,C0842,6216.23,Debit Card,2026-03-11 09:47:08.802880,Success,,179,4,2,2,53513.07
TXN002918,C0962,2821.06,UPI,2026-03-11 10:21:25.328532,Success,,238,22,0,22,135223.17
TXN002919,C0942,19880.17,Net Banking,2026-03-11 10:55:41.854185,Success,,603,28,1,27,18962.52
TXN002920,C1801,2564.32,Wallet,2026-03-11 11:29:58.379837,Success,,871,20,8,12,108807.9
TXN002921,C1027,6857.4,Credit Card,2026-03-11 12:04:14.905490,Success,,220,12,0,12,91829.07
TXN002922,C0085,21392.22,Debit Card,2026-03-11 12:38:31.431143,Success,,502,11,4,7,121042.03
TXN002923,C1818,8727.09,Debit Card,2026-03-11 13:12:47.956795,Success,,687,3,1,2,81601.86
TXN002924,C0328,24328.83,Debit Card,2026-03-11 13:47:04.482448,Abandoned,Checkout Abandoned,549,5,3,2,94616.33
TXN002925,C0816,24495.38,Credit Card,2026-03-11 14:21:21.008100,Success,,31,18,6,12,144429.72
TXN002926,C1474,6780.07,Net Banking,2026-03-11 14:55:37.533753,Success,,311,5,4,1,14248.25
TXN002927,C0454,1120.36,UPI,2026-03-11 15:29:54.059405,Success,,815,5,0,5,16177.42
TXN002928,C1948,17656.08,UPI,2026-03-11 16:04:10.585058,Success,,41,10,2,8,59344.35
TXN002929,C0629,11329.56,Net Banking,2026-03-11 16:38:27.110711,Success,,320,26,25,1,71173.55
TXN002930,C1245,2608.75,Debit Card,2026-03-11 17:12:43.636363,Success,,354,21,8,13,30380.87
TXN002931,C1178,17717.32,Net Banking,2026-03-11 17:47:00.162016,Success,,889,13,0,13,12858.84
TXN002932,C0665,876.26,UPI,2026-03-11 18:21:16.687668,Success,,146,29,25,4,3815.35
TXN002933,C0012,21767.9,UPI,2026-03-11 18:55:33.213321,Success,,493,26,19,7,114806.54
TXN002934,C1157,3552.45,Wallet,2026-03-11 19:29:49.738973,Failed,Network Error,521,2,0,2,73016.08
TXN002935,C0304,3270.07,UPI,2026-03-11 20:04:06.264626,Success,,814,28,15,13,126588.81
TXN002936,C1317,4474.24,Net Banking,2026-03-11 20:38:22.790279,Success,,586,7,1,6,54445.17
TXN002937,C0975,24010.63,Net Banking,2026-03-11 21:12:39.315931,Success,,870,3,2,1,105665.2
TXN002938,C1324,17359.92,Debit Card,2026-03-11 21:46:55.841584,Success,,600,26,18,8,73533.82
TXN002939,C1764,20054.15,UPI,2026-03-11 22:21:12.367236,Failed,Technical Error,437,15,15,0,92004.46
TXN002940,C0783,10001.11,Debit Card,2026-03-11 22:55:28.892889,Success,,325,17,0,17,55844.43
TXN002941,C0043,8474.19,Net Banking,2026-03-11 23:29:45.418541,Success,,776,6,6,0,12634.88
TXN002942,C0944,5938.65,UPI,2026-03-12 00:04:01.944194,Failed,Insufficient Balance,862,10,5,5,142132.35
TXN002943,C0343,12068.14,UPI,2026-03-12 00:38:18.469846,Success,,72,7,4,3,125495.43
TXN002944,C1350,13840.54,UPI,2026-03-12 01:12:34.995499,Success,,597,26,11,15,47127.82
TXN002945,C1838,15831.19,UPI,2026-03-12 01:46:51.521152,Success,,291,19,19,0,143826.09
TXN002946,C0498,6502.25,Net Banking,2026-03-12 02:21:08.046804,Success,,822,5,5,0,45423.07
TXN002947,C0364,23721.49,Net Banking,2026-03-12 02:55:24.572457,Success,,872,23,2,21,66727.01
TXN002948,C0891,4326.99,Wallet,2026-03-12 03:29:41.098109,Success,,44,15,11,4,113392.78
TXN002949,C0427,24144.76,Credit Card,2026-03-12 04:03:57.623762,Failed,Network Error,599,4,2,2,46696.14
TXN002950,C1005,469.92,Debit Card,2026-03-12 04:38:14.149414,Success,,384,24,12,12,49013.94
TXN002951,C0021,12080.03,UPI,2026-03-12 05:12:30.675067,Success,,272,5,5,0,61807.28
TXN002952,C0407,8400.86,Debit Card,2026-03-12 05:46:47.200720,Success,,62,5,0,5,70524.21
TXN002953,C0619,11283.17,Credit Card,2026-03-12 06:21:03.726372,Success,,818,27,7,20,18980.63
TXN002954,C1015,14309.55,Net Banking,2026-03-12 06:55:20.252025,Failed,Network Error,525,28,14,14,3115.0
TXN002955,C0336,10946.17,Net Banking,2026-03-12 07:29:36.777677,Success,,523,1,0,1,137914.0
TXN002956,C1839,10429.69,Wallet,2026-03-12 08:03:53.303330,Failed,Network Error,300,30,12,18,53301.7
TXN002957,C1141,18344.81,Net Banking,2026-03-12 08:38:09.828982,Abandoned,Checkout Abandoned,494,6,5,1,15702.45
TXN002958,C1148,17178.32,Net Banking,2026-03-12 09:12:26.354635,Success,,882,8,1,7,113996.12
TXN002959,C0399,20848.45,UPI,2026-03-12 09:46:42.880288,Failed,Insufficient Balance,443,14,2,12,44611.57
TXN002960,C0793,6323.98,Net Banking,2026-03-12 10:20:59.405940,Success,,662,20,3,17,27658.78
TXN002961,C1828,15277.26,Credit Card,2026-03-12 10:55:15.931593,Success,,124,13,2,11,144410.35
TXN002962,C0715,14671.35,UPI,2026-03-12 11:29:32.457245,Success,,124,20,12,8,138121.16
TXN002963,C0051,9306.47,UPI,2026-03-12 12:03:48.982898,Success,,784,27,15,12,16309.01
TXN002964,C1807,12202.83,Debit Card,2026-03-12 12:38:05.508550,Abandoned,Checkout Abandoned,133,12,11,1,134943.14
TXN002965,C0324,7913.18,UPI,2026-03-12 13:12:22.034203,Success,,771,26,12,14,133684.7
TXN002966,C0789,3631.93,Credit Card,2026-03-12 13:46:38.559855,Success,,304,4,2,2,95339.0
TXN002967,C0141,5423.65,Debit Card,2026-03-12 14:20:55.085508,Success,,888,16,9,7,79695.83
TXN002968,C0470,2727.29,Net Banking,2026-03-12 14:55:11.611161,Success,,612,4,1,3,33007.06
TXN002969,C0787,17108.43,Net Banking,2026-03-12 15:29:28.136813,Success,,570,25,7,18,18646.95
TXN002970,C1826,16552.11,Credit Card,2026-03-12 16:03:44.662466,Failed,Insufficient Balance,396,23,6,17,91152.17
TXN002971,C1358,23770.1,UPI,2026-03-12 16:38:01.188118,Success,,282,30,16,14,123382.61
TXN002972,C1917,18268.99,UPI,2026-03-12 17:12:17.713771,Failed,Bank Timeout,674,2,1,1,103452.26
TXN002973,C0964,1395.94,UPI,2026-03-12 17:46:34.239423,Failed,Bank Timeout,391,8,5,3,27529.66
TXN002974,C1008,22117.7,UPI,2026-03-12 18:20:50.765076,Success,,231,8,8,0,43857.79
TXN002975,C0373,21580.61,Wallet,2026-03-12 18:55:07.290729,Success,,151,21,9,12,82189.43
TXN002976,C1588,11138.68,Credit Card,2026-03-12 19:29:23.816381,Success,,230,3,2,1,93936.38
TXN002977,C0494,14687.99,UPI,2026-03-12 20:03:40.342034,Failed,Network Error,782,30,7,23,11301.77
TXN002978,C1563,24404.35,UPI,2026-03-12 20:37:56.867686,Success,,208,19,6,13,92300.72
TXN002979,C1693,13354.38,Credit Card,2026-03-12 21:12:13.393339,Success,,92,10,6,4,110579.75
TXN002980,C0751,22642.51,Credit Card,2026-03-12 21:46:29.918991,Success,,222,16,4,12,27613.0
TXN002981,C1180,2167.67,UPI,2026-03-12 22:20:46.444644,Success,,512,13,1,12,37309.7
TXN002982,C0291,4857.19,Wallet,2026-03-12 22:55:02.970297,Success,,316,9,9,0,39205.04
TXN002983,C1672,11074.8,UPI,2026-03-12 23:29:19.495949,Success,,734,4,4,0,141001.63
TXN002984,C1168,14660.44,UPI,2026-03-13 00:03:36.021602,Success,,387,20,20,0,61348.91
TXN002985,C0106,20424.07,UPI,2026-03-13 00:37:52.547254,Success,,282,20,0,20,79820.43
TXN002986,C1444,24707.73,Credit Card,2026-03-13 01:12:09.072907,Success,,647,27,26,1,108785.0
TXN002987,C0670,9782.4,UPI,2026-03-13 01:46:25.598559,Success,,70,16,5,11,56033.31
TXN002988,C1682,1280.65,UPI,2026-03-13 02:20:42.124212,Failed,Insufficient Balance,356,15,14,1,16280.55
TXN002989,C0002,20049.17,UPI,2026-03-13 02:54:58.649864,Success,,40,0,0,0,98321.12
TXN002990,C1969,15149.08,Credit Card,2026-03-13 03:29:15.175517,Success,,536,9,1,8,100257.34
TXN002991,C0589,5043.72,UPI,2026-03-13 04:03:31.701170,Success,,369,11,11,0,39451.9
TXN002992,C0644,12421.23,UPI,2026-03-13 04:37:48.226822,Success,,561,17,0,17,5766.72
TXN002993,C0090,18583.53,UPI,2026-03-13 05:12:04.752475,Success,,330,0,0,0,99970.3
TXN002994,C1369,19283.25,UPI,2026-03-13 05:46:21.278127,Success,,285,28,14,14,105662.12
TXN002995,C0350,12540.5,Credit Card,2026-03-13 06:20:37.803780,Failed,Insufficient Balance,754,30,12,18,4396.7
TXN002996,C1483,7699.84,UPI,2026-03-13 06:54:54.329432,Success,,427,23,0,23,104130.9
TXN002997,C1287,24346.19,UPI,2026-03-13 07:29:10.855085,Success,,842,27,0,27,140869.82
TXN002998,C1375,16617.73,Credit Card,2026-03-13 08:03:27.380738,Abandoned,Checkout Abandoned,809,11,3,8,27228.4
TXN002999,C1132,10265.11,UPI,2026-03-13 08:37:43.906390,Success,,249,19,13,6,78437.9
TXN003000,C1610,7083.53,UPI,2026-03-13 09:12:00.432043,Success,,159,5,4,1,104668.08
TXN003001,C1063,18304.46,UPI,2026-03-13 09:46:16.957695,Success,,71,7,2,5,34896.87
TXN003002,C0909,6130.37,Net Banking,2026-03-13 10:20:33.483348,Abandoned,Checkout Abandoned,742,13,0,13,112856.56
TXN003003,C0159,4375.58,Debit Card,2026-03-13 10:54:50.009000,Success,,438,4,4,0,130279.22
TXN003004,C1607,13292.86,Net Banking,2026-03-13 11:29:06.534653,Success,,260,21,11,10,122275.37
TXN003005,C0959,7320.69,Net Banking,2026-03-13 12:03:23.060306,Success,,20,3,2,1,39205.39
TXN003006,C0312,15759.74,Wallet,2026-03-13 12:37:39.585958,Failed,Technical Error,426,21,5,16,120730.36
TXN003007,C1265,3036.67,Debit Card,2026-03-13 13:11:56.111611,Success,,559,15,2,13,62294.82
TXN003008,C1962,16408.03,Credit Card,2026-03-13 13:46:12.637263,Success,,586,5,3,2,40336.28
TXN003009,C0445,7154.08,UPI,2026-03-13 14:20:29.162916,Success,,200,2,0,2,25611.73
TXN003010,C0298,106.05,UPI,2026-03-13 14:54:45.688568,Success,,559,3,3,0,136392.73
TXN003011,C0952,3260.71,Debit Card,2026-03-13 15:29:02.214221,Success,,776,21,11,10,64321.18
TXN003012,C0036,23347.02,Wallet,2026-03-13 16:03:18.739873,Failed,Network Error,466,7,4,3,129926.81
TXN003013,C1108,21697.13,Credit Card,2026-03-13 16:37:35.265526,Success,,278,28,19,9,24351.98
TXN003014,C1476,5916.86,Debit Card,2026-03-13 17:11:51.791179,Success,,510,29,19,10,115165.52
TXN003015,C1910,19481.46,Credit Card,2026-03-13 17:46:08.316831,Success,,253,13,9,4,16947.0
TXN003016,C1799,15253.43,UPI,2026-03-13 18:20:24.842484,Success,,289,6,4,2,3125.96
TXN003017,C1846,24275.53,UPI,2026-03-13 18:54:41.368136,Success,,813,3,0,3,149259.87
TXN003018,C1409,9402.78,Credit Card,2026-03-13 19:28:57.893789,Abandoned,Checkout Abandoned,157,29,17,12,11493.83
TXN003019,C1196,17068.37,UPI,2026-03-13 20:03:14.419441,Success,,564,18,1,17,69500.3
TXN003020,C1400,1682.04,Debit Card,2026-03-13 20:37:30.945094,Success,,118,10,1,9,131818.61
TXN003021,C1709,9966.56,Net Banking,2026-03-13 21:11:47.470747,Success,,450,14,9,5,122997.24
TXN003022,C1386,24099.06,Net Banking,2026-03-13 21:46:03.996399,Success,,458,23,0,23,70940.77
TXN003023,C0559,13520.62,UPI,2026-03-13 22:20:20.522052,Success,,108,15,9,6,91821.85
TXN003024,C0891,7268.2,Net Banking,2026-03-13 22:54:37.047704,Success,,564,5,5,0,94641.07
TXN003025,C0141,3094.75,UPI,2026-03-13 23:28:53.573357,Success,,861,11,7,4,16918.83
TXN003026,C0887,17617.86,UPI,2026-03-14 00:03:10.099009,Success,,113,7,0,7,43093.16
TXN003027,C1942,16156.92,Debit Card,2026-03-14 00:37:26.624662,Success,,202,24,13,11,45496.98
TXN003028,C1142,9411.07,UPI,2026-03-14 01:11:43.150315,Success,,636,24,7,17,57030.16
TXN003029,C1301,23778.44,UPI,2026-03-14 01:45:59.675967,Failed,Bank Timeout,55,9,0,9,41450.67
TXN003030,C0726,652.85,UPI,2026-03-14 02:20:16.201620,Success,,583,10,9,1,38099.02
TXN003031,C1244,7662.72,Debit Card,2026-03-14 02:54:32.727272,Abandoned,Checkout Abandoned,635,8,2,6,53540.43
TXN003032,C1929,23034.63,UPI,2026-03-14 03:28:49.252925,Success,,207,25,24,1,57194.36
TXN003033,C1050,8091.29,Credit Card,2026-03-14 04:03:05.778577,Success,,773,16,7,9,73340.0
TXN003034,C0521,6381.1,Debit Card,2026-03-14 04:37:22.304230,Abandoned,Checkout Abandoned,114,27,1,26,26443.54
TXN003035,C1807,13402.09,Debit Card,2026-03-14 05:11:38.829882,Success,,38,13,3,10,118356.33
TXN003036,C0010,20612.66,Net Banking,2026-03-14 05:45:55.355535,Success,,178,2,0,2,129169.82
TXN003037,C0984,2668.35,UPI,2026-03-14 06:20:11.881188,Success,,536,8,8,0,37600.65
TXN003038,C0378,23581.22,UPI,2026-03-14 06:54:28.406840,Failed,Technical Error,643,19,0,19,18933.46
TXN003039,C1657,19897.31,UPI,2026-03-14 07:28:44.932493,Success,,878,25,7,18,108485.64
TXN003040,C1661,4613.13,UPI,2026-03-14 08:03:01.458145,Success,,540,27,27,0,138674.65
TXN003041,C0682,17829.0,Debit Card,2026-03-14 08:37:17.983798,Success,,897,17,16,1,5754.68
TXN003042,C0584,9685.47,UPI,2026-03-14 09:11:34.509450,Failed,Insufficient Balance,466,16,15,1,2658.18
TXN003043,C0152,10117.14,UPI,2026-03-14 09:45:51.035103,Success,,498,29,14,15,27922.11
TXN003044,C0720,19603.92,Debit Card,2026-03-14 10:20:07.560756,Success,,452,4,0,4,102876.48
TXN003045,C1073,24073.34,Debit Card,2026-03-14 10:54:24.086408,Success,,346,29,7,22,144734.76
TXN003046,C1178,3253.73,Debit Card,2026-03-14 11:28:40.612061,Failed,Bank Timeout,617,19,19,0,112681.95
TXN003047,C0859,10573.69,Net Banking,2026-03-14 12:02:57.137713,Success,,805,20,13,7,86168.37
TXN003048,C1317,12075.45,Debit Card,2026-03-14 12:37:13.663366,Success,,408,26,11,15,105232.13
TXN003049,C1604,9470.16,Debit Card,2026-03-14 13:11:30.189018,Failed,Network Error,195,20,14,6,34989.4
TXN003050,C0050,9143.41,UPI,2026-03-14 13:45:46.714671,Success,,574,23,3,20,103438.52
TXN003051,C0664,1401.49,Wallet,2026-03-14 14:20:03.240324,Success,,307,5,5,0,48556.02
TXN003052,C0531,17169.91,Credit Card,2026-03-14 14:54:19.765976,Abandoned,Checkout Abandoned,850,2,1,1,33752.11
TXN003053,C1636,10961.74,UPI,2026-03-14 15:28:36.291629,Failed,Insufficient Balance,612,15,14,1,35865.12
TXN003054,C1084,4950.37,UPI,2026-03-14 16:02:52.817281,Success,,540,14,1,13,100334.27
TXN003055,C1191,20419.23,Debit Card,2026-03-14 16:37:09.342934,Success,,464,24,3,21,115200.25
TXN003056,C1226,20083.76,Wallet,2026-03-14 17:11:25.868586,Success,,482,7,3,4,87479.42
TXN003057,C0857,12211.15,UPI,2026-03-14 17:45:42.394239,Abandoned,Checkout Abandoned,86,8,7,1,10046.36
TXN003058,C0146,7531.42,UPI,2026-03-14 18:19:58.919891,Abandoned,Checkout Abandoned,651,3,1,2,6182.4
TXN003059,C0915,15988.51,Net Banking,2026-03-14 18:54:15.445544,Success,,667,12,7,5,32966.44
TXN003060,C1700,7274.99,Net Banking,2026-03-14 19:28:31.971197,Success,,254,23,9,14,43327.07
TXN003061,C1994,5976.6,UPI,2026-03-14 20:02:48.496849,Failed,Network Error,433,26,26,0,61020.57
TXN003062,C0993,18289.81,UPI,2026-03-14 20:37:05.022502,Success,,702,2,1,1,11866.2
TXN003063,C1463,1104.1,Debit Card,2026-03-14 21:11:21.548154,Success,,145,20,8,12,108911.24
TXN003064,C0242,2459.73,UPI,2026-03-14 21:45:38.073807,Success,,733,29,15,14,106868.97
TXN003065,C0581,269.03,Net Banking,2026-03-14 22:19:54.599459,Success,,146,6,5,1,52328.3
TXN003066,C0687,3908.29,UPI,2026-03-14 22:54:11.125112,Failed,Technical Error,214,15,9,6,84668.88
TXN003067,C1585,1817.85,UPI,2026-03-14 23:28:27.650765,Abandoned,Checkout Abandoned,893,16,11,5,15586.93
TXN003068,C0483,24895.48,UPI,2026-03-15 00:02:44.176417,Success,,670,29,4,25,62575.19
TXN003069,C1132,7291.37,UPI,2026-03-15 00:37:00.702070,Success,,869,16,6,10,128705.93
TXN003070,C1250,3816.77,UPI,2026-03-15 01:11:17.227722,Success,,565,18,14,4,99263.06
TXN003071,C0673,6100.81,UPI,2026-03-15 01:45:33.753375,Failed,Technical Error,69,19,12,7,16039.59
TXN003072,C0631,23409.53,Debit Card,2026-03-15 02:19:50.279027,Success,,848,30,7,23,127212.92
TXN003073,C0661,13051.99,UPI,2026-03-15 02:54:06.804680,Success,,258,16,4,12,102264.09
TXN003074,C0662,9183.97,Net Banking,2026-03-15 03:28:23.330333,Success,,424,23,20,3,68231.92
TXN003075,C1456,21847.45,UPI,2026-03-15 04:02:39.855985,Success,,894,1,1,0,103967.61
TXN003076,C0805,9935.26,Debit Card,2026-03-15 04:36:56.381638,Success,,647,26,20,6,26336.63
TXN003077,C1679,8441.71,UPI,2026-03-15 05:11:12.907290,Abandoned,Checkout Abandoned,406,4,0,4,82797.73
TXN003078,C0419,5261.33,UPI,2026-03-15 05:45:29.432943,Success,,54,15,10,5,92880.09
TXN003079,C0988,9507.14,Credit Card,2026-03-15 06:19:45.958595,Success,,11,28,6,22,139197.85
TXN003080,C1479,7985.44,Credit Card,2026-03-15 06:54:02.484248,Success,,171,29,13,16,10500.31
TXN003081,C1184,16964.87,Debit Card,2026-03-15 07:28:19.009900,Success,,206,21,14,7,56530.02
TXN003082,C1547,7310.61,Debit Card,2026-03-15 08:02:35.535553,Success,,715,10,10,0,140553.8
TXN003083,C0650,14472.27,Debit Card,2026-03-15 08:36:52.061206,Success,,839,21,16,5,32974.55
TXN003084,C0969,1740.71,UPI,2026-03-15 09:11:08.586858,Failed,Technical Error,568,5,2,3,122073.45
TXN003085,C0590,4863.1,Net Banking,2026-03-15 09:45:25.112511,Success,,235,10,7,3,740.03
TXN003086,C1101,10244.39,Credit Card,2026-03-15 10:19:41.638163,Success,,11,0,0,0,4369.67
TXN003087,C0509,23430.04,Wallet,2026-03-15 10:53:58.163816,Success,,221,18,12,6,49479.62
TXN003088,C0441,9493.57,Net Banking,2026-03-15 11:28:14.689468,Failed,Card Declined,736,2,2,0,115391.3
TXN003089,C1278,16635.45,UPI,2026-03-15 12:02:31.215121,Success,,302,7,0,7,16069.45
TXN003090,C0921,6451.67,UPI,2026-03-15 12:36:47.740774,Failed,Network Error,89,21,2,19,57736.62
TXN003091,C0770,3263.14,Credit Card,2026-03-15 13:11:04.266426,Success,,128,17,5,12,20154.49
TXN003092,C1344,1557.56,Debit Card,2026-03-15 13:45:20.792079,Success,,607,12,5,7,33927.24
TXN003093,C1827,7704.8,Credit Card,2026-03-15 14:19:37.317731,Success,,840,29,21,8,75697.63
TXN003094,C0263,4025.76,Debit Card,2026-03-15 14:53:53.843384,Abandoned,Checkout Abandoned,577,0,0,0,48211.24
TXN003095,C1621,4432.86,UPI,2026-03-15 15:28:10.369036,Success,,584,19,5,14,32180.94
TXN003096,C1682,19042.91,UPI,2026-03-15 16:02:26.894689,Success,,17,16,5,11,59327.8
TXN003097,C1859,494.37,UPI,2026-03-15 16:36:43.420342,Success,,704,4,1,3,105307.72
TXN003098,C1578,13989.47,Credit Card,2026-03-15 17:10:59.945994,Success,,894,11,5,6,18353.01
TXN003099,C1398,9548.59,Debit Card,2026-03-15 17:45:16.471647,Success,,244,10,7,3,72199.37
TXN003100,C0637,12713.09,UPI,2026-03-15 18:19:32.997299,Success,,436,23,13,10,41570.6
TXN003101,C1191,14114.47,Credit Card,2026-03-15 18:53:49.522952,Success,,611,25,10,15,57103.82
TXN003102,C1961,7902.86,UPI,2026-03-15 19:28:06.048604,Success,,625,17,15,2,123322.5
TXN003103,C1777,7448.21,UPI,2026-03-15 20:02:22.574257,Success,,288,7,5,2,139494.63
TXN003104,C0459,18361.71,Debit Card,2026-03-15 20:36:39.099909,Success,,862,28,27,1,36825.2
TXN003105,C0999,21794.8,UPI,2026-03-15 21:10:55.625562,Success,,771,23,18,5,94680.66
TXN003106,C1304,4895.28,Debit Card,2026-03-15 21:45:12.151215,Success,,649,21,6,15,101663.25
TXN003107,C0700,2530.71,Net Banking,2026-03-15 22:19:28.676867,Success,,369,23,5,18,126451.66
TXN003108,C0302,22455.12,Net Banking,2026-03-15 22:53:45.202520,Success,,189,12,10,2,134906.85
TXN003109,C1555,8812.4,UPI,2026-03-15 23:28:01.728172,Success,,614,1,0,1,70464.77
TXN003110,C1604,13827.8,Credit Card,2026-03-16 00:02:18.253825,Success,,703,22,3,19,147395.06
TXN003111,C1242,9052.62,Debit Card,2026-03-16 00:36:34.779477,Success,,221,15,0,15,145638.93
TXN003112,C1126,3232.48,Debit Card,2026-03-16 01:10:51.305130,Success,,725,11,5,6,76216.96
TXN003113,C0554,14774.36,Debit Card,2026-03-16 01:45:07.830783,Success,,558,7,0,7,81533.8
TXN003114,C0288,13176.01,UPI,2026-03-16 02:19:24.356435,Success,,227,3,0,3,100328.6
TXN003115,C1191,5154.54,UPI,2026-03-16 02:53:40.882088,Success,,460,13,7,6,56385.51
TXN003116,C0621,11351.54,Credit Card,2026-03-16 03:27:57.407740,Success,,155,8,1,7,99475.57
TXN003117,C1006,19943.99,Debit Card,2026-03-16 04:02:13.933393,Success,,68,10,2,8,77385.67
TXN003118,C0036,14801.61,UPI,2026-03-16 04:36:30.459045,Success,,650,15,7,8,5797.8
TXN003119,C0744,2513.24,UPI,2026-03-16 05:10:46.984698,Failed,Technical Error,412,5,3,2,127982.98
TXN003120,C1765,13745.74,Debit Card,2026-03-16 05:45:03.510351,Success,,662,11,10,1,141096.65
TXN003121,C0353,17598.18,UPI,2026-03-16 06:19:20.036003,Abandoned,Checkout Abandoned,500,18,8,10,4421.25
TXN003122,C1700,19838.31,UPI,2026-03-16 06:53:36.561656,Success,,42,15,7,8,118494.64
TXN003123,C1923,15765.03,UPI,2026-03-16 07:27:53.087308,Failed,Technical Error,543,12,9,3,58179.08
TXN003124,C0073,3901.19,UPI,2026-03-16 08:02:09.612961,Success,,420,3,0,3,88051.95
TXN003125,C0648,17783.31,Credit Card,2026-03-16 08:36:26.138613,Failed,Network Error,443,11,2,9,75249.24
TXN003126,C1377,16965.81,UPI,2026-03-16 09:10:42.664266,Success,,380,3,0,3,82920.94
TXN003127,C1915,708.23,UPI,2026-03-16 09:44:59.189918,Success,,726,16,16,0,74530.35
TXN003128,C1094,10352.52,UPI,2026-03-16 10:19:15.715571,Success,,593,13,11,2,128079.62
TXN003129,C0425,8390.46,UPI,2026-03-16 10:53:32.241224,Abandoned,Checkout Abandoned,190,28,22,6,102684.25
TXN003130,C0999,16768.36,Debit Card,2026-03-16 11:27:48.766876,Abandoned,Checkout Abandoned,709,25,3,22,62189.27
TXN003131,C0708,5481.78,UPI,2026-03-16 12:02:05.292529,Success,,59,16,11,5,103441.0
TXN003132,C1805,14812.71,Credit Card,2026-03-16 12:36:21.818181,Success,,331,0,0,0,144774.65
TXN003133,C0561,22838.83,UPI,2026-03-16 13:10:38.343834,Success,,508,19,19,0,12506.09
TXN003134,C0828,19965.28,UPI,2026-03-16 13:44:54.869486,Success,,92,0,0,0,58519.45
TXN003135,C1666,23044.3,UPI,2026-03-16 14:19:11.395139,Success,,545,29,7,22,130632.88
TXN003136,C0956,24464.8,UPI,2026-03-16 14:53:27.920792,Abandoned,Checkout Abandoned,78,21,21,0,110988.74
TXN003137,C0517,365.69,Debit Card,2026-03-16 15:27:44.446444,Success,,17,29,25,4,140271.87
TXN003138,C0428,15606.26,Credit Card,2026-03-16 16:02:00.972097,Success,,770,1,1,0,6451.58
TXN003139,C1563,10379.7,Net Banking,2026-03-16 16:36:17.497749,Success,,108,16,15,1,129484.95
TXN003140,C0160,21510.38,UPI,2026-03-16 17:10:34.023402,Success,,843,22,0,22,118873.92
TXN003141,C0149,6370.19,UPI,2026-03-16 17:44:50.549054,Success,,719,21,8,13,122348.33
TXN003142,C0776,24527.63,UPI,2026-03-16 18:19:07.074707,Success,,836,0,0,0,89790.78
TXN003143,C1254,15381.33,Debit Card,2026-03-16 18:53:23.600360,Success,,217,11,10,1,8261.6
TXN003144,C1736,19859.08,UPI,2026-03-16 19:27:40.126012,Success,,824,12,11,1,81099.92
TXN003145,C1586,2231.43,UPI,2026-03-16 20:01:56.651665,Success,,201,13,8,5,61458.79
TXN003146,C0067,4668.1,UPI,2026-03-16 20:36:13.177317,Success,,381,9,5,4,79292.74
TXN003147,C1014,18984.25,UPI,2026-03-16 21:10:29.702970,Failed,Technical Error,35,11,8,3,111174.25
TXN003148,C1836,647.46,Wallet,2026-03-16 21:44:46.228622,Success,,516,24,5,19,89596.11
TXN003149,C0381,20440.26,Credit Card,2026-03-16 22:19:02.754275,Failed,Network Error,157,21,5,16,44238.15
TXN003150,C0058,447.33,Debit Card,2026-03-16 22:53:19.279927,Success,,870,17,2,15,90126.35
TXN003151,C1283,16462.26,Debit Card,2026-03-16 23:27:35.805580,Success,,387,6,2,4,12929.2
TXN003152,C0342,9190.84,Credit Card,2026-03-17 00:01:52.331233,Success,,525,18,15,3,1302.22
TXN003153,C1862,15326.22,UPI,2026-03-17 00:36:08.856885,Success,,74,29,1,28,60528.44
TXN003154,C1154,17431.18,Credit Card,2026-03-17 01:10:25.382538,Failed,Insufficient Balance,738,14,3,11,113699.36
TXN003155,C0727,8627.63,UPI,2026-03-17 01:44:41.908190,Success,,812,6,0,6,123483.82
TXN003156,C1196,2788.26,UPI,2026-03-17 02:18:58.433843,Success,,638,13,6,7,82700.98
TXN003157,C0770,1834.18,Credit Card,2026-03-17 02:53:14.959495,Success,,606,8,2,6,130267.03
TXN003158,C0614,14764.51,Debit Card,2026-03-17 03:27:31.485148,Success,,829,4,4,0,19324.27
TXN003159,C1233,13064.32,Debit Card,2026-03-17 04:01:48.010801,Success,,288,0,0,0,144633.83
TXN003160,C1827,18580.81,Debit Card,2026-03-17 04:36:04.536453,Success,,375,15,13,2,138303.17
TXN003161,C0354,12792.41,UPI,2026-03-17 05:10:21.062106,Success,,797,4,4,0,90085.97
TXN003162,C1495,10618.9,UPI,2026-03-17 05:44:37.587758,Success,,867,23,8,15,9278.96
TXN003163,C1822,10012.37,UPI,2026-03-17 06:18:54.113411,Success,,508,7,0,7,68403.33
TXN003164,C0116,758.53,Debit Card,2026-03-17 06:53:10.639063,Success,,804,18,11,7,27301.31
TXN003165,C1288,8455.37,Wallet,2026-03-17 07:27:27.164716,Success,,178,19,0,19,94449.58
TXN003166,C0662,24402.9,UPI,2026-03-17 08:01:43.690369,Success,,471,11,8,3,28899.8
TXN003167,C1836,21851.53,UPI,2026-03-17 08:36:00.216021,Success,,429,7,0,7,72528.75
TXN003168,C1466,8301.51,Credit Card,2026-03-17 09:10:16.741674,Success,,547,7,6,1,31241.23
TXN003169,C1572,14736.11,Net Banking,2026-03-17 09:44:33.267326,Success,,885,22,2,20,27685.85
TXN003170,C0453,21197.69,Credit Card,2026-03-17 10:18:49.792979,Abandoned,Checkout Abandoned,49,5,3,2,37564.57
TXN003171,C1869,11087.73,UPI,2026-03-17 10:53:06.318631,Success,,517,19,6,13,4864.87
TXN003172,C1501,547.15,Wallet,2026-03-17 11:27:22.844284,Success,,729,25,24,1,107559.18
TXN003173,C0287,1955.31,Net Banking,2026-03-17 12:01:39.369936,Failed,Network Error,372,28,14,14,46355.59
TXN003174,C1327,12808.78,UPI,2026-03-17 12:35:55.895589,Success,,496,8,7,1,104867.15
TXN003175,C1017,24239.04,Wallet,2026-03-17 13:10:12.421242,Success,,93,1,1,0,98194.99
TXN003176,C0311,17360.92,Credit Card,2026-03-17 13:44:28.946894,Success,,247,17,0,17,10383.84
TXN003177,C0208,1865.81,UPI,2026-03-17 14:18:45.472547,Failed,Network Error,353,0,0,0,47149.2
TXN003178,C0618,4815.09,Credit Card,2026-03-17 14:53:01.998199,Failed,Card Declined,467,10,5,5,85245.65
TXN003179,C0446,19305.95,Net Banking,2026-03-17 15:27:18.523852,Success,,715,14,5,9,137800.98
TXN003180,C0670,21051.85,Debit Card,2026-03-17 16:01:35.049504,Success,,518,11,4,7,60497.3
TXN003181,C0633,15480.6,UPI,2026-03-17 16:35:51.575157,Success,,850,2,2,0,75966.34
TXN003182,C0055,16146.14,Wallet,2026-03-17 17:10:08.100810,Success,,347,18,16,2,112648.74
TXN003183,C0912,805.6,UPI,2026-03-17 17:44:24.626462,Success,,883,19,2,17,120592.67
TXN003184,C1036,20730.4,Debit Card,2026-03-17 18:18:41.152115,Success,,871,18,11,7,138539.41
TXN003185,C0657,19728.05,Credit Card,2026-03-17 18:52:57.677767,Success,,780,9,3,6,74829.82
TXN003186,C1424,6549.98,UPI,2026-03-17 19:27:14.203420,Failed,Insufficient Balance,713,15,13,2,29478.77
TXN003187,C1932,17746.05,UPI,2026-03-17 20:01:30.729072,Success,,806,5,1,4,114780.97
TXN003188,C1672,5449.88,Net Banking,2026-03-17 20:35:47.254725,Success,,191,8,6,2,19273.5
TXN003189,C0980,1104.22,UPI,2026-03-17 21:10:03.780378,Failed,Card Declined,16,7,7,0,63042.18
TXN003190,C0515,5108.3,Debit Card,2026-03-17 21:44:20.306030,Failed,Technical Error,674,21,14,7,94417.85
TXN003191,C1680,4547.86,Credit Card,2026-03-17 22:18:36.831683,Success,,417,15,15,0,103932.5
TXN003192,C1566,8509.93,Debit Card,2026-03-17 22:52:53.357335,Success,,308,7,4,3,110087.64
TXN003193,C0237,10519.39,Credit Card,2026-03-17 23:27:09.882988,Success,,271,23,17,6,29433.09
TXN003194,C1303,12762.62,UPI,2026-03-18 00:01:26.408640,Failed,Network Error,408,25,18,7,147256.56
TXN003195,C0348,11971.17,UPI,2026-03-18 00:35:42.934293,Success,,600,21,0,21,27173.58
TXN003196,C0627,6839.8,Net Banking,2026-03-18 01:09:59.459945,Success,,561,17,12,5,14862.97
TXN003197,C1128,826.35,Credit Card,2026-03-18 01:44:15.985598,Success,,484,4,4,0,99775.54
TXN003198,C0630,15167.03,UPI,2026-03-18 02:18:32.511251,Success,,198,19,3,16,136545.0
TXN003199,C1541,9954.05,Wallet,2026-03-18 02:52:49.036903,Failed,Insufficient Balance,900,11,1,10,84127.87
TXN003200,C1896,7536.94,Debit Card,2026-03-18 03:27:05.562556,Success,,286,5,3,2,89524.62
TXN003201,C1272,21686.83,UPI,2026-03-18 04:01:22.088208,Success,,771,1,1,0,81003.47
TXN003202,C0364,18693.91,Wallet,2026-03-18 04:35:38.613861,Success,,835,3,1,2,6890.86
TXN003203,C0321,21458.36,Debit Card,2026-03-18 05:09:55.139513,Success,,630,15,3,12,102356.08
TXN003204,C1657,12425.07,UPI,2026-03-18 05:44:11.665166,Success,,519,28,4,24,54050.77
TXN003205,C0286,3360.19,UPI,2026-03-18 06:18:28.190819,Failed,Card Declined,105,23,18,5,140383.23
TXN003206,C0149,17435.91,Debit Card,2026-03-18 06:52:44.716471,Abandoned,Checkout Abandoned,41,13,8,5,28425.11
TXN003207,C1108,5231.24,Debit Card,2026-03-18 07:27:01.242124,Success,,277,16,6,10,45666.31
TXN003208,C1990,11086.62,UPI,2026-03-18 08:01:17.767776,Success,,757,18,6,12,75975.78
TXN003209,C0406,1718.52,UPI,2026-03-18 08:35:34.293429,Abandoned,Checkout Abandoned,402,30,11,19,71864.58
TXN003210,C0978,20650.18,UPI,2026-03-18 09:09:50.819081,Success,,541,3,1,2,60345.56
TXN003211,C0456,3235.92,Credit Card,2026-03-18 09:44:07.344734,Abandoned,Checkout Abandoned,408,17,12,5,47503.24
TXN003212,C1767,22587.13,UPI,2026-03-18 10:18:23.870387,Success,,726,11,6,5,22504.12
TXN003213,C0800,21619.34,UPI,2026-03-18 10:52:40.396039,Success,,247,1,0,1,123227.82
TXN003214,C1185,11668.11,Debit Card,2026-03-18 11:26:56.921692,Success,,542,5,5,0,67591.08
TXN003215,C1013,18634.77,Debit Card,2026-03-18 12:01:13.447344,Failed,Network Error,822,5,0,5,86157.01
TXN003216,C0784,15524.18,Credit Card,2026-03-18 12:35:29.972997,Failed,Bank Timeout,738,2,2,0,82209.65
TXN003217,C0460,20096.58,UPI,2026-03-18 13:09:46.498649,Success,,642,7,7,0,86535.6
TXN003218,C1574,10851.95,UPI,2026-03-18 13:44:03.024302,Success,,817,11,10,1,105873.64
TXN003219,C1524,19666.63,UPI,2026-03-18 14:18:19.549954,Success,,359,2,1,1,94592.46
TXN003220,C0738,11615.17,Wallet,2026-03-18 14:52:36.075607,Success,,360,1,0,1,41448.49
TXN003221,C0509,23530.05,Debit Card,2026-03-18 15:26:52.601260,Success,,783,20,3,17,83279.63
TXN003222,C1678,12210.67,UPI,2026-03-18 16:01:09.126912,Success,,776,28,24,4,37054.68
TXN003223,C1828,11619.22,UPI,2026-03-18 16:35:25.652565,Success,,20,22,0,22,88531.05
TXN003224,C0481,19648.29,Credit Card,2026-03-18 17:09:42.178217,Success,,73,0,0,0,65074.23
TXN003225,C1687,20557.28,Credit Card,2026-03-18 17:43:58.703870,Success,,131,17,11,6,6393.05
TXN003226,C0114,13906.78,Credit Card,2026-03-18 18:18:15.229522,Success,,196,17,3,14,110230.86
TXN003227,C0749,4576.97,Net Banking,2026-03-18 18:52:31.755175,Success,,401,7,4,3,41562.63
TXN003228,C1602,11747.18,Debit Card,2026-03-18 19:26:48.280828,Abandoned,Checkout Abandoned,209,25,5,20,138069.06
TXN003229,C0361,24205.01,Credit Card,2026-03-18 20:01:04.806480,Success,,64,21,13,8,42443.31
TXN003230,C0341,18849.36,Net Banking,2026-03-18 20:35:21.332133,Success,,391,13,12,1,149495.1
TXN003231,C0770,20297.95,Debit Card,2026-03-18 21:09:37.857785,Success,,304,28,0,28,69711.2
TXN003232,C0761,917.35,Debit Card,2026-03-18 21:43:54.383438,Abandoned,Checkout Abandoned,64,12,7,5,4447.89
TXN003233,C0969,11749.7,Wallet,2026-03-18 22:18:10.909090,Success,,853,14,14,0,11902.21
TXN003234,C0449,16200.87,UPI,2026-03-18 22:52:27.434743,Success,,652,14,11,3,12772.16
TXN003235,C1867,20767.81,UPI,2026-03-18 23:26:43.960396,Abandoned,Checkout Abandoned,436,12,10,2,8904.06
TXN003236,C0835,1326.91,Net Banking,2026-03-19 00:01:00.486048,Success,,89,3,2,1,40534.52
TXN003237,C1204,21325.73,Debit Card,2026-03-19 00:35:17.011701,Success,,649,3,2,1,49026.03
TXN003238,C1726,13755.18,Wallet,2026-03-19 01:09:33.537353,Success,,498,4,0,4,17137.24
TXN003239,C1431,5013.12,UPI,2026-03-19 01:43:50.063006,Failed,Card Declined,740,2,2,0,66000.66
TXN003240,C1690,7999.65,Credit Card,2026-03-19 02:18:06.588658,Success,,281,11,10,1,55119.95
TXN003241,C1220,7120.05,UPI,2026-03-19 02:52:23.114311,Success,,270,29,22,7,95630.44
TXN003242,C1490,13318.39,Credit Card,2026-03-19 03:26:39.639963,Success,,260,19,7,12,29781.75
TXN003243,C0311,1386.97,UPI,2026-03-19 04:00:56.165616,Success,,305,11,3,8,137140.83
TXN003244,C0262,4047.55,UPI,2026-03-19 04:35:12.691269,Abandoned,Checkout Abandoned,844,19,9,10,77640.62
TXN003245,C1443,20336.06,UPI,2026-03-19 05:09:29.216921,Success,,748,6,3,3,93748.09
TXN003246,C0406,3401.84,Credit Card,2026-03-19 05:43:45.742574,Success,,182,6,1,5,6408.29
TXN003247,C1963,5911.57,UPI,2026-03-19 06:18:02.268226,Abandoned,Checkout Abandoned,262,0,0,0,84083.76
TXN003248,C0143,11388.93,UPI,2026-03-19 06:52:18.793879,Success,,545,11,7,4,55530.98
TXN003249,C0342,12976.31,UPI,2026-03-19 07:26:35.319531,Success,,498,2,1,1,138663.72
TXN003250,C1340,19113.9,UPI,2026-03-19 08:00:51.845184,Success,,806,14,3,11,132903.68
TXN003251,C1125,11238.58,Wallet,2026-03-19 08:35:08.370837,Success,,135,8,3,5,95828.48
TXN003252,C0244,19767.63,UPI,2026-03-19 09:09:24.896489,Success,,777,21,2,19,115293.78
TXN003253,C0490,15496.82,UPI,2026-03-19 09:43:41.422142,Success,,448,21,2,19,96866.68
TXN003254,C0012,2916.18,Net Banking,2026-03-19 10:17:57.947794,Success,,298,19,3,16,3036.73
TXN003255,C1263,3992.65,Credit Card,2026-03-19 10:52:14.473447,Success,,188,25,11,14,105617.42
TXN003256,C0561,10982.14,Debit Card,2026-03-19 11:26:30.999099,Success,,89,8,1,7,26975.07
TXN003257,C0042,9982.55,Credit Card,2026-03-19 12:00:47.524752,Success,,106,30,27,3,102544.36
TXN003258,C0678,18614.25,Wallet,2026-03-19 12:35:04.050405,Success,,723,13,2,11,2070.76
TXN003259,C0594,14560.35,UPI,2026-03-19 13:09:20.576057,Success,,39,27,10,17,46980.57
TXN003260,C1453,9764.51,Wallet,2026-03-19 13:43:37.101710,Success,,582,2,1,1,77780.73
TXN003261,C1827,4351.93,Net Banking,2026-03-19 14:17:53.627362,Abandoned,Checkout Abandoned,453,7,5,2,50309.0
TXN003262,C1182,5748.24,Credit Card,2026-03-19 14:52:10.153015,Abandoned,Checkout Abandoned,684,28,10,18,104251.09
TXN003263,C1240,14429.98,Debit Card,2026-03-19 15:26:26.678667,Success,,272,5,5,0,78645.08
TXN003264,C1694,10643.63,Credit Card,2026-03-19 16:00:43.204320,Abandoned,Checkout Abandoned,399,11,5,6,143970.27
TXN003265,C1486,12921.69,UPI,2026-03-19 16:34:59.729972,Abandoned,Checkout Abandoned,664,1,0,1,53992.96
TXN003266,C0134,4349.87,UPI,2026-03-19 17:09:16.255625,Success,,873,2,2,0,108417.97
TXN003267,C1091,16606.37,Wallet,2026-03-19 17:43:32.781278,Success,,75,13,1,12,125458.33
TXN003268,C1872,21328.21,Credit Card,2026-03-19 18:17:49.306930,Abandoned,Checkout Abandoned,745,16,8,8,38415.86
TXN003269,C1031,6522.69,UPI,2026-03-19 18:52:05.832583,Success,,741,2,0,2,113242.66
TXN003270,C0948,12338.7,Debit Card,2026-03-19 19:26:22.358235,Success,,862,3,0,3,59300.44
TXN003271,C1550,24390.63,Credit Card,2026-03-19 20:00:38.883888,Success,,794,14,8,6,19744.71
TXN003272,C0073,8397.72,UPI,2026-03-19 20:34:55.409540,Success,,540,29,4,25,1045.24
TXN003273,C0399,14916.65,Debit Card,2026-03-19 21:09:11.935193,Success,,279,21,20,1,111691.75
TXN003274,C1429,2345.87,Debit Card,2026-03-19 21:43:28.460846,Success,,58,25,12,13,28343.49
TXN003275,C1699,15189.77,UPI,2026-03-19 22:17:44.986498,Success,,828,29,10,19,8153.45
TXN003276,C0578,2331.83,Wallet,2026-03-19 22:52:01.512151,Success,,43,6,2,4,74832.76
TXN003277,C0859,23984.96,UPI,2026-03-19 23:26:18.037803,Failed,Insufficient Balance,249,18,11,7,52331.36
TXN003278,C0130,17920.0,Credit Card,2026-03-20 00:00:34.563456,Success,,605,13,2,11,103925.1
TXN003279,C0931,19725.18,UPI,2026-03-20 00:34:51.089108,Success,,697,15,12,3,16550.96
TXN003280,C1490,17632.2,Credit Card,2026-03-20 01:09:07.614761,Success,,844,26,25,1,20331.65
TXN003281,C1230,14784.25,UPI,2026-03-20 01:43:24.140414,Success,,323,12,8,4,60914.1
TXN003282,C1812,11302.83,UPI,2026-03-20 02:17:40.666066,Abandoned,Checkout Abandoned,855,22,3,19,78301.02
TXN003283,C1792,21473.5,Net Banking,2026-03-20 02:51:57.191719,Success,,158,28,6,22,123716.99
TXN003284,C0266,23925.21,UPI,2026-03-20 03:26:13.717371,Success,,804,19,4,15,88050.97
TXN003285,C1561,12526.0,Debit Card,2026-03-20 04:00:30.243024,Success,,464,16,6,10,135438.32
TXN003286,C1986,23295.22,Credit Card,2026-03-20 04:34:46.768676,Success,,166,16,7,9,33056.29
TXN003287,C0793,14624.99,Wallet,2026-03-20 05:09:03.294329,Success,,241,23,13,10,89634.82
TXN003288,C0253,13505.77,Credit Card,2026-03-20 05:43:19.819981,Success,,216,9,7,2,98458.14
TXN003289,C0822,11416.62,UPI,2026-03-20 06:17:36.345634,Success,,181,6,1,5,109007.86
TXN003290,C1313,5311.27,UPI,2026-03-20 06:51:52.871287,Success,,421,19,5,14,148303.28
TXN003291,C0164,192.62,Net Banking,2026-03-20 07:26:09.396939,Abandoned,Checkout Abandoned,175,16,4,12,70471.06
TXN003292,C0095,6113.51,Net Banking,2026-03-20 08:00:25.922592,Success,,792,21,14,7,55713.28
TXN003293,C1806,12792.11,UPI,2026-03-20 08:34:42.448244,Success,,536,26,15,11,127904.9
TXN003294,C0833,9561.0,Credit Card,2026-03-20 09:08:58.973897,Failed,Card Declined,514,11,10,1,26930.24
TXN003295,C1134,11267.28,Credit Card,2026-03-20 09:43:15.499549,Failed,Card Declined,553,10,1,9,6035.7
TXN003296,C0336,24518.14,Wallet,2026-03-20 10:17:32.025202,Success,,561,9,7,2,66816.56
TXN003297,C0822,8821.78,Wallet,2026-03-20 10:51:48.550855,Abandoned,Checkout Abandoned,85,22,20,2,37457.28
TXN003298,C0238,11359.36,Wallet,2026-03-20 11:26:05.076507,Success,,221,21,21,0,59780.55
TXN003299,C0381,3424.54,Net Banking,2026-03-20 12:00:21.602160,Success,,612,27,23,4,147919.46
TXN003300,C1460,1294.15,Net Banking,2026-03-20 12:34:38.127812,Success,,779,21,12,9,52598.99
TXN003301,C0899,19407.7,UPI,2026-03-20 13:08:54.653465,Success,,754,7,0,7,106340.87
TXN003302,C0483,14310.01,Net Banking,2026-03-20 13:43:11.179117,Success,,31,29,14,15,37935.1
TXN003303,C1961,19041.55,Debit Card,2026-03-20 14:17:27.704770,Success,,163,14,8,6,45861.73
TXN003304,C0902,3831.58,Wallet,2026-03-20 14:51:44.230423,Success,,433,21,13,8,36851.7
TXN003305,C1049,14338.54,Credit Card,2026-03-20 15:26:00.756075,Failed,Card Declined,657,17,12,5,86038.05
TXN003306,C1677,6415.7,UPI,2026-03-20 16:00:17.281728,Success,,301,22,20,2,34303.23
TXN003307,C1141,5778.74,Credit Card,2026-03-20 16:34:33.807380,Success,,419,12,11,1,107895.43
TXN003308,C0482,387.0,Debit Card,2026-03-20 17:08:50.333033,Success,,622,25,6,19,102200.99
TXN003309,C1416,3345.48,UPI,2026-03-20 17:43:06.858685,Success,,602,15,7,8,63479.82
TXN003310,C0917,7800.78,UPI,2026-03-20 18:17:23.384338,Failed,Technical Error,130,29,6,23,4323.76
TXN003311,C0994,3010.28,Credit Card,2026-03-20 18:51:39.909990,Success,,520,12,2,10,3886.34
TXN003312,C0964,24647.88,UPI,2026-03-20 19:25:56.435643,Success,,656,3,2,1,80154.62
TXN003313,C0537,7784.95,UPI,2026-03-20 20:00:12.961296,Success,,521,10,6,4,125960.22
TXN003314,C1103,3345.07,UPI,2026-03-20 20:34:29.486948,Success,,394,26,16,10,90031.61
TXN003315,C1604,5057.15,Wallet,2026-03-20 21:08:46.012601,Success,,740,18,17,1,65629.74
TXN003316,C1197,14733.81,Debit Card,2026-03-20 21:43:02.538253,Success,,243,7,2,5,132376.77
TXN003317,C1980,1694.68,UPI,2026-03-20 22:17:19.063906,Success,,227,9,8,1,29950.82
TXN003318,C1036,21574.61,Debit Card,2026-03-20 22:51:35.589558,Failed,Bank Timeout,425,11,2,9,54233.95
TXN003319,C1824,24041.34,Debit Card,2026-03-20 23:25:52.115211,Success,,471,27,23,4,85013.76
TXN003320,C0128,6244.01,UPI,2026-03-21 00:00:08.640864,Abandoned,Checkout Abandoned,348,20,6,14,44104.59
TXN003321,C1632,11307.37,UPI,2026-03-21 00:34:25.166516,Success,,786,19,9,10,149658.02
TXN003322,C0092,651.15,Credit Card,2026-03-21 01:08:41.692169,Success,,756,10,6,4,68121.98
TXN003323,C1677,16053.68,Credit Card,2026-03-21 01:42:58.217821,Success,,580,19,10,9,8232.47
TXN003324,C0543,10406.76,Debit Card,2026-03-21 02:17:14.743474,Success,,586,20,2,18,26824.47
TXN003325,C0846,6824.46,UPI,2026-03-21 02:51:31.269126,Failed,Insufficient Balance,255,27,26,1,80105.89
TXN003326,C1556,5250.24,UPI,2026-03-21 03:25:47.794779,Failed,Insufficient Balance,158,3,0,3,82733.4
TXN003327,C1682,16385.17,Wallet,2026-03-21 04:00:04.320432,Success,,413,18,8,10,147629.57
TXN003328,C0989,10463.8,UPI,2026-03-21 04:34:20.846084,Success,,698,19,3,16,90194.98
TXN003329,C1852,4573.52,Debit Card,2026-03-21 05:08:37.371737,Abandoned,Checkout Abandoned,512,9,7,2,100160.78
TXN003330,C0447,17258.82,UPI,2026-03-21 05:42:53.897389,Success,,393,14,13,1,32451.55
TXN003331,C0390,14170.3,UPI,2026-03-21 06:17:10.423042,Failed,Insufficient Balance,42,12,7,5,16476.3
TXN003332,C0672,21480.93,UPI,2026-03-21 06:51:26.948694,Abandoned,Checkout Abandoned,411,12,9,3,90500.5
TXN003333,C1885,3025.15,UPI,2026-03-21 07:25:43.474347,Success,,434,20,11,9,129799.56
TXN003334,C0043,19663.1,UPI,2026-03-21 08:00:00.000000,Failed,Network Error,666,27,7,20,88312.26
TXN003335,C0254,16870.57,UPI,2026-03-21 08:34:16.525652,Success,,897,17,14,3,66696.09
TXN003336,C1154,2963.77,Credit Card,2026-03-21 09:08:33.051305,Success,,278,6,3,3,86941.89
TXN003337,C1084,17401.04,Debit Card,2026-03-21 09:42:49.576957,Success,,762,29,13,16,70581.35
TXN003338,C0663,11094.53,UPI,2026-03-21 10:17:06.102610,Success,,308,13,4,9,21711.3
TXN003339,C0467,23630.12,Net Banking,2026-03-21 10:51:22.628262,Success,,122,4,0,4,111307.07
TXN003340,C0287,3626.12,UPI,2026-03-21 11:25:39.153915,Failed,Insufficient Balance,850,8,3,5,80189.21
TXN003341,C1011,16106.55,UPI,2026-03-21 11:59:55.679567,Success,,513,29,10,19,60198.77
TXN003342,C1541,9611.3,Debit Card,2026-03-21 12:34:12.205220,Success,,330,21,21,0,84165.96
TXN003343,C1491,23924.69,Credit Card,2026-03-21 13:08:28.730873,Success,,49,26,14,12,36563.43
TXN003344,C1954,8316.37,Credit Card,2026-03-21 13:42:45.256525,Success,,683,16,12,4,64479.68
TXN003345,C0778,24058.43,UPI,2026-03-21 14:17:01.782178,Success,,557,24,3,21,93555.56
TXN003346,C0345,22547.0,Net Banking,2026-03-21 14:51:18.307830,Success,,374,4,4,0,34315.94
TXN003347,C0642,6832.54,Credit Card,2026-03-21 15:25:34.833483,Success,,215,30,25,5,112474.77
TXN003348,C0382,20108.19,UPI,2026-03-21 15:59:51.359135,Success,,895,15,12,3,78391.13
TXN003349,C1803,24890.54,UPI,2026-03-21 16:34:07.884788,Failed,Insufficient Balance,244,30,10,20,129325.15
TXN003350,C0690,6391.31,Net Banking,2026-03-21 17:08:24.410441,Success,,116,8,4,4,127161.87
TXN003351,C1277,10975.75,Credit Card,2026-03-21 17:42:40.936093,Success,,606,16,13,3,74430.3
TXN003352,C1951,13052.5,UPI,2026-03-21 18:16:57.461746,Abandoned,Checkout Abandoned,101,29,21,8,29722.11
TXN003353,C1080,7443.79,UPI,2026-03-21 18:51:13.987398,Failed,Bank Timeout,745,17,2,15,110627.95
TXN003354,C1487,480.09,UPI,2026-03-21 19:25:30.513051,Success,,423,2,1,1,63092.38
TXN003355,C0457,5581.22,Credit Card,2026-03-21 19:59:47.038703,Success,,49,27,2,25,89396.81
TXN003356,C0983,7120.23,Net Banking,2026-03-21 20:34:03.564356,Failed,Network Error,405,4,1,3,16536.16
TXN003357,C0083,11145.63,UPI,2026-03-21 21:08:20.090009,Success,,614,29,7,22,94921.81
TXN003358,C1929,4360.45,UPI,2026-03-21 21:42:36.615661,Failed,Network Error,483,21,20,1,56345.8
TXN003359,C1123,21844.03,Net Banking,2026-03-21 22:16:53.141314,Success,,793,20,16,4,50461.37
TXN003360,C0149,17652.29,Credit Card,2026-03-21 22:51:09.666966,Success,,475,16,0,16,146997.38
TXN003361,C1353,2221.49,Credit Card,2026-03-21 23:25:26.192619,Success,,874,19,6,13,65148.38
TXN003362,C1180,16287.3,UPI,2026-03-21 23:59:42.718271,Success,,315,21,17,4,101866.74
TXN003363,C0190,16376.05,Credit Card,2026-03-22 00:33:59.243924,Success,,755,3,0,3,94345.27
TXN003364,C1518,23909.91,Credit Card,2026-03-22 01:08:15.769576,Success,,52,3,3,0,16093.38
TXN003365,C0883,175.22,UPI,2026-03-22 01:42:32.295229,Success,,864,20,9,11,112315.17
TXN003366,C0263,6273.52,Wallet,2026-03-22 02:16:48.820882,Abandoned,Checkout Abandoned,142,23,4,19,48812.3
TXN003367,C1104,23202.01,Net Banking,2026-03-22 02:51:05.346534,Success,,586,20,7,13,119941.46
TXN003368,C0400,23310.13,Debit Card,2026-03-22 03:25:21.872187,Success,,360,6,1,5,91342.3
TXN003369,C0764,18042.6,Credit Card,2026-03-22 03:59:38.397839,Failed,Card Declined,603,7,0,7,47905.18
TXN003370,C0609,19167.51,Credit Card,2026-03-22 04:33:54.923492,Success,,158,21,12,9,53765.8
TXN003371,C1284,2377.93,UPI,2026-03-22 05:08:11.449144,Success,,80,21,16,5,109860.35
TXN003372,C1796,12895.51,UPI,2026-03-22 05:42:27.974797,Success,,330,30,24,6,82733.87
TXN003373,C1639,5866.42,Debit Card,2026-03-22 06:16:44.500450,Success,,800,30,20,10,100418.48
TXN003374,C1576,4612.33,Credit Card,2026-03-22 06:51:01.026102,Success,,612,29,3,26,24168.59
TXN003375,C0785,20276.55,Net Banking,2026-03-22 07:25:17.551755,Abandoned,Checkout Abandoned,453,1,1,0,118153.01
TXN003376,C0101,3462.45,UPI,2026-03-22 07:59:34.077407,Success,,776,28,20,8,48398.5
TXN003377,C1383,11769.43,Credit Card,2026-03-22 08:33:50.603060,Success,,171,28,24,4,93169.26
TXN003378,C1404,23470.6,Credit Card,2026-03-22 09:08:07.128712,Success,,834,9,7,2,17644.63
TXN003379,C0820,4727.22,Credit Card,2026-03-22 09:42:23.654365,Success,,793,4,1,3,48552.33
TXN003380,C1245,24452.04,Net Banking,2026-03-22 10:16:40.180018,Failed,Technical Error,369,16,12,4,97505.66
TXN003381,C0820,24857.77,Wallet,2026-03-22 10:50:56.705670,Success,,467,24,11,13,41493.82
TXN003382,C0420,13934.87,UPI,2026-03-22 11:25:13.231323,Success,,861,6,4,2,132106.67
TXN003383,C0124,4336.55,UPI,2026-03-22 11:59:29.756975,Success,,697,1,0,1,99353.65
TXN003384,C0422,7971.01,UPI,2026-03-22 12:33:46.282628,Success,,802,5,2,3,130606.62
TXN003385,C1255,10669.87,Debit Card,2026-03-22 13:08:02.808280,Success,,205,9,9,0,59610.91
TXN003386,C1714,7802.17,UPI,2026-03-22 13:42:19.333933,Success,,169,8,4,4,5580.78
TXN003387,C1087,7087.83,Debit Card,2026-03-22 14:16:35.859585,Success,,515,27,0,27,86632.92
TXN003388,C1509,24308.52,UPI,2026-03-22 14:50:52.385238,Abandoned,Checkout Abandoned,822,4,0,4,51209.43
TXN003389,C1652,3918.78,Credit Card,2026-03-22 15:25:08.910891,Success,,101,2,2,0,67504.16
TXN003390,C1727,18359.86,Debit Card,2026-03-22 15:59:25.436543,Success,,689,10,0,10,102325.98
TXN003391,C1598,110.22,Credit Card,2026-03-22 16:33:41.962196,Success,,662,9,4,5,105249.37
TXN003392,C0768,14944.95,Credit Card,2026-03-22 17:07:58.487848,Success,,270,15,9,6,4619.68
TXN003393,C0483,22906.98,UPI,2026-03-22 17:42:15.013501,Success,,154,26,18,8,115510.75
TXN003394,C0519,7269.56,UPI,2026-03-22 18:16:31.539153,Failed,Network Error,248,19,5,14,74281.08
TXN003395,C0155,4719.6,Credit Card,2026-03-22 18:50:48.064806,Success,,80,18,6,12,83726.47
TXN003396,C0092,16326.83,Credit Card,2026-03-22 19:25:04.590459,Success,,484,0,0,0,45050.13
TXN003397,C0982,17843.78,Net Banking,2026-03-22 19:59:21.116111,Abandoned,Checkout Abandoned,708,25,10,15,63414.65
TXN003398,C1550,17231.96,Net Banking,2026-03-22 20:33:37.641764,Success,,556,29,15,14,106701.08
TXN003399,C0455,8050.99,Net Banking,2026-03-22 21:07:54.167416,Success,,705,10,3,7,116618.71
TXN003400,C1765,6379.84,UPI,2026-03-22 21:42:10.693069,Success,,665,28,3,25,58372.37
TXN003401,C0598,23902.38,Debit Card,2026-03-22 22:16:27.218721,Success,,317,14,1,13,103822.07
TXN003402,C1669,23090.16,UPI,2026-03-22 22:50:43.744374,Success,,676,6,1,5,39077.5
TXN003403,C0510,11487.18,UPI,2026-03-22 23:25:00.270027,Success,,408,7,6,1,124887.39
TXN003404,C1207,21170.23,UPI,2026-03-22 23:59:16.795679,Success,,711,15,10,5,91667.23
TXN003405,C0386,11362.85,UPI,2026-03-23 00:33:33.321332,Success,,783,17,4,13,116390.38
TXN003406,C1598,10667.29,UPI,2026-03-23 01:07:49.846984,Failed,Network Error,112,23,20,3,71834.65
TXN003407,C1755,4003.4,Credit Card,2026-03-23 01:42:06.372637,Success,,289,27,27,0,34751.84
TXN003408,C0405,10717.51,Wallet,2026-03-23 02:16:22.898289,Success,,764,24,17,7,64670.05
TXN003409,C0246,13481.68,UPI,2026-03-23 02:50:39.423942,Success,,608,22,6,16,57532.07
TXN003410,C0742,660.36,Net Banking,2026-03-23 03:24:55.949594,Success,,142,10,1,9,50241.12
TXN003411,C1615,11158.41,UPI,2026-03-23 03:59:12.475247,Success,,720,0,0,0,32219.98
TXN003412,C0661,19555.77,UPI,2026-03-23 04:33:29.000900,Success,,95,15,12,3,113995.49
TXN003413,C0650,17033.15,Credit Card,2026-03-23 05:07:45.526552,Success,,614,3,3,0,13409.57
TXN003414,C1495,15915.41,Debit Card,2026-03-23 05:42:02.052205,Success,,190,22,4,18,133190.36
TXN003415,C1850,22747.93,UPI,2026-03-23 06:16:18.577857,Failed,Bank Timeout,680,5,4,1,26666.2
TXN003416,C1912,549.0,UPI,2026-03-23 06:50:35.103510,Success,,44,10,2,8,146991.11
TXN003417,C1447,13970.48,Credit Card,2026-03-23 07:24:51.629162,Abandoned,Checkout Abandoned,515,29,1,28,148275.97
TXN003418,C0901,19704.99,UPI,2026-03-23 07:59:08.154815,Failed,Insufficient Balance,619,23,18,5,60058.86
TXN003419,C0065,13579.25,Debit Card,2026-03-23 08:33:24.680468,Success,,668,5,2,3,148179.25
TXN003420,C1037,8165.0,Credit Card,2026-03-23 09:07:41.206120,Success,,43,9,4,5,130425.74
TXN003421,C0213,3492.64,UPI,2026-03-23 09:41:57.731773,Success,,487,5,3,2,12823.33
TXN003422,C0242,22200.32,Net Banking,2026-03-23 10:16:14.257425,Success,,732,9,5,4,142125.62
TXN003423,C0493,11821.98,UPI,2026-03-23 10:50:30.783078,Success,,475,21,19,2,6855.9
TXN003424,C1237,21965.07,Debit Card,2026-03-23 11:24:47.308730,Success,,394,22,6,16,27696.19
TXN003425,C1717,14687.72,Debit Card,2026-03-23 11:59:03.834383,Success,,690,4,1,3,87897.03
TXN003426,C0338,16887.38,Wallet,2026-03-23 12:33:20.360036,Success,,131,27,21,6,12570.21
TXN003427,C0173,20126.1,Credit Card,2026-03-23 13:07:36.885688,Abandoned,Checkout Abandoned,318,26,13,13,24678.3
TXN003428,C0672,16512.97,Credit Card,2026-03-23 13:41:53.411341,Success,,217,8,8,0,143047.02
TXN003429,C0164,10011.57,UPI,2026-03-23 14:16:09.936993,Success,,135,6,1,5,149205.84
TXN003430,C0465,12889.47,Debit Card,2026-03-23 14:50:26.462646,Success,,514,16,4,12,119821.41
TXN003431,C0995,20095.83,Credit Card,2026-03-23 15:24:42.988298,Failed,Network Error,713,26,19,7,77523.8
TXN003432,C0497,9403.89,UPI,2026-03-23 15:58:59.513951,Success,,71,11,8,3,135094.99
TXN003433,C0700,9764.22,Net Banking,2026-03-23 16:33:16.039603,Failed,Network Error,64,27,21,6,17228.87
TXN003434,C0395,2482.68,UPI,2026-03-23 17:07:32.565256,Failed,Technical Error,357,29,11,18,141462.33
TXN003435,C0703,22873.15,Net Banking,2026-03-23 17:41:49.090909,Failed,Bank Timeout,383,24,3,21,53057.16
TXN003436,C1941,2366.8,Net Banking,2026-03-23 18:16:05.616561,Success,,532,10,0,10,129292.66
TXN003437,C0308,16240.41,Credit Card,2026-03-23 18:50:22.142214,Success,,249,5,0,5,100421.82
TXN003438,C1792,10388.54,Credit Card,2026-03-23 19:24:38.667866,Success,,829,26,9,17,144061.01
TXN003439,C0183,10199.92,UPI,2026-03-23 19:58:55.193519,Success,,233,23,2,21,129769.35
TXN003440,C0629,17020.84,Wallet,2026-03-23 20:33:11.719171,Success,,547,24,21,3,133240.72
TXN003441,C1818,1770.63,UPI,2026-03-23 21:07:28.244824,Success,,851,10,0,10,94947.28
TXN003442,C0510,14883.27,Credit Card,2026-03-23 21:41:44.770477,Success,,864,10,5,5,125057.2
TXN003443,C1732,19323.59,Debit Card,2026-03-23 22:16:01.296129,Success,,57,13,2,11,113691.11
TXN003444,C0546,20722.5,Wallet,2026-03-23 22:50:17.821782,Success,,822,15,2,13,24662.66
TXN003445,C1588,4346.21,Debit Card,2026-03-23 23:24:34.347434,Success,,496,1,0,1,97465.24
TXN003446,C0624,22445.73,Credit Card,2026-03-23 23:58:50.873087,Failed,Technical Error,810,1,0,1,22652.24
TXN003447,C1788,16438.04,UPI,2026-03-24 00:33:07.398739,Success,,599,4,2,2,130483.69
TXN003448,C0594,22058.18,UPI,2026-03-24 01:07:23.924392,Success,,530,13,8,5,10359.5
TXN003449,C0744,12183.49,UPI,2026-03-24 01:41:40.450045,Success,,343,20,11,9,148063.48
TXN003450,C1251,13596.63,Net Banking,2026-03-24 02:15:56.975697,Abandoned,Checkout Abandoned,749,27,13,14,60393.69
TXN003451,C1769,22984.05,Debit Card,2026-03-24 02:50:13.501350,Failed,Network Error,256,9,0,9,26009.09
TXN003452,C1757,22507.75,Debit Card,2026-03-24 03:24:30.027002,Success,,114,9,8,1,140383.41
TXN003453,C1460,11259.21,Debit Card,2026-03-24 03:58:46.552655,Success,,523,17,12,5,7291.18
TXN003454,C1949,6932.87,Credit Card,2026-03-24 04:33:03.078307,Success,,518,25,20,5,70780.79
TXN003455,C1446,9889.94,UPI,2026-03-24 05:07:19.603960,Success,,897,19,1,18,115648.96
TXN003456,C0554,9755.33,UPI,2026-03-24 05:41:36.129612,Failed,Network Error,468,8,2,6,47854.2
TXN003457,C0021,7242.99,UPI,2026-03-24 06:15:52.655265,Success,,381,3,2,1,79560.78
TXN003458,C0554,6787.63,Debit Card,2026-03-24 06:50:09.180918,Success,,791,16,4,12,105211.75
TXN003459,C0397,21540.47,UPI,2026-03-24 07:24:25.706570,Success,,685,20,1,19,142820.47
TXN003460,C0625,1839.56,Debit Card,2026-03-24 07:58:42.232223,Failed,Bank Timeout,44,1,1,0,15854.04
TXN003461,C0105,16972.52,Debit Card,2026-03-24 08:32:58.757875,Success,,585,13,11,2,24005.39
TXN003462,C0192,4403.22,Credit Card,2026-03-24 09:07:15.283528,Failed,Card Declined,627,21,12,9,76576.2
TXN003463,C0017,8678.2,UPI,2026-03-24 09:41:31.809180,Success,,253,0,0,0,63062.01
TXN003464,C1144,1632.42,UPI,2026-03-24 10:15:48.334833,Success,,418,22,13,9,61914.03
TXN003465,C0393,6822.34,UPI,2026-03-24 10:50:04.860486,Success,,874,6,3,3,44895.74
TXN003466,C0425,19233.68,Debit Card,2026-03-24 11:24:21.386138,Success,,530,30,2,28,84322.38
TXN003467,C0129,22136.88,UPI,2026-03-24 11:58:37.911791,Failed,Card Declined,214,3,3,0,132551.61
TXN003468,C1154,5616.03,Net Banking,2026-03-24 12:32:54.437443,Failed,Network Error,564,8,5,3,24558.19
TXN003469,C0572,11642.34,Debit Card,2026-03-24 13:07:10.963096,Success,,787,2,1,1,32685.31
TXN003470,C1584,11811.07,UPI,2026-03-24 13:41:27.488748,Success,,706,4,1,3,100788.11
TXN003471,C0029,21852.03,Debit Card,2026-03-24 14:15:44.014401,Success,,554,20,16,4,8901.55
TXN003472,C1121,19093.7,Debit Card,2026-03-24 14:50:00.540054,Success,,502,23,6,17,101227.75
TXN003473,C1034,12875.62,Debit Card,2026-03-24 15:24:17.065706,Success,,575,9,5,4,47511.19
TXN003474,C0242,16801.61,UPI,2026-03-24 15:58:33.591359,Success,,753,9,5,4,53999.16
TXN003475,C1850,21199.14,UPI,2026-03-24 16:32:50.117011,Failed,Network Error,278,3,0,3,61129.63
TXN003476,C1980,337.52,UPI,2026-03-24 17:07:06.642664,Success,,161,16,15,1,52763.34
TXN003477,C0232,10131.96,UPI,2026-03-24 17:41:23.168316,Success,,71,26,2,24,126260.84
TXN003478,C0789,22690.35,Debit Card,2026-03-24 18:15:39.693969,Failed,Technical Error,177,20,13,7,141937.23
TXN003479,C1308,18533.79,Debit Card,2026-03-24 18:49:56.219621,Success,,393,16,5,11,82427.72
TXN003480,C0715,13616.75,Wallet,2026-03-24 19:24:12.745274,Success,,836,18,16,2,87490.84
TXN003481,C0759,13288.15,UPI,2026-03-24 19:58:29.270927,Success,,321,5,1,4,11037.22
TXN003482,C0802,8759.48,UPI,2026-03-24 20:32:45.796579,Success,,585,0,0,0,107122.19
TXN003483,C0776,13060.96,Debit Card,2026-03-24 21:07:02.322232,Failed,Technical Error,69,25,22,3,87822.78
TXN003484,C1979,16419.04,UPI,2026-03-24 21:41:18.847884,Failed,Technical Error,288,13,8,5,8033.98
TXN003485,C0726,10517.24,UPI,2026-03-24 22:15:35.373537,Success,,676,29,12,17,30164.64
TXN003486,C0200,17882.41,Credit Card,2026-03-24 22:49:51.899189,Success,,629,12,9,3,30690.54
TXN003487,C0945,21544.68,UPI,2026-03-24 23:24:08.424842,Success,,326,2,0,2,26059.71
TXN003488,C0079,3951.65,Credit Card,2026-03-24 23:58:24.950495,Success,,309,22,11,11,98967.57
TXN003489,C1937,11343.52,UPI,2026-03-25 00:32:41.476147,Failed,Insufficient Balance,578,1,1,0,139301.72
TXN003490,C0956,10259.7,Credit Card,2026-03-25 01:06:58.001800,Abandoned,Checkout Abandoned,52,21,10,11,114564.81
TXN003491,C1879,17217.87,Net Banking,2026-03-25 01:41:14.527452,Success,,327,6,2,4,71867.34
TXN003492,C0856,6321.7,UPI,2026-03-25 02:15:31.053105,Failed,Network Error,870,27,9,18,60905.67
TXN003493,C1197,16042.25,Wallet,2026-03-25 02:49:47.578757,Success,,121,11,1,10,58275.49
TXN003494,C0467,21949.48,Credit Card,2026-03-25 03:24:04.104410,Success,,896,1,1,0,90386.42
TXN003495,C0581,10511.48,Wallet,2026-03-25 03:58:20.630063,Success,,516,10,2,8,54203.49
TXN003496,C1440,22784.29,UPI,2026-03-25 04:32:37.155715,Failed,Insufficient Balance,851,15,15,0,34305.23
TXN003497,C0940,24829.78,Credit Card,2026-03-25 05:06:53.681368,Success,,744,26,15,11,90625.01
TXN003498,C0449,2741.69,UPI,2026-03-25 05:41:10.207020,Failed,Card Declined,716,4,1,3,58910.46
TXN003499,C0087,5903.02,Debit Card,2026-03-25 06:15:26.732673,Success,,482,25,13,12,2611.66
TXN003500,C0101,23764.46,Credit Card,2026-03-25 06:49:43.258325,Success,,702,27,23,4,3823.55
TXN003501,C1032,23962.36,Credit Card,2026-03-25 07:23:59.783978,Success,,180,25,16,9,41483.42
TXN003502,C0845,2532.91,Net Banking,2026-03-25 07:58:16.309630,Failed,Network Error,369,16,4,12,77107.12
TXN003503,C1224,473.46,UPI,2026-03-25 08:32:32.835283,Success,,420,2,0,2,53458.81
TXN003504,C1529,4111.39,UPI,2026-03-25 09:06:49.360936,Failed,Network Error,266,13,4,9,4096.25
TXN003505,C0087,24900.72,Credit Card,2026-03-25 09:41:05.886588,Success,,58,15,13,2,33861.19
TXN003506,C0043,4581.99,Credit Card,2026-03-25 10:15:22.412241,Success,,569,16,2,14,14914.69
TXN003507,C1409,12613.44,UPI,2026-03-25 10:49:38.937893,Failed,Bank Timeout,473,27,24,3,142320.48
TXN003508,C1645,21225.6,Credit Card,2026-03-25 11:23:55.463546,Success,,748,18,14,4,47268.69
TXN003509,C1459,608.0,Wallet,2026-03-25 11:58:11.989198,Failed,Network Error,728,3,3,0,2707.57
TXN003510,C0408,15151.78,Debit Card,2026-03-25 12:32:28.514851,Success,,235,27,16,11,99254.21
TXN003511,C1507,6997.93,UPI,2026-03-25 13:06:45.040504,Success,,702,27,25,2,35250.97
TXN003512,C0664,21572.14,UPI,2026-03-25 13:41:01.566156,Success,,532,20,16,4,85227.07
TXN003513,C1041,7158.18,Wallet,2026-03-25 14:15:18.091809,Failed,Card Declined,402,19,18,1,23036.45
TXN003514,C1669,17200.22,Debit Card,2026-03-25 14:49:34.617461,Success,,838,19,6,13,147609.98
TXN003515,C0148,16888.07,Net Banking,2026-03-25 15:23:51.143114,Success,,642,24,4,20,145553.75
TXN003516,C0277,5615.19,UPI,2026-03-25 15:58:07.668766,Success,,97,24,1,23,98569.51
TXN003517,C0232,966.5,Debit Card,2026-03-25 16:32:24.194419,Success,,110,8,6,2,106226.79
TXN003518,C1850,10290.31,Debit Card,2026-03-25 17:06:40.720072,Success,,108,10,6,4,64168.89
TXN003519,C1951,7300.91,UPI,2026-03-25 17:40:57.245724,Success,,543,4,2,2,144345.81
TXN003520,C0366,20243.55,Credit Card,2026-03-25 18:15:13.771377,Failed,Network Error,625,10,5,5,63849.07
TXN003521,C1252,20029.07,Credit Card,2026-03-25 18:49:30.297029,Failed,Insufficient Balance,495,12,4,8,36300.47
TXN003522,C1675,11479.9,Credit Card,2026-03-25 19:23:46.822682,Success,,80,20,0,20,17749.1
TXN003523,C0436,15202.15,Net Banking,2026-03-25 19:58:03.348334,Failed,Network Error,437,1,0,1,31614.73
TXN003524,C0399,15146.06,Net Banking,2026-03-25 20:32:19.873987,Success,,295,21,17,4,86045.92
TXN003525,C1235,20696.24,Net Banking,2026-03-25 21:06:36.399639,Success,,325,1,0,1,37141.21
TXN003526,C1415,10682.56,Net Banking,2026-03-25 21:40:52.925292,Failed,Insufficient Balance,486,9,2,7,98310.29
TXN003527,C0499,6958.62,Credit Card,2026-03-25 22:15:09.450945,Failed,Technical Error,576,12,8,4,57636.59
TXN003528,C0540,6699.37,UPI,2026-03-25 22:49:25.976597,Success,,136,4,2,2,133087.5
TXN003529,C0563,13451.19,Net Banking,2026-03-25 23:23:42.502250,Failed,Technical Error,560,10,9,1,83992.47
TXN003530,C1515,11283.79,Credit Card,2026-03-25 23:57:59.027902,Success,,434,28,19,9,93579.31
TXN003531,C0442,11059.01,UPI,2026-03-26 00:32:15.553555,Failed,Bank Timeout,396,14,10,4,83705.69
TXN003532,C1285,2369.32,Credit Card,2026-03-26 01:06:32.079207,Success,,148,27,7,20,132892.53
TXN003533,C0773,17993.23,UPI,2026-03-26 01:40:48.604860,Failed,Network Error,141,27,19,8,9981.23
TXN003534,C0350,5422.04,Debit Card,2026-03-26 02:15:05.130513,Success,,245,4,2,2,10568.63
TXN003535,C1376,5004.15,UPI,2026-03-26 02:49:21.656165,Success,,170,19,4,15,105410.17
TXN003536,C0520,10377.68,UPI,2026-03-26 03:23:38.181818,Success,,426,4,3,1,115310.6
TXN003537,C1344,5771.68,Wallet,2026-03-26 03:57:54.707470,Success,,566,6,4,2,65321.62
TXN003538,C0138,14638.07,Debit Card,2026-03-26 04:32:11.233123,Success,,413,9,5,4,53169.63
TXN003539,C1574,9349.44,Debit Card,2026-03-26 05:06:27.758775,Abandoned,Checkout Abandoned,174,28,28,0,42052.79
TXN003540,C1647,11277.9,Credit Card,2026-03-26 05:40:44.284428,Failed,Technical Error,861,1,1,0,35542.04
TXN003541,C0992,13475.52,Net Banking,2026-03-26 06:15:00.810081,Success,,235,30,1,29,136837.81
TXN003542,C0368,5168.03,Debit Card,2026-03-26 06:49:17.335733,Failed,Technical Error,158,0,0,0,44623.36
TXN003543,C1244,3978.22,Credit Card,2026-03-26 07:23:33.861386,Success,,323,19,5,14,97387.78
TXN003544,C1361,22022.51,Wallet,2026-03-26 07:57:50.387038,Success,,316,22,21,1,118170.67
TXN003545,C1247,10899.72,UPI,2026-03-26 08:32:06.912691,Failed,Bank Timeout,848,0,0,0,3784.0
TXN003546,C1672,10361.13,Wallet,2026-03-26 09:06:23.438343,Success,,665,3,1,2,5564.19
TXN003547,C1792,986.74,UPI,2026-03-26 09:40:39.963996,Failed,Bank Timeout,745,14,6,8,50304.04
TXN003548,C0360,12499.61,Credit Card,2026-03-26 10:14:56.489648,Failed,Network Error,429,14,3,11,104554.35
TXN003549,C0921,13898.83,UPI,2026-03-26 10:49:13.015301,Success,,187,29,15,14,39489.4
TXN003550,C0329,14015.14,Credit Card,2026-03-26 11:23:29.540954,Success,,340,5,1,4,721.75
TXN003551,C0962,17705.08,Credit Card,2026-03-26 11:57:46.066606,Success,,513,5,0,5,43578.11
TXN003552,C0463,4519.3,Wallet,2026-03-26 12:32:02.592259,Abandoned,Checkout Abandoned,697,0,0,0,13974.56
TXN003553,C0946,6380.36,Wallet,2026-03-26 13:06:19.117911,Success,,550,6,4,2,33302.29
TXN003554,C0963,20287.19,Wallet,2026-03-26 13:40:35.643564,Success,,307,29,13,16,50311.91
TXN003555,C1585,23684.55,UPI,2026-03-26 14:14:52.169216,Success,,619,4,3,1,19644.57
TXN003556,C1828,3484.73,Wallet,2026-03-26 14:49:08.694869,Success,,196,21,12,9,106101.53
TXN003557,C1406,12491.47,Credit Card,2026-03-26 15:23:25.220522,Failed,Insufficient Balance,897,16,0,16,38760.07
TXN003558,C0836,5432.99,Net Banking,2026-03-26 15:57:41.746174,Success,,851,6,2,4,99333.67
TXN003559,C1614,1595.82,UPI,2026-03-26 16:31:58.271827,Abandoned,Checkout Abandoned,460,3,1,2,90055.41
TXN003560,C1641,8205.03,Credit Card,2026-03-26 17:06:14.797479,Success,,745,2,1,1,134757.8
TXN003561,C0169,3677.82,Wallet,2026-03-26 17:40:31.323132,Success,,629,11,5,6,13646.01
TXN003562,C0217,17777.33,Wallet,2026-03-26 18:14:47.848784,Success,,93,26,13,13,32583.91
TXN003563,C0378,13389.76,Debit Card,2026-03-26 18:49:04.374437,Abandoned,Checkout Abandoned,267,28,0,28,129844.18
TXN003564,C0119,3681.48,Debit Card,2026-03-26 19:23:20.900090,Success,,657,14,10,4,123408.65
TXN003565,C0190,330.12,UPI,2026-03-26 19:57:37.425742,Success,,123,19,16,3,29219.78
TXN003566,C0767,20223.11,Debit Card,2026-03-26 20:31:53.951395,Success,,818,8,3,5,16606.53
TXN003567,C0370,4487.24,Credit Card,2026-03-26 21:06:10.477047,Success,,649,20,4,16,128508.1
TXN003568,C1802,15194.79,UPI,2026-03-26 21:40:27.002700,Success,,98,11,4,7,27131.64
TXN003569,C0149,8489.36,UPI,2026-03-26 22:14:43.528352,Success,,660,4,1,3,130730.9
TXN003570,C1700,14678.6,UPI,2026-03-26 22:49:00.054005,Success,,545,7,3,4,144186.65
TXN003571,C0652,7959.78,Debit Card,2026-03-26 23:23:16.579657,Success,,556,14,3,11,33510.59
TXN003572,C1883,2264.8,UPI,2026-03-26 23:57:33.105310,Failed,Network Error,654,6,2,4,126137.95
TXN003573,C1512,5651.46,Credit Card,2026-03-27 00:31:49.630963,Success,,627,18,7,11,63862.75
TXN003574,C0770,4782.66,UPI,2026-03-27 01:06:06.156615,Success,,791,12,5,7,118422.37
TXN003575,C0374,10757.68,Credit Card,2026-03-27 01:40:22.682268,Success,,430,30,25,5,61405.63
TXN003576,C0781,16491.27,Debit Card,2026-03-27 02:14:39.207920,Success,,795,0,0,0,11024.14
TXN003577,C1717,6668.77,Debit Card,2026-03-27 02:48:55.733573,Success,,625,27,8,19,107047.94
TXN003578,C0160,400.54,Credit Card,2026-03-27 03:23:12.259225,Success,,183,10,9,1,23027.95
TXN003579,C0351,13021.54,Credit Card,2026-03-27 03:57:28.784878,Success,,746,12,8,4,139090.25
TXN003580,C1936,15183.41,UPI,2026-03-27 04:31:45.310531,Success,,589,1,1,0,62953.07
TXN003581,C1312,24075.48,Net Banking,2026-03-27 05:06:01.836183,Success,,511,18,9,9,12759.02
TXN003582,C1312,14777.82,UPI,2026-03-27 05:40:18.361836,Abandoned,Checkout Abandoned,578,10,6,4,34657.76
TXN003583,C0892,11832.2,UPI,2026-03-27 06:14:34.887488,Abandoned,Checkout Abandoned,561,0,0,0,129446.38
TXN003584,C1250,14377.7,Debit Card,2026-03-27 06:48:51.413141,Failed,Insufficient Balance,483,0,0,0,48502.28
TXN003585,C0523,23204.73,UPI,2026-03-27 07:23:07.938793,Success,,222,7,2,5,128521.04
TXN003586,C0522,20726.62,Net Banking,2026-03-27 07:57:24.464446,Success,,182,12,5,7,26256.87
TXN003587,C0783,8142.17,UPI,2026-03-27 08:31:40.990099,Failed,Bank Timeout,409,7,4,3,70498.61
TXN003588,C0273,6007.63,Debit Card,2026-03-27 09:05:57.515751,Success,,633,1,0,1,131799.79
TXN003589,C0936,6639.58,UPI,2026-03-27 09:40:14.041404,Success,,839,7,4,3,7736.52
TXN003590,C1426,12660.08,UPI,2026-03-27 10:14:30.567056,Success,,288,26,5,21,45989.44
TXN003591,C0183,18626.83,UPI,2026-03-27 10:48:47.092709,Success,,225,28,11,17,136522.81
TXN003592,C1993,12630.16,Net Banking,2026-03-27 11:23:03.618361,Failed,Card Declined,722,13,11,2,89680.69
TXN003593,C1689,1788.13,Wallet,2026-03-27 11:57:20.144014,Failed,Network Error,519,1,1,0,107576.7
TXN003594,C0488,18117.16,Credit Card,2026-03-27 12:31:36.669666,Failed,Card Declined,604,12,4,8,126398.2
TXN003595,C1851,20168.66,Net Banking,2026-03-27 13:05:53.195319,Failed,Insufficient Balance,228,26,13,13,78777.67
TXN003596,C0846,7308.5,Debit Card,2026-03-27 13:40:09.720972,Success,,113,4,3,1,126882.2
TXN003597,C0124,16636.73,Wallet,2026-03-27 14:14:26.246624,Failed,Network Error,60,0,0,0,95995.3
TXN003598,C0985,10722.14,Net Banking,2026-03-27 14:48:42.772277,Success,,778,8,3,5,103004.74
TXN003599,C1650,22239.07,UPI,2026-03-27 15:22:59.297929,Success,,86,19,19,0,23351.74
TXN003600,C0790,21146.12,Debit Card,2026-03-27 15:57:15.823582,Success,,438,9,8,1,140883.31
TXN003601,C0414,13183.26,Credit Card,2026-03-27 16:31:32.349234,Success,,13,29,1,28,119514.61
TXN003602,C1749,17318.49,UPI,2026-03-27 17:05:48.874887,Abandoned,Checkout Abandoned,320,10,0,10,38502.3
TXN003603,C1196,22095.41,UPI,2026-03-27 17:40:05.400540,Success,,98,17,3,14,87209.2
TXN003604,C1312,12443.35,Wallet,2026-03-27 18:14:21.926192,Success,,659,16,13,3,56781.65
TXN003605,C1459,7899.94,Wallet,2026-03-27 18:48:38.451845,Success,,480,5,5,0,99230.1
TXN003606,C0686,18866.29,Debit Card,2026-03-27 19:22:54.977497,Success,,771,10,5,5,149065.15
TXN003607,C0113,5579.65,Wallet,2026-03-27 19:57:11.503150,Success,,372,23,9,14,7339.09
TXN003608,C0888,9774.43,Net Banking,2026-03-27 20:31:28.028802,Failed,Card Declined,39,3,3,0,142902.28
TXN003609,C1941,21656.61,UPI,2026-03-27 21:05:44.554455,Success,,745,0,0,0,11322.5
TXN003610,C0122,18138.12,UPI,2026-03-27 21:40:01.080108,Success,,167,0,0,0,69384.31
TXN003611,C1568,10154.89,UPI,2026-03-27 22:14:17.605760,Success,,526,21,14,7,72575.33
TXN003612,C1246,5447.14,UPI,2026-03-27 22:48:34.131413,Success,,502,17,7,10,40674.31
TXN003613,C1655,8963.61,UPI,2026-03-27 23:22:50.657065,Success,,280,30,3,27,85221.54
TXN003614,C0039,7174.19,Credit Card,2026-03-27 23:57:07.182718,Failed,Card Declined,410,4,0,4,125177.64
TXN003615,C0497,4484.62,Net Banking,2026-03-28 00:31:23.708370,Failed,Network Error,57,30,13,17,44447.35
TXN003616,C0780,18608.99,Net Banking,2026-03-28 01:05:40.234023,Success,,362,15,8,7,11025.54
TXN003617,C1257,6376.54,Credit Card,2026-03-28 01:39:56.759675,Success,,725,1,0,1,95026.41
TXN003618,C0943,11408.77,Wallet,2026-03-28 02:14:13.285328,Success,,290,8,5,3,112885.9
TXN003619,C1554,9707.9,Credit Card,2026-03-28 02:48:29.810981,Success,,509,1,1,0,143201.19
TXN003620,C0149,24553.73,Net Banking,2026-03-28 03:22:46.336633,Success,,284,4,1,3,24348.93
TXN003621,C1421,9838.2,Credit Card,2026-03-28 03:57:02.862286,Success,,68,19,10,9,135253.3
TXN003622,C1022,2091.56,UPI,2026-03-28 04:31:19.387938,Failed,Card Declined,190,26,20,6,72577.46
TXN003623,C0661,2336.66,Net Banking,2026-03-28 05:05:35.913591,Success,,480,16,10,6,35745.86
TXN003624,C1662,14809.77,UPI,2026-03-28 05:39:52.439243,Success,,688,25,13,12,144430.9
TXN003625,C1928,15024.15,Credit Card,2026-03-28 06:14:08.964896,Success,,782,24,10,14,36145.18
TXN003626,C0302,10527.1,UPI,2026-03-28 06:48:25.490549,Success,,433,18,13,5,110149.91
TXN003627,C1384,10852.91,Debit Card,2026-03-28 07:22:42.016201,Success,,222,9,8,1,117840.57
TXN003628,C0238,1442.92,Wallet,2026-03-28 07:56:58.541854,Failed,Network Error,109,7,0,7,64862.6
TXN003629,C0647,12962.01,UPI,2026-03-28 08:31:15.067506,Success,,471,19,10,9,103652.73
TXN003630,C0663,12668.01,Net Banking,2026-03-28 09:05:31.593159,Success,,28,10,7,3,86085.32
TXN003631,C0236,3823.78,UPI,2026-03-28 09:39:48.118811,Success,,845,12,1,11,29208.9
TXN003632,C1760,2685.6,UPI,2026-03-28 10:14:04.644464,Success,,545,12,0,12,114103.24
TXN003633,C0203,3176.96,UPI,2026-03-28 10:48:21.170117,Success,,99,8,3,5,139238.41
TXN003634,C0256,2615.6,Debit Card,2026-03-28 11:22:37.695769,Success,,499,4,0,4,73551.39
TXN003635,C0598,15281.73,UPI,2026-03-28 11:56:54.221422,Success,,668,17,0,17,149149.38
TXN003636,C0662,4992.42,Credit Card,2026-03-28 12:31:10.747074,Success,,324,7,1,6,64480.81
TXN003637,C0235,6360.61,UPI,2026-03-28 13:05:27.272727,Abandoned,Checkout Abandoned,326,28,1,27,72220.62
TXN003638,C1369,4421.95,UPI,2026-03-28 13:39:43.798379,Success,,41,19,11,8,101247.68
TXN003639,C0534,23950.1,Debit Card,2026-03-28 14:14:00.324032,Success,,883,13,3,10,28272.64
TXN003640,C0860,21379.97,UPI,2026-03-28 14:48:16.849684,Success,,566,1,0,1,135340.93
TXN003641,C1821,5839.32,UPI,2026-03-28 15:22:33.375337,Success,,428,21,18,3,120290.28
TXN003642,C1805,8256.4,UPI,2026-03-28 15:56:49.900990,Success,,447,15,10,5,130926.38
TXN003643,C1490,5326.33,Credit Card,2026-03-28 16:31:06.426642,Success,,753,0,0,0,91629.01
TXN003644,C0770,12347.71,Debit Card,2026-03-28 17:05:22.952295,Success,,139,23,0,23,132620.32
TXN003645,C0541,588.3,UPI,2026-03-28 17:39:39.477947,Failed,Card Declined,746,24,0,24,102155.89
TXN003646,C0213,16817.06,UPI,2026-03-28 18:13:56.003600,Success,,822,22,8,14,76978.35
TXN003647,C0463,13126.64,UPI,2026-03-28 18:48:12.529252,Abandoned,Checkout Abandoned,682,28,19,9,139802.73
TXN003648,C0436,22476.11,UPI,2026-03-28 19:22:29.054905,Failed,Bank Timeout,800,12,12,0,66238.11
TXN003649,C0283,4193.38,Net Banking,2026-03-28 19:56:45.580558,Success,,747,24,10,14,75335.19
TXN003650,C1586,20122.32,Debit Card,2026-03-28 20:31:02.106210,Success,,627,17,16,1,25846.79
TXN003651,C1631,19819.83,Credit Card,2026-03-28 21:05:18.631863,Success,,590,26,2,24,142175.02
TXN003652,C1487,3266.81,UPI,2026-03-28 21:39:35.157515,Success,,217,0,0,0,33547.39
TXN003653,C1431,10024.12,Debit Card,2026-03-28 22:13:51.683168,Success,,208,6,3,3,30611.68
TXN003654,C0088,4336.8,Net Banking,2026-03-28 22:48:08.208820,Success,,658,3,0,3,15628.59
TXN003655,C1068,6442.54,Credit Card,2026-03-28 23:22:24.734473,Abandoned,Checkout Abandoned,253,9,5,4,68277.24
TXN003656,C0461,6654.83,Debit Card,2026-03-28 23:56:41.260126,Success,,898,7,0,7,41405.38
TXN003657,C0278,13950.29,Debit Card,2026-03-29 00:30:57.785778,Success,,370,2,2,0,111246.76
TXN003658,C1707,10344.13,Credit Card,2026-03-29 01:05:14.311431,Success,,97,22,19,3,46474.48
TXN003659,C0421,23698.55,UPI,2026-03-29 01:39:30.837083,Success,,570,6,4,2,108255.15
TXN003660,C1725,3246.62,Debit Card,2026-03-29 02:13:47.362736,Failed,Network Error,35,26,23,3,29796.18
TXN003661,C1377,24344.93,UPI,2026-03-29 02:48:03.888388,Success,,233,30,8,22,34879.89
TXN003662,C0696,5842.9,Debit Card,2026-03-29 03:22:20.414041,Success,,500,25,18,7,121023.04
TXN003663,C0515,19344.56,Net Banking,2026-03-29 03:56:36.939693,Failed,Bank Timeout,292,24,18,6,55978.49
TXN003664,C0703,8540.35,Net Banking,2026-03-29 04:30:53.465346,Failed,Technical Error,520,15,6,9,17210.21
TXN003665,C1654,3662.73,Credit Card,2026-03-29 05:05:09.990999,Failed,Bank Timeout,178,26,24,2,144229.87
TXN003666,C0019,21461.44,UPI,2026-03-29 05:39:26.516651,Failed,Card Declined,348,19,0,19,27020.13
TXN003667,C0023,7790.64,UPI,2026-03-29 06:13:43.042304,Success,,399,29,16,13,22954.47
TXN003668,C0413,16505.5,Debit Card,2026-03-29 06:47:59.567956,Success,,220,9,1,8,54078.12
TXN003669,C1054,14204.45,Net Banking,2026-03-29 07:22:16.093609,Success,,116,12,5,7,14797.25
TXN003670,C1831,11846.73,Debit Card,2026-03-29 07:56:32.619261,Success,,864,29,2,27,23764.65
TXN003671,C0108,12445.9,UPI,2026-03-29 08:30:49.144914,Success,,843,0,0,0,127043.47
TXN003672,C1391,18332.72,Wallet,2026-03-29 09:05:05.670567,Failed,Insufficient Balance,326,6,6,0,26140.27
TXN003673,C1305,2285.55,Wallet,2026-03-29 09:39:22.196219,Success,,844,9,7,2,17158.31
TXN003674,C1152,16737.7,UPI,2026-03-29 10:13:38.721872,Abandoned,Checkout Abandoned,331,11,4,7,132053.65
TXN003675,C1253,22405.72,Credit Card,2026-03-29 10:47:55.247524,Success,,214,13,2,11,66847.58
TXN003676,C1135,1538.93,Debit Card,2026-03-29 11:22:11.773177,Success,,233,21,13,8,23995.86
TXN003677,C0136,3602.27,Debit Card,2026-03-29 11:56:28.298829,Success,,52,10,7,3,87436.86
TXN003678,C0362,17944.14,Wallet,2026-03-29 12:30:44.824482,Success,,628,16,4,12,6705.12
TXN003679,C1210,10988.31,UPI,2026-03-29 13:05:01.350135,Success,,71,8,2,6,64393.69
TXN003680,C1680,10148.36,Credit Card,2026-03-29 13:39:17.875787,Success,,22,25,22,3,88751.92
TXN003681,C1608,3510.47,Debit Card,2026-03-29 14:13:34.401440,Success,,487,7,1,6,143589.44
TXN003682,C0129,12718.57,Net Banking,2026-03-29 14:47:50.927092,Abandoned,Checkout Abandoned,92,9,8,1,49306.48
TXN003683,C1900,3250.98,Net Banking,2026-03-29 15:22:07.452745,Success,,801,3,1,2,114875.14
TXN003684,C1285,11967.85,Wallet,2026-03-29 15:56:23.978397,Success,,383,30,26,4,20338.62
TXN003685,C0515,19114.02,Credit Card,2026-03-29 16:30:40.504050,Success,,874,30,1,29,65320.56
TXN003686,C0449,6530.78,Net Banking,2026-03-29 17:04:57.029702,Success,,598,4,2,2,33858.64
TXN003687,C1924,12071.58,UPI,2026-03-29 17:39:13.555355,Failed,Bank Timeout,104,23,2,21,74123.94
TXN003688,C1128,24801.2,UPI,2026-03-29 18:13:30.081008,Failed,Bank Timeout,687,17,17,0,62876.16
TXN003689,C1507,17197.6,UPI,2026-03-29 18:47:46.606660,Abandoned,Checkout Abandoned,529,5,5,0,146977.86
TXN003690,C1248,21049.78,Net Banking,2026-03-29 19:22:03.132313,Success,,835,9,4,5,137665.95
TXN003691,C1856,10429.71,Wallet,2026-03-29 19:56:19.657965,Success,,679,17,10,7,87539.78
TXN003692,C0874,19219.74,UPI,2026-03-29 20:30:36.183618,Failed,Bank Timeout,540,30,20,10,26888.21
TXN003693,C1890,1108.68,UPI,2026-03-29 21:04:52.709270,Abandoned,Checkout Abandoned,295,27,22,5,83765.07
TXN003694,C1515,3160.49,Net Banking,2026-03-29 21:39:09.234923,Abandoned,Checkout Abandoned,576,10,7,3,118916.3
TXN003695,C0473,5156.46,Credit Card,2026-03-29 22:13:25.760576,Success,,183,23,23,0,6185.05
TXN003696,C1034,10108.6,Wallet,2026-03-29 22:47:42.286228,Success,,175,4,3,1,65387.39
TXN003697,C1429,21159.05,UPI,2026-03-29 23:21:58.811881,Success,,282,27,2,25,6875.71
TXN003698,C1920,8722.02,UPI,2026-03-29 23:56:15.337533,Failed,Insufficient Balance,363,25,5,20,36971.71
TXN003699,C0302,16400.07,Credit Card,2026-03-30 00:30:31.863186,Failed,Insufficient Balance,452,2,2,0,14271.14
TXN003700,C0231,17761.93,UPI,2026-03-30 01:04:48.388838,Failed,Bank Timeout,558,17,15,2,144106.45
TXN003701,C1755,14695.94,UPI,2026-03-30 01:39:04.914491,Success,,832,3,3,0,25739.88
TXN003702,C0923,8995.33,UPI,2026-03-30 02:13:21.440144,Success,,381,7,4,3,22940.53
TXN003703,C1090,14468.63,UPI,2026-03-30 02:47:37.965796,Success,,459,16,5,11,145822.22
TXN003704,C0937,8622.41,UPI,2026-03-30 03:21:54.491449,Success,,846,9,3,6,77637.11
TXN003705,C0112,2188.46,Wallet,2026-03-30 03:56:11.017101,Success,,51,30,13,17,113818.76
TXN003706,C1037,24820.82,UPI,2026-03-30 04:30:27.542754,Abandoned,Checkout Abandoned,264,18,8,10,49433.54
TXN003707,C1417,3266.84,UPI,2026-03-30 05:04:44.068406,Success,,74,28,16,12,80162.68
TXN003708,C0500,1901.47,Net Banking,2026-03-30 05:39:00.594059,Success,,482,0,0,0,1524.63
TXN003709,C0932,21975.42,Debit Card,2026-03-30 06:13:17.119711,Success,,345,1,1,0,61618.36
TXN003710,C0598,7615.68,Credit Card,2026-03-30 06:47:33.645364,Success,,615,25,0,25,83485.92
TXN003711,C0234,16292.39,Debit Card,2026-03-30 07:21:50.171017,Success,,19,10,3,7,77404.32
TXN003712,C0602,8292.24,Net Banking,2026-03-30 07:56:06.696669,Abandoned,Checkout Abandoned,701,14,5,9,61170.04
TXN003713,C0314,9847.21,Net Banking,2026-03-30 08:30:23.222322,Success,,801,22,7,15,118292.2
TXN003714,C0566,6626.61,Credit Card,2026-03-30 09:04:39.747974,Success,,30,0,0,0,75495.3
TXN003715,C1036,8641.8,Net Banking,2026-03-30 09:38:56.273627,Failed,Technical Error,189,8,0,8,95600.02
TXN003716,C0209,10326.44,Credit Card,2026-03-30 10:13:12.799279,Success,,368,7,2,5,28100.86
TXN003717,C1998,18038.36,UPI,2026-03-30 10:47:29.324932,Success,,88,0,0,0,129294.26
TXN003718,C1038,12837.25,Net Banking,2026-03-30 11:21:45.850585,Success,,142,9,3,6,54744.01
TXN003719,C1657,23594.77,Credit Card,2026-03-30 11:56:02.376237,Success,,685,16,9,7,72574.49
TXN003720,C1442,1142.82,Net Banking,2026-03-30 12:30:18.901890,Success,,636,17,1,16,53153.12
TXN003721,C1461,12626.4,UPI,2026-03-30 13:04:35.427542,Success,,799,15,12,3,133840.12
TXN003722,C1401,14647.2,UPI,2026-03-30 13:38:51.953195,Failed,Insufficient Balance,401,1,0,1,135160.65
TXN003723,C1044,23012.9,Wallet,2026-03-30 14:13:08.478847,Success,,573,21,2,19,34030.51
TXN003724,C0587,1324.05,UPI,2026-03-30 14:47:25.004500,Success,,394,16,0,16,113030.83
TXN003725,C1936,14380.14,Wallet,2026-03-30 15:21:41.530153,Success,,93,3,0,3,15881.09
TXN003726,C1779,21355.39,Wallet,2026-03-30 15:55:58.055805,Success,,805,6,4,2,4962.63
TXN003727,C1759,6124.0,Net Banking,2026-03-30 16:30:14.581458,Success,,296,28,1,27,125569.32
TXN003728,C1015,21919.68,Credit Card,2026-03-30 17:04:31.107110,Failed,Insufficient Balance,830,28,14,14,20111.13
TXN003729,C1094,574.18,Credit Card,2026-03-30 17:38:47.632763,Success,,161,27,0,27,23640.02
TXN003730,C1848,18338.12,Net Banking,2026-03-30 18:13:04.158415,Success,,263,8,4,4,91184.94
TXN003731,C1235,23334.52,Debit Card,2026-03-30 18:47:20.684068,Abandoned,Checkout Abandoned,310,25,4,21,122606.89
TXN003732,C1125,16464.22,Credit Card,2026-03-30 19:21:37.209720,Success,,400,2,2,0,28845.34
TXN003733,C0698,11031.83,Wallet,2026-03-30 19:55:53.735373,Success,,139,19,10,9,17571.74
TXN003734,C0132,1217.54,Debit Card,2026-03-30 20:30:10.261026,Success,,466,20,9,11,12059.69
TXN003735,C1647,23010.83,Wallet,2026-03-30 21:04:26.786678,Success,,584,4,1,3,4214.54
TXN003736,C1405,11810.38,UPI,2026-03-30 21:38:43.312331,Success,,860,17,13,4,17913.63
TXN003737,C1156,822.02,UPI,2026-03-30 22:12:59.837983,Success,,562,28,23,5,141432.44
TXN003738,C1044,17276.54,Credit Card,2026-03-30 22:47:16.363636,Success,,98,20,20,0,14744.74
TXN003739,C1930,12097.75,UPI,2026-03-30 23:21:32.889288,Success,,800,25,4,21,89835.07
TXN003740,C0536,3196.2,Debit Card,2026-03-30 23:55:49.414941,Success,,699,16,15,1,138184.48
TXN003741,C1014,5435.37,UPI,2026-03-31 00:30:05.940594,Success,,339,6,0,6,94359.11
TXN003742,C0227,1705.82,Wallet,2026-03-31 01:04:22.466246,Success,,480,13,1,12,5395.49
TXN003743,C1178,14399.91,UPI,2026-03-31 01:38:38.991899,Success,,682,14,9,5,89663.86
TXN003744,C1829,15588.53,UPI,2026-03-31 02:12:55.517551,Success,,52,20,17,3,135508.26
TXN003745,C1766,12692.98,UPI,2026-03-31 02:47:12.043204,Success,,476,21,4,17,48722.58
TXN003746,C1493,20445.84,Credit Card,2026-03-31 03:21:28.568856,Success,,64,13,0,13,47387.38
TXN003747,C0822,21539.12,UPI,2026-03-31 03:55:45.094509,Success,,60,8,4,4,37705.11
TXN003748,C0871,15429.05,UPI,2026-03-31 04:30:01.620162,Success,,363,15,4,11,76078.92
TXN003749,C0405,417.64,Debit Card,2026-03-31 05:04:18.145814,Success,,686,18,5,13,36072.46
TXN003750,C0202,17411.22,UPI,2026-03-31 05:38:34.671467,Failed,Insufficient Balance,584,0,0,0,108706.42
TXN003751,C0038,10508.18,UPI,2026-03-31 06:12:51.197119,Success,,844,7,2,5,96906.83
TXN003752,C0942,14182.38,Debit Card,2026-03-31 06:47:07.722772,Abandoned,Checkout Abandoned,258,17,15,2,60415.66
TXN003753,C1796,16262.11,UPI,2026-03-31 07:21:24.248424,Failed,Network Error,336,1,0,1,108521.98
TXN003754,C0188,8820.89,UPI,2026-03-31 07:55:40.774077,Abandoned,Checkout Abandoned,116,25,20,5,15225.2
TXN003755,C1081,22935.75,UPI,2026-03-31 08:29:57.299729,Failed,Bank Timeout,186,28,23,5,112554.5
TXN003756,C0941,3435.97,UPI,2026-03-31 09:04:13.825382,Success,,138,3,1,2,90634.77
TXN003757,C1044,16820.64,Debit Card,2026-03-31 09:38:30.351035,Success,,776,20,15,5,94697.39
TXN003758,C0273,208.55,UPI,2026-03-31 10:12:46.876687,Success,,202,0,0,0,10167.22
TXN003759,C1143,23123.81,Net Banking,2026-03-31 10:47:03.402340,Failed,Technical Error,434,26,16,10,92911.18
TXN003760,C0583,2901.35,Net Banking,2026-03-31 11:21:19.927992,Success,,103,18,8,10,74371.24
TXN003761,C0516,2462.62,UPI,2026-03-31 11:55:36.453645,Success,,443,10,5,5,73136.44
TXN003762,C1245,8391.89,Wallet,2026-03-31 12:29:52.979297,Success,,105,23,1,22,48617.08
TXN003763,C0526,9401.8,UPI,2026-03-31 13:04:09.504950,Success,,698,5,2,3,1638.28
TXN003764,C1539,5436.07,UPI,2026-03-31 13:38:26.030603,Success,,568,18,16,2,63684.29
TXN003765,C1752,14669.53,UPI,2026-03-31 14:12:42.556255,Success,,648,13,4,9,60436.98
TXN003766,C1765,11128.56,UPI,2026-03-31 14:46:59.081908,Success,,787,27,1,26,63709.41
TXN003767,C0336,950.97,Credit Card,2026-03-31 15:21:15.607560,Failed,Insufficient Balance,309,22,10,12,91993.1
TXN003768,C0698,8059.34,UPI,2026-03-31 15:55:32.133213,Failed,Network Error,761,26,0,26,45335.98
TXN003769,C1079,20279.78,Net Banking,2026-03-31 16:29:48.658865,Failed,Card Declined,821,21,8,13,40772.83
TXN003770,C0500,17273.57,Debit Card,2026-03-31 17:04:05.184518,Success,,746,20,5,15,74918.3
TXN003771,C0900,18149.28,UPI,2026-03-31 17:38:21.710171,Abandoned,Checkout Abandoned,374,23,10,13,89051.49
TXN003772,C1912,17483.11,Debit Card,2026-03-31 18:12:38.235823,Success,,525,23,7,16,85315.6
TXN003773,C0766,7843.23,Wallet,2026-03-31 18:46:54.761476,Failed,Card Declined,585,18,12,6,132305.44
TXN003774,C0536,2581.63,UPI,2026-03-31 19:21:11.287128,Success,,413,23,11,12,115487.04
TXN003775,C0162,6884.43,UPI,2026-03-31 19:55:27.812781,Success,,831,25,8,17,8302.39
TXN003776,C1694,20811.45,Credit Card,2026-03-31 20:29:44.338433,Failed,Insufficient Balance,245,24,14,10,84739.57
TXN003777,C0594,24513.72,Credit Card,2026-03-31 21:04:00.864086,Success,,892,12,4,8,62963.22
TXN003778,C1939,12396.79,Credit Card,2026-03-31 21:38:17.389738,Success,,774,11,1,10,54477.17
TXN003779,C0159,341.54,UPI,2026-03-31 22:12:33.915391,Success,,690,28,14,14,143705.44
TXN003780,C1212,3587.12,Debit Card,2026-03-31 22:46:50.441044,Success,,551,9,3,6,68790.97
TXN003781,C0060,8119.81,Credit Card,2026-03-31 23:21:06.966696,Success,,80,18,2,16,108055.52
TXN003782,C0915,14506.78,Credit Card,2026-03-31 23:55:23.492349,Success,,751,10,9,1,145079.5
TXN003783,C1841,1969.83,UPI,2026-04-01 00:29:40.018001,Success,,359,23,6,17,23074.52
TXN003784,C1343,23589.6,Credit Card,2026-04-01 01:03:56.543654,Success,,657,23,9,14,8665.13
TXN003785,C1902,9190.58,UPI,2026-04-01 01:38:13.069306,Success,,94,11,9,2,47386.22
TXN003786,C0211,22823.35,Credit Card,2026-04-01 02:12:29.594959,Success,,507,6,1,5,7144.42
TXN003787,C0406,19534.99,Wallet,2026-04-01 02:46:46.120612,Success,,374,7,7,0,17956.31
TXN003788,C0664,18910.39,Credit Card,2026-04-01 03:21:02.646264,Success,,336,16,12,4,148760.62
TXN003789,C1133,15207.32,UPI,2026-04-01 03:55:19.171917,Success,,501,2,0,2,144046.75
TXN003790,C1100,15706.92,UPI,2026-04-01 04:29:35.697569,Success,,718,5,1,4,103848.25
TXN003791,C0542,15986.28,Net Banking,2026-04-01 05:03:52.223222,Abandoned,Checkout Abandoned,169,11,11,0,113071.56
TXN003792,C1338,15755.16,Debit Card,2026-04-01 05:38:08.748874,Failed,Technical Error,217,14,8,6,21503.57
TXN003793,C0998,13887.83,Credit Card,2026-04-01 06:12:25.274527,Success,,561,22,0,22,89487.72
TXN003794,C1141,24661.71,UPI,2026-04-01 06:46:41.800180,Success,,199,6,4,2,23584.71
TXN003795,C0927,18334.04,Credit Card,2026-04-01 07:20:58.325832,Success,,739,26,11,15,57068.73
TXN003796,C0868,19445.97,Credit Card,2026-04-01 07:55:14.851485,Success,,676,5,3,2,52129.08
TXN003797,C1728,21824.32,Wallet,2026-04-01 08:29:31.377137,Success,,511,30,2,28,92287.09
TXN003798,C0019,5469.43,Credit Card,2026-04-01 09:03:47.902790,Failed,Technical Error,132,28,23,5,12414.12
TXN003799,C0432,2186.72,Debit Card,2026-04-01 09:38:04.428442,Success,,741,11,7,4,15967.58
TXN003800,C1709,12124.07,Credit Card,2026-04-01 10:12:20.954095,Success,,810,27,12,15,91684.82
TXN003801,C0740,12900.61,UPI,2026-04-01 10:46:37.479747,Success,,843,11,11,0,95599.59
TXN003802,C1374,20746.63,Net Banking,2026-04-01 11:20:54.005400,Success,,114,26,16,10,51312.42
TXN003803,C0183,11150.21,Credit Card,2026-04-01 11:55:10.531053,Success,,600,3,3,0,22457.23
TXN003804,C0113,14314.24,Wallet,2026-04-01 12:29:27.056705,Success,,208,20,9,11,132968.95
TXN003805,C1207,13224.07,Credit Card,2026-04-01 13:03:43.582358,Success,,221,8,7,1,8415.85
TXN003806,C0481,1051.25,UPI,2026-04-01 13:38:00.108010,Success,,534,16,8,8,107747.64
TXN003807,C1170,15418.85,Debit Card,2026-04-01 14:12:16.633663,Success,,873,1,1,0,21436.69
TXN003808,C0831,20718.28,UPI,2026-04-01 14:46:33.159315,Failed,Bank Timeout,294,4,0,4,95787.4
TXN003809,C1652,4021.76,UPI,2026-04-01 15:20:49.684968,Failed,Insufficient Balance,333,20,7,13,99716.55
TXN003810,C1137,14898.86,UPI,2026-04-01 15:55:06.210621,Failed,Card Declined,476,27,26,1,120736.82
TXN003811,C0763,14880.9,Debit Card,2026-04-01 16:29:22.736273,Success,,147,22,13,9,59556.25
TXN003812,C0476,4188.21,Credit Card,2026-04-01 17:03:39.261926,Success,,365,23,10,13,3758.57
TXN003813,C0763,3174.24,UPI,2026-04-01 17:37:55.787578,Abandoned,Checkout Abandoned,85,9,8,1,121751.88
TXN003814,C1327,24503.29,Credit Card,2026-04-01 18:12:12.313231,Success,,707,5,0,5,66888.17
TXN003815,C0971,9903.61,UPI,2026-04-01 18:46:28.838883,Success,,735,5,2,3,127139.93
TXN003816,C1849,5762.8,Wallet,2026-04-01 19:20:45.364536,Success,,420,20,4,16,116509.75
TXN003817,C1020,4365.98,Credit Card,2026-04-01 19:55:01.890189,Success,,364,4,4,0,74996.87
TXN003818,C1142,16723.28,Debit Card,2026-04-01 20:29:18.415841,Success,,707,28,10,18,149910.21
TXN003819,C1837,15275.19,UPI,2026-04-01 21:03:34.941494,Success,,881,26,18,8,69580.22
TXN003820,C0161,16124.45,Debit Card,2026-04-01 21:37:51.467146,Success,,730,7,7,0,104627.44
TXN003821,C0401,2291.35,Debit Card,2026-04-01 22:12:07.992799,Success,,79,20,5,15,100635.67
TXN003822,C0198,22349.01,Net Banking,2026-04-01 22:46:24.518451,Success,,566,21,9,12,77950.97
TXN003823,C1284,9792.73,UPI,2026-04-01 23:20:41.044104,Success,,187,2,0,2,88009.87
TXN003824,C0660,7902.9,UPI,2026-04-01 23:54:57.569756,Success,,697,30,4,26,119892.01
TXN003825,C1776,11612.8,Debit Card,2026-04-02 00:29:14.095409,Success,,279,13,1,12,85956.18
TXN003826,C1071,9812.65,UPI,2026-04-02 01:03:30.621062,Success,,874,4,2,2,67797.17
TXN003827,C0399,21603.07,UPI,2026-04-02 01:37:47.146714,Success,,693,14,6,8,99481.33
TXN003828,C1734,23238.6,Wallet,2026-04-02 02:12:03.672367,Success,,253,29,9,20,5808.6
TXN003829,C1583,7655.99,UPI,2026-04-02 02:46:20.198019,Success,,165,8,4,4,16824.48
TXN003830,C0078,21612.0,Wallet,2026-04-02 03:20:36.723672,Success,,198,14,2,12,19251.24
TXN003831,C0124,19559.93,UPI,2026-04-02 03:54:53.249324,Success,,208,18,3,15,64152.27
TXN003832,C0075,23277.11,Debit Card,2026-04-02 04:29:09.774977,Success,,84,15,5,10,130830.4
TXN003833,C1895,6219.18,Credit Card,2026-04-02 05:03:26.300630,Success,,554,7,7,0,96672.54
TXN003834,C0137,14466.28,Credit Card,2026-04-02 05:37:42.826282,Failed,Bank Timeout,716,14,11,3,145906.46
TXN003835,C0602,6936.16,Wallet,2026-04-02 06:11:59.351935,Success,,102,10,6,4,6471.17
TXN003836,C1424,20619.95,UPI,2026-04-02 06:46:15.877587,Success,,655,22,11,11,108440.05
TXN003837,C0837,232.57,Net Banking,2026-04-02 07:20:32.403240,Success,,201,3,2,1,47473.13
TXN003838,C1529,14164.0,Debit Card,2026-04-02 07:54:48.928892,Failed,Technical Error,115,20,17,3,3981.17
TXN003839,C0500,8546.17,UPI,2026-04-02 08:29:05.454545,Success,,447,23,18,5,123976.04
TXN003840,C1597,8134.82,Net Banking,2026-04-02 09:03:21.980198,Success,,240,9,4,5,24822.68
TXN003841,C0138,16158.17,UPI,2026-04-02 09:37:38.505850,Failed,Bank Timeout,308,22,13,9,32504.2
TXN003842,C0050,21301.96,Net Banking,2026-04-02 10:11:55.031503,Success,,37,25,22,3,51399.65
TXN003843,C1795,15268.97,UPI,2026-04-02 10:46:11.557155,Success,,323,9,7,2,118359.39
TXN003844,C0973,21344.01,Net Banking,2026-04-02 11:20:28.082808,Success,,536,1,1,0,93876.29
TXN003845,C1643,6688.47,Credit Card,2026-04-02 11:54:44.608460,Failed,Card Declined,673,7,6,1,40096.74
TXN003846,C1649,13035.6,UPI,2026-04-02 12:29:01.134113,Success,,372,7,7,0,25689.16
TXN003847,C1886,11318.36,Credit Card,2026-04-02 13:03:17.659765,Success,,379,8,1,7,16877.46
TXN003848,C0254,389.96,UPI,2026-04-02 13:37:34.185418,Abandoned,Checkout Abandoned,99,1,0,1,22897.58
TXN003849,C1654,13964.62,UPI,2026-04-02 14:11:50.711071,Success,,711,13,1,12,130287.7
TXN003850,C0710,16571.96,UPI,2026-04-02 14:46:07.236723,Success,,714,19,9,10,138441.16
TXN003851,C1873,14838.67,UPI,2026-04-02 15:20:23.762376,Success,,547,1,0,1,145209.69
TXN003852,C1901,18433.37,UPI,2026-04-02 15:54:40.288028,Abandoned,Checkout Abandoned,631,3,0,3,125292.42
TXN003853,C0563,14326.35,Credit Card,2026-04-02 16:28:56.813681,Success,,360,2,2,0,133164.85
TXN003854,C0757,1762.08,Credit Card,2026-04-02 17:03:13.339333,Abandoned,Checkout Abandoned,454,22,20,2,122507.47
TXN003855,C1939,2999.49,Credit Card,2026-04-02 17:37:29.864986,Success,,138,13,0,13,143729.34
TXN003856,C1450,14952.22,UPI,2026-04-02 18:11:46.390639,Failed,Technical Error,91,20,0,20,126924.82
TXN003857,C0547,6946.98,Debit Card,2026-04-02 18:46:02.916291,Success,,218,15,8,7,69569.4
TXN003858,C1326,2083.16,Debit Card,2026-04-02 19:20:19.441944,Failed,Network Error,55,14,13,1,48826.52
TXN003859,C0922,10797.11,UPI,2026-04-02 19:54:35.967596,Success,,501,6,6,0,87839.68
TXN003860,C0581,13902.63,Net Banking,2026-04-02 20:28:52.493249,Success,,10,17,6,11,91423.41
TXN003861,C1373,8285.78,Credit Card,2026-04-02 21:03:09.018901,Success,,572,19,7,12,86449.72
TXN003862,C1856,18038.8,Debit Card,2026-04-02 21:37:25.544554,Success,,173,5,3,2,106155.59
TXN003863,C1957,16129.89,UPI,2026-04-02 22:11:42.070207,Success,,846,27,15,12,104997.0
TXN003864,C0049,8387.18,UPI,2026-04-02 22:45:58.595859,Abandoned,Checkout Abandoned,846,20,12,8,13535.55
TXN003865,C0917,18896.33,Net Banking,2026-04-02 23:20:15.121512,Success,,843,15,4,11,43185.61
TXN003866,C1098,16252.51,Net Banking,2026-04-02 23:54:31.647164,Success,,468,10,2,8,133534.1
TXN003867,C0704,15972.39,UPI,2026-04-03 00:28:48.172817,Success,,620,1,0,1,88710.24
TXN003868,C0261,13880.35,UPI,2026-04-03 01:03:04.698469,Success,,807,27,18,9,49614.44
TXN003869,C0356,383.6,Debit Card,2026-04-03 01:37:21.224122,Failed,Network Error,267,22,11,11,127643.57
TXN003870,C1606,17443.03,Debit Card,2026-04-03 02:11:37.749774,Failed,Insufficient Balance,109,1,0,1,37731.82
TXN003871,C1626,9463.44,Net Banking,2026-04-03 02:45:54.275427,Abandoned,Checkout Abandoned,880,13,0,13,61675.38
TXN003872,C1284,23570.98,UPI,2026-04-03 03:20:10.801080,Success,,546,8,2,6,41800.09
TXN003873,C0638,20467.82,UPI,2026-04-03 03:54:27.326732,Success,,156,22,1,21,130766.81
TXN003874,C0743,14733.59,UPI,2026-04-03 04:28:43.852385,Success,,764,11,7,4,109379.16
TXN003875,C1319,6379.33,UPI,2026-04-03 05:03:00.378037,Success,,592,2,1,1,69303.73
TXN003876,C1010,5172.56,UPI,2026-04-03 05:37:16.903690,Abandoned,Checkout Abandoned,881,21,13,8,139878.97
TXN003877,C0931,8575.58,Net Banking,2026-04-03 06:11:33.429342,Success,,23,4,1,3,139152.99
TXN003878,C0641,11966.54,Credit Card,2026-04-03 06:45:49.954995,Success,,439,27,21,6,106872.99
TXN003879,C0792,7472.03,Net Banking,2026-04-03 07:20:06.480648,Success,,810,8,4,4,133853.05
TXN003880,C1337,12921.74,UPI,2026-04-03 07:54:23.006300,Success,,302,28,16,12,108049.27
TXN003881,C0612,4217.72,UPI,2026-04-03 08:28:39.531953,Success,,884,2,1,1,94417.67
TXN003882,C1862,24445.05,UPI,2026-04-03 09:02:56.057605,Failed,Bank Timeout,807,17,17,0,63407.06
TXN003883,C0809,2787.32,UPI,2026-04-03 09:37:12.583258,Success,,727,1,0,1,41383.73
TXN003884,C1206,23305.41,Net Banking,2026-04-03 10:11:29.108910,Abandoned,Checkout Abandoned,897,3,2,1,9508.48
TXN003885,C0686,22848.09,UPI,2026-04-03 10:45:45.634563,Success,,278,12,11,1,120230.06
TXN003886,C1852,13181.48,UPI,2026-04-03 11:20:02.160216,Success,,464,16,15,1,18763.38
TXN003887,C1388,18150.27,UPI,2026-04-03 11:54:18.685868,Success,,347,8,6,2,61847.21
TXN003888,C0188,10957.6,UPI,2026-04-03 12:28:35.211521,Success,,815,18,5,13,35577.82
TXN003889,C1593,15787.86,Debit Card,2026-04-03 13:02:51.737173,Success,,445,13,13,0,68466.63
TXN003890,C1567,8580.34,UPI,2026-04-03 13:37:08.262826,Success,,594,12,7,5,47590.08
TXN003891,C1620,7598.86,Debit Card,2026-04-03 14:11:24.788478,Success,,96,4,3,1,124539.23
TXN003892,C1688,14497.92,Debit Card,2026-04-03 14:45:41.314131,Success,,360,17,11,6,146737.69
TXN003893,C0985,12503.43,UPI,2026-04-03 15:19:57.839783,Success,,843,23,8,15,141262.44
TXN003894,C0548,14530.46,UPI,2026-04-03 15:54:14.365436,Success,,433,14,8,6,93544.3
TXN003895,C0725,7237.85,Debit Card,2026-04-03 16:28:30.891089,Abandoned,Checkout Abandoned,687,26,26,0,146901.84
TXN003896,C0926,9237.25,Debit Card,2026-04-03 17:02:47.416741,Failed,Technical Error,818,10,4,6,60408.04
TXN003897,C1432,2189.06,UPI,2026-04-03 17:37:03.942394,Success,,240,29,25,4,78611.87
TXN003898,C0876,1401.68,UPI,2026-04-03 18:11:20.468046,Success,,713,18,13,5,38899.05
TXN003899,C0618,6411.08,UPI,2026-04-03 18:45:36.993699,Success,,577,4,0,4,134748.39
TXN003900,C0414,1948.75,UPI,2026-04-03 19:19:53.519351,Success,,224,6,2,4,27366.51
TXN003901,C1366,2683.99,UPI,2026-04-03 19:54:10.045004,Success,,826,1,0,1,91767.88
TXN003902,C1244,20341.92,UPI,2026-04-03 20:28:26.570657,Success,,708,18,3,15,120018.39
TXN003903,C0903,1067.96,UPI,2026-04-03 21:02:43.096309,Success,,617,23,19,4,89512.11
TXN003904,C0163,16507.68,UPI,2026-04-03 21:36:59.621962,Success,,766,15,0,15,12276.9
TXN003905,C1975,6886.69,UPI,2026-04-03 22:11:16.147614,Failed,Insufficient Balance,688,25,5,20,91911.31
TXN003906,C1244,21801.49,Net Banking,2026-04-03 22:45:32.673267,Success,,832,29,27,2,115178.36
TXN003907,C0270,12176.31,Credit Card,2026-04-03 23:19:49.198919,Success,,457,23,9,14,28580.31
TXN003908,C0632,7708.85,Wallet,2026-04-03 23:54:05.724572,Failed,Bank Timeout,780,2,2,0,110674.45
TXN003909,C0906,12989.21,UPI,2026-04-04 00:28:22.250225,Failed,Card Declined,145,28,3,25,131847.37
TXN003910,C1872,9610.75,Debit Card,2026-04-04 01:02:38.775877,Success,,728,9,0,9,147975.54
TXN003911,C1424,14151.1,UPI,2026-04-04 01:36:55.301530,Failed,Technical Error,770,11,9,2,61803.86
TXN003912,C1206,2951.87,Credit Card,2026-04-04 02:11:11.827182,Success,,263,22,21,1,4261.78
TXN003913,C1642,24925.06,UPI,2026-04-04 02:45:28.352835,Success,,338,29,20,9,63152.31
TXN003914,C1753,10696.34,UPI,2026-04-04 03:19:44.878487,Success,,537,26,4,22,99204.06
TXN003915,C0205,8770.94,Wallet,2026-04-04 03:54:01.404140,Failed,Bank Timeout,803,28,1,27,133759.07
TXN003916,C0582,17784.23,Credit Card,2026-04-04 04:28:17.929792,Success,,510,1,0,1,140746.82
TXN003917,C1580,9161.1,Wallet,2026-04-04 05:02:34.455445,Success,,681,24,15,9,136481.58
TXN003918,C0841,20848.53,UPI,2026-04-04 05:36:50.981098,Success,,859,28,6,22,98864.99
TXN003919,C1837,11411.34,UPI,2026-04-04 06:11:07.506750,Success,,273,28,20,8,102537.19
TXN003920,C1252,18017.0,UPI,2026-04-04 06:45:24.032403,Success,,880,7,2,5,856.38
TXN003921,C1720,2775.59,Debit Card,2026-04-04 07:19:40.558055,Success,,382,24,13,11,54877.82
TXN003922,C1643,21168.37,Credit Card,2026-04-04 07:53:57.083708,Success,,69,8,5,3,136075.01
TXN003923,C0596,18419.38,Wallet,2026-04-04 08:28:13.609360,Success,,467,22,18,4,103597.84
TXN003924,C1874,5371.75,UPI,2026-04-04 09:02:30.135013,Success,,789,19,15,4,70454.15
TXN003925,C0250,3717.62,Debit Card,2026-04-04 09:36:46.660666,Failed,Technical Error,469,11,5,6,16085.74
TXN003926,C0875,7975.68,UPI,2026-04-04 10:11:03.186318,Success,,708,27,5,22,37324.34
TXN003927,C1465,24404.16,UPI,2026-04-04 10:45:19.711971,Success,,196,4,0,4,83460.92
TXN003928,C1557,6495.11,Credit Card,2026-04-04 11:19:36.237623,Abandoned,Checkout Abandoned,386,22,0,22,134676.48
TXN003929,C0196,11457.57,Credit Card,2026-04-04 11:53:52.763276,Success,,423,12,6,6,14823.95
TXN003930,C0690,847.5,UPI,2026-04-04 12:28:09.288928,Success,,53,4,2,2,23486.44
TXN003931,C1953,9990.97,UPI,2026-04-04 13:02:25.814581,Success,,488,27,24,3,98423.26
TXN003932,C1543,14325.87,UPI,2026-04-04 13:36:42.340234,Success,,175,25,17,8,44475.38
TXN003933,C1094,23832.8,UPI,2026-04-04 14:10:58.865886,Success,,162,14,8,6,25870.72
TXN003934,C0639,12966.73,UPI,2026-04-04 14:45:15.391539,Success,,161,23,21,2,27176.18
TXN003935,C1423,20495.77,UPI,2026-04-04 15:19:31.917191,Success,,106,20,2,18,74145.68
TXN003936,C0672,13723.48,UPI,2026-04-04 15:53:48.442844,Success,,710,4,3,1,87769.77
TXN003937,C1784,1115.55,Wallet,2026-04-04 16:28:04.968496,Success,,146,4,0,4,135700.25
TXN003938,C1227,7943.71,Wallet,2026-04-04 17:02:21.494149,Failed,Bank Timeout,226,3,0,3,79707.67
TXN003939,C1172,14431.18,Credit Card,2026-04-04 17:36:38.019801,Failed,Card Declined,349,26,9,17,103845.4
TXN003940,C1496,23769.79,Wallet,2026-04-04 18:10:54.545454,Success,,825,27,14,13,27512.55
TXN003941,C1679,21492.35,Debit Card,2026-04-04 18:45:11.071107,Success,,218,26,9,17,107162.31
TXN003942,C0944,5786.05,UPI,2026-04-04 19:19:27.596759,Success,,61,27,25,2,97479.69
TXN003943,C0199,5580.73,UPI,2026-04-04 19:53:44.122412,Success,,207,22,7,15,32819.22
TXN003944,C1941,5109.21,Net Banking,2026-04-04 20:28:00.648064,Failed,Technical Error,457,15,15,0,100571.93
TXN003945,C1450,23070.22,Credit Card,2026-04-04 21:02:17.173717,Success,,557,17,1,16,32118.06
TXN003946,C1690,21331.39,Net Banking,2026-04-04 21:36:33.699369,Success,,114,9,1,8,89239.88
TXN003947,C0492,19394.6,Net Banking,2026-04-04 22:10:50.225022,Success,,369,28,1,27,100493.03
TXN003948,C1912,9879.1,UPI,2026-04-04 22:45:06.750675,Success,,533,19,18,1,104155.91
TXN003949,C0896,12659.08,UPI,2026-04-04 23:19:23.276327,Success,,689,26,21,5,136435.36
TXN003950,C0142,11661.86,UPI,2026-04-04 23:53:39.801980,Success,,487,2,0,2,142201.68
TXN003951,C1337,6409.61,UPI,2026-04-05 00:27:56.327632,Success,,223,9,8,1,121624.59
TXN003952,C0165,12675.2,UPI,2026-04-05 01:02:12.853285,Abandoned,Checkout Abandoned,563,12,8,4,131872.84
TXN003953,C0314,859.36,UPI,2026-04-05 01:36:29.378937,Success,,358,23,9,14,3389.67
TXN003954,C0021,3382.08,UPI,2026-04-05 02:10:45.904590,Failed,Network Error,863,22,3,19,54718.88
TXN003955,C1106,22176.08,UPI,2026-04-05 02:45:02.430243,Failed,Card Declined,481,2,0,2,6438.47
TXN003956,C1605,18816.83,UPI,2026-04-05 03:19:18.955895,Success,,76,3,3,0,34114.38
TXN003957,C1155,10629.42,UPI,2026-04-05 03:53:35.481548,Success,,178,12,0,12,57567.79
TXN003958,C1623,12977.04,Credit Card,2026-04-05 04:27:52.007200,Success,,161,13,10,3,130202.54
TXN003959,C1754,9312.97,UPI,2026-04-05 05:02:08.532853,Success,,483,3,1,2,77007.24
TXN003960,C1957,18545.42,Credit Card,2026-04-05 05:36:25.058505,Success,,206,11,5,6,97504.73
TXN003961,C0984,19626.26,Wallet,2026-04-05 06:10:41.584158,Success,,22,15,1,14,54740.93
TXN003962,C0305,19105.8,UPI,2026-04-05 06:44:58.109810,Success,,750,9,6,3,90635.93
TXN003963,C1939,18093.03,UPI,2026-04-05 07:19:14.635463,Failed,Bank Timeout,895,22,3,19,122422.71
TXN003964,C0371,5192.16,Net Banking,2026-04-05 07:53:31.161116,Abandoned,Checkout Abandoned,171,23,14,9,45535.59
TXN003965,C1881,8515.45,Credit Card,2026-04-05 08:27:47.686768,Success,,624,19,19,0,139872.38
TXN003966,C0853,11799.15,Debit Card,2026-04-05 09:02:04.212421,Success,,652,23,12,11,32390.37
TXN003967,C0384,8336.75,UPI,2026-04-05 09:36:20.738073,Failed,Technical Error,617,16,0,16,137935.55
TXN003968,C1932,18898.01,Net Banking,2026-04-05 10:10:37.263726,Success,,737,28,21,7,4730.48
TXN003969,C0445,8300.9,Wallet,2026-04-05 10:44:53.789378,Success,,722,24,1,23,81641.47
TXN003970,C0425,3541.98,Credit Card,2026-04-05 11:19:10.315031,Success,,652,6,5,1,147783.35
TXN003971,C0161,10036.11,UPI,2026-04-05 11:53:26.840684,Failed,Card Declined,495,3,2,1,91661.92
TXN003972,C1202,24499.87,Net Banking,2026-04-05 12:27:43.366336,Success,,723,23,18,5,83451.81
TXN003973,C0629,5724.45,Debit Card,2026-04-05 13:01:59.891989,Success,,812,11,3,8,102529.3
TXN003974,C1732,15342.75,Debit Card,2026-04-05 13:36:16.417641,Success,,797,9,1,8,43750.69
TXN003975,C0895,10881.03,UPI,2026-04-05 14:10:32.943294,Failed,Bank Timeout,882,1,0,1,8560.34
TXN003976,C0490,1868.51,Debit Card,2026-04-05 14:44:49.468946,Abandoned,Checkout Abandoned,341,13,8,5,38034.11
TXN003977,C1017,12248.13,UPI,2026-04-05 15:19:05.994599,Success,,57,7,4,3,26848.95
TXN003978,C0327,17583.89,UPI,2026-04-05 15:53:22.520252,Abandoned,Checkout Abandoned,564,9,4,5,138573.6
TXN003979,C0598,12879.18,Credit Card,2026-04-05 16:27:39.045904,Success,,602,5,0,5,127913.17
TXN003980,C1015,21815.44,UPI,2026-04-05 17:01:55.571557,Success,,77,22,0,22,47998.23
TXN003981,C0289,7294.53,Debit Card,2026-04-05 17:36:12.097209,Abandoned,Checkout Abandoned,243,22,1,21,125492.36
TXN003982,C0593,2247.6,Credit Card,2026-04-05 18:10:28.622862,Success,,250,1,0,1,32157.03
TXN003983,C1688,23420.48,UPI,2026-04-05 18:44:45.148514,Success,,465,13,2,11,30337.1
TXN003984,C1597,9517.09,Debit Card,2026-04-05 19:19:01.674167,Success,,720,10,5,5,115246.55
TXN003985,C0573,14452.5,Wallet,2026-04-05 19:53:18.199819,Failed,Network Error,704,1,0,1,49376.13
TXN003986,C1378,19820.88,UPI,2026-04-05 20:27:34.725472,Failed,Network Error,219,3,3,0,10186.5
TXN003987,C0028,8175.41,Credit Card,2026-04-05 21:01:51.251125,Failed,Bank Timeout,163,5,1,4,108137.99
TXN003988,C0954,17932.5,UPI,2026-04-05 21:36:07.776777,Success,,168,3,0,3,148445.41
TXN003989,C0043,3471.93,Credit Card,2026-04-05 22:10:24.302430,Failed,Network Error,191,21,1,20,85113.67
TXN003990,C1705,7353.21,UPI,2026-04-05 22:44:40.828082,Success,,193,4,4,0,39918.3
TXN003991,C0423,3703.29,UPI,2026-04-05 23:18:57.353735,Success,,577,5,1,4,56249.4
TXN003992,C1622,20299.64,UPI,2026-04-05 23:53:13.879387,Failed,Card Declined,648,8,4,4,97473.11
TXN003993,C0177,5643.97,Wallet,2026-04-06 00:27:30.405040,Success,,574,21,11,10,105356.25
TXN003994,C0529,17963.35,Credit Card,2026-04-06 01:01:46.930693,Success,,209,21,8,13,133006.67
TXN003995,C1634,23588.13,Credit Card,2026-04-06 01:36:03.456345,Success,,555,15,11,4,136370.89
TXN003996,C0966,13241.53,UPI,2026-04-06 02:10:19.981998,Success,,55,10,2,8,129261.14
TXN003997,C1518,13546.73,Credit Card,2026-04-06 02:44:36.507650,Success,,729,10,7,3,97449.39
TXN003998,C0198,11579.74,UPI,2026-04-06 03:18:53.033303,Success,,349,23,19,4,67752.93
TXN003999,C0610,8214.66,UPI,2026-04-06 03:53:09.558955,Success,,851,30,6,24,102056.17
TXN004000,C1601,11943.81,Credit Card,2026-04-06 04:27:26.084608,Success,,571,20,9,11,100151.54
TXN004001,C0842,15109.91,UPI,2026-04-06 05:01:42.610261,Failed,Network Error,718,20,2,18,33088.45
TXN004002,C0853,24651.19,UPI,2026-04-06 05:35:59.135913,Success,,505,9,2,7,76379.27
TXN004003,C1541,23450.34,Credit Card,2026-04-06 06:10:15.661566,Success,,532,28,16,12,31628.11
TXN004004,C1538,21567.61,Net Banking,2026-04-06 06:44:32.187218,Success,,892,26,7,19,134919.01
TXN004005,C0022,22239.35,UPI,2026-04-06 07:18:48.712871,Failed,Insufficient Balance,240,0,0,0,48825.56
TXN004006,C1136,11749.44,UPI,2026-04-06 07:53:05.238523,Success,,95,21,17,4,120911.19
TXN004007,C1081,16470.36,UPI,2026-04-06 08:27:21.764176,Success,,852,16,6,10,56895.45
TXN004008,C1090,22387.16,Wallet,2026-04-06 09:01:38.289828,Abandoned,Checkout Abandoned,155,26,26,0,114678.55
TXN004009,C0842,9884.47,Net Banking,2026-04-06 09:35:54.815481,Success,,680,7,6,1,33526.41
TXN004010,C0098,24047.89,Credit Card,2026-04-06 10:10:11.341134,Abandoned,Checkout Abandoned,327,25,22,3,114679.61
TXN004011,C1168,10453.07,Wallet,2026-04-06 10:44:27.866786,Success,,544,15,3,12,27340.04
TXN004012,C1904,15066.96,UPI,2026-04-06 11:18:44.392439,Success,,369,24,22,2,73877.22
TXN004013,C0435,17774.14,Wallet,2026-04-06 11:53:00.918091,Success,,190,5,1,4,17487.2
TXN004014,C0637,23769.74,UPI,2026-04-06 12:27:17.443744,Success,,583,13,13,0,79420.76
TXN004015,C1703,6190.95,UPI,2026-04-06 13:01:33.969396,Failed,Network Error,83,24,15,9,123196.8
TXN004016,C1110,18678.66,Credit Card,2026-04-06 13:35:50.495049,Abandoned,Checkout Abandoned,538,1,0,1,113454.27
TXN004017,C0588,13068.31,UPI,2026-04-06 14:10:07.020702,Abandoned,Checkout Abandoned,818,8,7,1,8081.92
TXN004018,C0344,6787.07,Credit Card,2026-04-06 14:44:23.546354,Failed,Insufficient Balance,264,3,0,3,74080.55
TXN004019,C1960,19437.51,UPI,2026-04-06 15:18:40.072007,Failed,Technical Error,374,30,22,8,127907.68
TXN004020,C1318,13850.33,Credit Card,2026-04-06 15:52:56.597659,Success,,273,18,9,9,97690.47
TXN004021,C1980,16558.25,UPI,2026-04-06 16:27:13.123312,Failed,Card Declined,826,16,14,2,9350.6
TXN004022,C0571,8140.24,UPI,2026-04-06 17:01:29.648964,Success,,889,0,0,0,49181.99
TXN004023,C1674,12083.72,Net Banking,2026-04-06 17:35:46.174617,Success,,194,23,22,1,83709.74
TXN004024,C0611,15472.12,Net Banking,2026-04-06 18:10:02.700270,Success,,441,1,1,0,26311.4
TXN004025,C1728,10182.28,Wallet,2026-04-06 18:44:19.225922,Failed,Technical Error,702,16,1,15,102446.15
TXN004026,C0243,5039.48,Debit Card,2026-04-06 19:18:35.751575,Success,,497,1,0,1,95409.54
TXN004027,C1855,24044.85,Debit Card,2026-04-06 19:52:52.277227,Failed,Technical Error,739,2,0,2,30765.42
TXN004028,C0561,12835.54,Credit Card,2026-04-06 20:27:08.802880,Success,,115,3,3,0,82784.5
TXN004029,C0960,18374.62,UPI,2026-04-06 21:01:25.328532,Success,,443,12,5,7,121851.92
TXN004030,C0032,10335.08,UPI,2026-04-06 21:35:41.854185,Abandoned,Checkout Abandoned,576,26,5,21,56536.59
TXN004031,C0391,8942.78,UPI,2026-04-06 22:09:58.379837,Success,,146,24,0,24,37424.49
TXN004032,C0277,10238.39,Net Banking,2026-04-06 22:44:14.905490,Abandoned,Checkout Abandoned,297,22,15,7,105332.48
TXN004033,C0532,10289.0,UPI,2026-04-06 23:18:31.431143,Success,,352,11,1,10,11085.24
TXN004034,C1178,13650.08,Wallet,2026-04-06 23:52:47.956795,Success,,361,20,2,18,124984.73
TXN004035,C0383,13632.4,Credit Card,2026-04-07 00:27:04.482448,Failed,Network Error,578,4,3,1,141547.12
TXN004036,C1092,12479.13,Debit Card,2026-04-07 01:01:21.008100,Success,,621,13,9,4,144735.66
TXN004037,C1902,3456.17,UPI,2026-04-07 01:35:37.533753,Success,,14,5,5,0,65164.54
TXN004038,C0884,12452.28,UPI,2026-04-07 02:09:54.059405,Success,,896,0,0,0,93668.82
TXN004039,C0214,4310.69,Wallet,2026-04-07 02:44:10.585058,Success,,633,15,4,11,128676.0
TXN004040,C1679,3240.78,UPI,2026-04-07 03:18:27.110711,Success,,458,5,0,5,33901.89
TXN004041,C0376,23322.88,UPI,2026-04-07 03:52:43.636363,Success,,507,12,9,3,4641.55
TXN004042,C0744,15163.26,UPI,2026-04-07 04:27:00.162016,Abandoned,Checkout Abandoned,616,12,6,6,57992.65
TXN004043,C0213,16521.3,UPI,2026-04-07 05:01:16.687668,Success,,840,10,8,2,132713.47
TXN004044,C0079,10104.66,UPI,2026-04-07 05:35:33.213321,Success,,232,15,10,5,76008.25
TXN004045,C1750,22733.62,Credit Card,2026-04-07 06:09:49.738973,Abandoned,Checkout Abandoned,707,21,10,11,79767.73
TXN004046,C0628,15984.47,Credit Card,2026-04-07 06:44:06.264626,Abandoned,Checkout Abandoned,892,13,2,11,103875.37
TXN004047,C0604,19252.33,Credit Card,2026-04-07 07:18:22.790279,Success,,146,10,10,0,86390.33
TXN004048,C0782,9277.21,UPI,2026-04-07 07:52:39.315931,Success,,746,4,3,1,8644.26
TXN004049,C1947,24004.3,Net Banking,2026-04-07 08:26:55.841584,Success,,772,25,24,1,84348.59
TXN004050,C1405,20529.49,Debit Card,2026-04-07 09:01:12.367236,Success,,876,24,17,7,97369.85
TXN004051,C1001,21363.32,UPI,2026-04-07 09:35:28.892889,Success,,547,25,3,22,96418.57
TXN004052,C0680,4387.64,UPI,2026-04-07 10:09:45.418541,Failed,Network Error,712,9,1,8,109387.45
TXN004053,C0058,6846.98,UPI,2026-04-07 10:44:01.944194,Success,,203,20,12,8,78228.08
TXN004054,C1820,7212.1,Debit Card,2026-04-07 11:18:18.469846,Success,,811,24,22,2,135058.79
TXN004055,C1050,6845.64,Debit Card,2026-04-07 11:52:34.995499,Success,,346,25,13,12,69906.96
TXN004056,C0881,21399.66,Net Banking,2026-04-07 12:26:51.521152,Success,,15,14,3,11,77968.88
TXN004057,C0447,893.93,UPI,2026-04-07 13:01:08.046804,Success,,839,6,5,1,117155.71
TXN004058,C0066,1994.89,Credit Card,2026-04-07 13:35:24.572457,Failed,Network Error,872,30,27,3,125068.63
TXN004059,C1945,6920.48,UPI,2026-04-07 14:09:41.098109,Success,,741,2,1,1,97430.04
TXN004060,C1784,5076.84,UPI,2026-04-07 14:43:57.623762,Success,,222,10,7,3,19392.8
TXN004061,C1278,5873.3,Credit Card,2026-04-07 15:18:14.149414,Success,,596,8,5,3,50126.84
TXN004062,C1923,19968.79,UPI,2026-04-07 15:52:30.675067,Success,,831,9,3,6,3513.26
TXN004063,C1992,14121.85,Debit Card,2026-04-07 16:26:47.200720,Success,,514,22,5,17,44669.75
TXN004064,C1068,243.69,Credit Card,2026-04-07 17:01:03.726372,Success,,685,3,0,3,85751.52
TXN004065,C1121,10790.14,Net Banking,2026-04-07 17:35:20.252025,Success,,240,29,14,15,120882.0
TXN004066,C1578,10256.33,UPI,2026-04-07 18:09:36.777677,Failed,Technical Error,761,27,5,22,88054.64
TXN004067,C1012,2937.24,Net Banking,2026-04-07 18:43:53.303330,Success,,100,24,14,10,6464.25
TXN004068,C0227,16935.93,Wallet,2026-04-07 19:18:09.828982,Success,,861,21,14,7,39236.42
TXN004069,C0774,17582.22,Net Banking,2026-04-07 19:52:26.354635,Success,,634,24,13,11,86920.22
TXN004070,C0679,18050.24,Debit Card,2026-04-07 20:26:42.880288,Success,,349,19,9,10,106502.63
TXN004071,C1460,18238.93,Net Banking,2026-04-07 21:00:59.405940,Success,,651,25,7,18,130034.85
TXN004072,C1815,101.32,Credit Card,2026-04-07 21:35:15.931593,Success,,622,17,3,14,145162.96
TXN004073,C0601,23852.63,UPI,2026-04-07 22:09:32.457245,Success,,548,28,24,4,133822.1
TXN004074,C0379,20373.8,Debit Card,2026-04-07 22:43:48.982898,Success,,539,13,5,8,70365.53
TXN004075,C1202,22609.14,Debit Card,2026-04-07 23:18:05.508550,Success,,726,8,5,3,112165.96
TXN004076,C1451,489.52,Wallet,2026-04-07 23:52:22.034203,Success,,219,25,19,6,36458.91
TXN004077,C1939,23353.08,Credit Card,2026-04-08 00:26:38.559855,Success,,389,27,23,4,10042.7
TXN004078,C0709,20263.73,UPI,2026-04-08 01:00:55.085508,Failed,Card Declined,20,29,20,9,8732.82
TXN004079,C0307,20946.76,Debit Card,2026-04-08 01:35:11.611161,Success,,525,19,16,3,36575.2
TXN004080,C0779,2422.86,Wallet,2026-04-08 02:09:28.136813,Success,,624,15,6,9,6112.39
TXN004081,C0504,18495.57,UPI,2026-04-08 02:43:44.662466,Failed,Card Declined,726,26,23,3,127615.73
TXN004082,C0268,24001.93,UPI,2026-04-08 03:18:01.188118,Success,,604,1,1,0,73743.15
TXN004083,C1610,16995.83,Credit Card,2026-04-08 03:52:17.713771,Success,,564,22,6,16,121729.56
TXN004084,C0008,14306.98,UPI,2026-04-08 04:26:34.239423,Success,,773,6,3,3,141014.79
TXN004085,C1944,23646.18,UPI,2026-04-08 05:00:50.765076,Success,,560,4,3,1,149089.23
TXN004086,C0508,11129.13,UPI,2026-04-08 05:35:07.290729,Failed,Insufficient Balance,836,20,13,7,140606.02
TXN004087,C0476,15022.41,Net Banking,2026-04-08 06:09:23.816381,Success,,674,23,3,20,107625.24
TXN004088,C1321,11960.82,UPI,2026-04-08 06:43:40.342034,Success,,856,21,15,6,66575.96
TXN004089,C0164,23327.87,UPI,2026-04-08 07:17:56.867686,Success,,764,16,0,16,89898.73
TXN004090,C0485,1994.51,Debit Card,2026-04-08 07:52:13.393339,Success,,93,10,1,9,122566.21
TXN004091,C1621,12577.88,Wallet,2026-04-08 08:26:29.918991,Success,,346,29,18,11,134684.4
TXN004092,C1096,17205.12,Wallet,2026-04-08 09:00:46.444644,Success,,64,27,20,7,143492.04
TXN004093,C0567,19818.47,UPI,2026-04-08 09:35:02.970297,Success,,330,3,2,1,109725.55
TXN004094,C0905,14617.16,Wallet,2026-04-08 10:09:19.495949,Success,,102,16,9,7,81223.06
TXN004095,C0559,22732.05,UPI,2026-04-08 10:43:36.021602,Success,,117,20,4,16,145271.57
TXN004096,C1935,23555.59,Debit Card,2026-04-08 11:17:52.547254,Abandoned,Checkout Abandoned,860,4,4,0,143814.43
TXN004097,C1968,1701.55,Credit Card,2026-04-08 11:52:09.072907,Failed,Bank Timeout,359,3,1,2,71894.15
TXN004098,C0238,10119.03,UPI,2026-04-08 12:26:25.598559,Abandoned,Checkout Abandoned,418,30,29,1,97474.43
TXN004099,C1128,684.13,Credit Card,2026-04-08 13:00:42.124212,Success,,741,24,22,2,121485.44
TXN004100,C1234,8302.47,UPI,2026-04-08 13:34:58.649864,Success,,558,23,3,20,65245.33
TXN004101,C0554,13468.02,Net Banking,2026-04-08 14:09:15.175517,Success,,755,29,15,14,124491.96
TXN004102,C0828,22778.79,UPI,2026-04-08 14:43:31.701170,Success,,643,9,7,2,17162.59
TXN004103,C0468,21179.2,Credit Card,2026-04-08 15:17:48.226822,Success,,596,29,15,14,72432.18
TXN004104,C1478,3274.74,UPI,2026-04-08 15:52:04.752475,Success,,217,2,2,0,72650.57
TXN004105,C1292,2416.46,UPI,2026-04-08 16:26:21.278127,Success,,859,20,0,20,102856.23
TXN004106,C0386,14772.76,Wallet,2026-04-08 17:00:37.803780,Success,,498,5,5,0,17903.75
TXN004107,C0775,13349.74,Debit Card,2026-04-08 17:34:54.329432,Success,,831,20,17,3,15929.96
TXN004108,C0848,6732.8,Wallet,2026-04-08 18:09:10.855085,Success,,82,7,3,4,135138.92
TXN004109,C0387,22496.38,UPI,2026-04-08 18:43:27.380738,Success,,100,4,2,2,45909.35
TXN004110,C0877,23191.42,UPI,2026-04-08 19:17:43.906390,Success,,887,7,3,4,49374.9
TXN004111,C0259,10125.02,Credit Card,2026-04-08 19:52:00.432043,Success,,829,9,9,0,116640.8
TXN004112,C0283,22268.53,Credit Card,2026-04-08 20:26:16.957695,Failed,Card Declined,457,30,15,15,62528.9
TXN004113,C1650,9660.33,UPI,2026-04-08 21:00:33.483348,Success,,815,25,9,16,125022.1
TXN004114,C1899,18446.74,Debit Card,2026-04-08 21:34:50.009000,Failed,Network Error,821,29,4,25,60519.58
TXN004115,C0040,11950.96,UPI,2026-04-08 22:09:06.534653,Success,,864,18,17,1,114209.67
TXN004116,C0486,3152.32,UPI,2026-04-08 22:43:23.060306,Success,,244,20,10,10,79033.84
TXN004117,C0929,23205.56,UPI,2026-04-08 23:17:39.585958,Success,,839,3,2,1,140406.3
TXN004118,C0220,11407.01,Credit Card,2026-04-08 23:51:56.111611,Abandoned,Checkout Abandoned,735,28,8,20,49444.65
TXN004119,C1153,18388.73,Debit Card,2026-04-09 00:26:12.637263,Success,,589,26,14,12,54722.24
TXN004120,C1015,9242.63,Credit Card,2026-04-09 01:00:29.162916,Success,,233,5,5,0,145512.98
TXN004121,C1024,570.13,Credit Card,2026-04-09 01:34:45.688568,Success,,225,2,2,0,110760.0
TXN004122,C1544,2603.21,UPI,2026-04-09 02:09:02.214221,Success,,175,27,18,9,115998.82
TXN004123,C0613,12455.87,Net Banking,2026-04-09 02:43:18.739873,Success,,443,25,4,21,44748.52
TXN004124,C0928,17280.11,Wallet,2026-04-09 03:17:35.265526,Success,,70,3,1,2,80040.64
TXN004125,C1916,8434.91,Debit Card,2026-04-09 03:51:51.791179,Success,,805,26,3,23,47374.38
TXN004126,C0688,17417.66,UPI,2026-04-09 04:26:08.316831,Success,,79,3,3,0,39350.4
TXN004127,C1643,17496.03,Credit Card,2026-04-09 05:00:24.842484,Failed,Insufficient Balance,874,4,4,0,80518.56
TXN004128,C0613,17628.0,Credit Card,2026-04-09 05:34:41.368136,Success,,552,26,2,24,148170.21
TXN004129,C0260,12363.79,Wallet,2026-04-09 06:08:57.893789,Success,,194,14,9,5,32586.09
TXN004130,C0990,22880.67,Wallet,2026-04-09 06:43:14.419441,Failed,Network Error,136,15,12,3,36756.72
TXN004131,C0966,12280.99,Net Banking,2026-04-09 07:17:30.945094,Success,,659,5,3,2,36847.78
TXN004132,C0366,11311.6,UPI,2026-04-09 07:51:47.470747,Success,,149,17,7,10,118859.49
TXN004133,C1782,5064.58,Wallet,2026-04-09 08:26:03.996399,Success,,272,25,0,25,76817.07
TXN004134,C1811,7760.61,Credit Card,2026-04-09 09:00:20.522052,Success,,609,11,3,8,58022.76
TXN004135,C0544,1154.13,Net Banking,2026-04-09 09:34:37.047704,Success,,165,23,1,22,126646.58
TXN004136,C0649,15875.03,UPI,2026-04-09 10:08:53.573357,Abandoned,Checkout Abandoned,340,19,3,16,44974.85
TXN004137,C1548,6288.54,UPI,2026-04-09 10:43:10.099009,Success,,489,6,4,2,59136.58
TXN004138,C1931,7673.47,Credit Card,2026-04-09 11:17:26.624662,Success,,797,22,0,22,11506.27
TXN004139,C0814,19293.28,UPI,2026-04-09 11:51:43.150315,Abandoned,Checkout Abandoned,641,11,11,0,18277.06
TXN004140,C1911,8247.81,UPI,2026-04-09 12:25:59.675967,Abandoned,Checkout Abandoned,330,13,4,9,20941.29
TXN004141,C1040,6130.68,Net Banking,2026-04-09 13:00:16.201620,Success,,173,12,6,6,52372.8
TXN004142,C1153,4309.54,UPI,2026-04-09 13:34:32.727272,Success,,335,25,4,21,78850.75
TXN004143,C0575,19393.97,UPI,2026-04-09 14:08:49.252925,Success,,147,10,6,4,611.28
TXN004144,C1133,3329.69,UPI,2026-04-09 14:43:05.778577,Success,,752,10,8,2,28894.88
TXN004145,C1911,11398.47,UPI,2026-04-09 15:17:22.304230,Failed,Technical Error,821,1,0,1,26759.68
TXN004146,C1013,12722.56,Wallet,2026-04-09 15:51:38.829882,Success,,211,13,7,6,38375.35
TXN004147,C1557,17216.01,UPI,2026-04-09 16:25:55.355535,Success,,99,14,0,14,25329.1
TXN004148,C0670,15868.76,UPI,2026-04-09 17:00:11.881188,Success,,754,22,9,13,29671.66
TXN004149,C0269,20286.94,Net Banking,2026-04-09 17:34:28.406840,Success,,458,27,9,18,147590.11
TXN004150,C1186,1214.31,Net Banking,2026-04-09 18:08:44.932493,Success,,595,0,0,0,89412.17
TXN004151,C1284,7481.37,UPI,2026-04-09 18:43:01.458145,Failed,Technical Error,455,11,1,10,114522.63
TXN004152,C0924,7075.34,Debit Card,2026-04-09 19:17:17.983798,Success,,810,13,5,8,122991.83
TXN004153,C1126,3735.82,Debit Card,2026-04-09 19:51:34.509450,Success,,491,17,0,17,100318.25
TXN004154,C1530,7300.54,Debit Card,2026-04-09 20:25:51.035103,Failed,Network Error,686,20,17,3,105760.0
TXN004155,C1759,7813.16,Credit Card,2026-04-09 21:00:07.560756,Success,,890,23,2,21,95026.37
TXN004156,C1595,13094.92,Wallet,2026-04-09 21:34:24.086408,Success,,662,27,25,2,97581.33
TXN004157,C0247,16626.24,UPI,2026-04-09 22:08:40.612061,Success,,367,22,20,2,139303.22
TXN004158,C1664,9589.4,UPI,2026-04-09 22:42:57.137713,Success,,871,2,2,0,28267.9
TXN004159,C1819,18014.81,UPI,2026-04-09 23:17:13.663366,Success,,609,28,15,13,41572.14
TXN004160,C1861,8470.52,UPI,2026-04-09 23:51:30.189018,Failed,Card Declined,875,25,21,4,14442.15
TXN004161,C1561,7328.06,Wallet,2026-04-10 00:25:46.714671,Success,,814,30,2,28,125680.01
TXN004162,C0131,13575.58,Credit Card,2026-04-10 01:00:03.240324,Success,,28,24,5,19,67588.92
TXN004163,C0353,690.54,UPI,2026-04-10 01:34:19.765976,Success,,843,11,3,8,136112.13
TXN004164,C0196,2086.75,UPI,2026-04-10 02:08:36.291629,Success,,39,28,15,13,62045.52
TXN004165,C1817,10507.44,UPI,2026-04-10 02:42:52.817281,Success,,223,4,2,2,66670.82
TXN004166,C1940,23578.53,Wallet,2026-04-10 03:17:09.342934,Success,,425,2,2,0,67529.3
TXN004167,C0930,18065.64,Credit Card,2026-04-10 03:51:25.868586,Failed,Bank Timeout,773,6,0,6,92067.72
TXN004168,C1690,2294.35,Credit Card,2026-04-10 04:25:42.394239,Success,,177,15,2,13,115035.56
TXN004169,C1406,21173.32,Debit Card,2026-04-10 04:59:58.919891,Success,,664,19,7,12,53018.2
TXN004170,C1022,18334.29,Debit Card,2026-04-10 05:34:15.445544,Success,,719,16,13,3,94709.74
TXN004171,C0645,15312.57,Credit Card,2026-04-10 06:08:31.971197,Failed,Network Error,365,20,15,5,30993.13
TXN004172,C0227,20525.29,UPI,2026-04-10 06:42:48.496849,Success,,373,26,24,2,83330.04
TXN004173,C0701,10162.34,Net Banking,2026-04-10 07:17:05.022502,Success,,345,7,2,5,82214.44
TXN004174,C1500,5615.38,Debit Card,2026-04-10 07:51:21.548154,Success,,94,14,8,6,133363.02
TXN004175,C1501,12849.38,Debit Card,2026-04-10 08:25:38.073807,Success,,875,27,9,18,134428.86
TXN004176,C0265,13766.16,Wallet,2026-04-10 08:59:54.599459,Success,,113,19,14,5,73338.07
TXN004177,C1396,13504.33,Net Banking,2026-04-10 09:34:11.125112,Failed,Card Declined,127,14,10,4,4177.62
TXN004178,C1510,14170.34,Net Banking,2026-04-10 10:08:27.650765,Abandoned,Checkout Abandoned,47,22,3,19,126770.98
TXN004179,C1458,23722.75,Wallet,2026-04-10 10:42:44.176417,Success,,492,30,27,3,593.06
TXN004180,C0646,22565.92,UPI,2026-04-10 11:17:00.702070,Success,,490,7,3,4,71998.92
TXN004181,C0211,21905.35,Credit Card,2026-04-10 11:51:17.227722,Success,,145,24,12,12,3458.63
TXN004182,C1596,20055.28,Credit Card,2026-04-10 12:25:33.753375,Success,,85,10,6,4,53212.4
TXN004183,C1964,23591.36,UPI,2026-04-10 12:59:50.279027,Success,,304,30,12,18,95696.32
TXN004184,C1401,2552.52,Net Banking,2026-04-10 13:34:06.804680,Success,,325,24,5,19,55994.54
TXN004185,C1419,6701.57,Debit Card,2026-04-10 14:08:23.330333,Success,,506,20,13,7,139070.26
TXN004186,C1474,12426.89,Debit Card,2026-04-10 14:42:39.855985,Success,,630,21,2,19,96294.16
TXN004187,C0943,21178.71,Wallet,2026-04-10 15:16:56.381638,Success,,577,22,7,15,97143.36
TXN004188,C1388,12678.63,UPI,2026-04-10 15:51:12.907290,Success,,27,9,4,5,56478.34
TXN004189,C1900,18726.07,Debit Card,2026-04-10 16:25:29.432943,Success,,900,17,1,16,6262.26
TXN004190,C0457,3560.1,Credit Card,2026-04-10 16:59:45.958595,Success,,441,8,2,6,110857.87
TXN004191,C0725,6385.1,UPI,2026-04-10 17:34:02.484248,Success,,625,15,6,9,107578.59
TXN004192,C1752,18321.22,UPI,2026-04-10 18:08:19.009900,Success,,158,0,0,0,79753.69
TXN004193,C1250,4201.88,Net Banking,2026-04-10 18:42:35.535553,Failed,Insufficient Balance,449,29,9,20,62732.07
TXN004194,C0982,8848.76,Credit Card,2026-04-10 19:16:52.061206,Success,,228,21,8,13,80978.4
TXN004195,C1155,6695.17,Net Banking,2026-04-10 19:51:08.586858,Success,,15,5,0,5,112148.9
TXN004196,C0588,8811.56,Credit Card,2026-04-10 20:25:25.112511,Success,,680,29,27,2,107061.42
TXN004197,C0476,17737.27,UPI,2026-04-10 20:59:41.638163,Success,,619,22,5,17,98887.39
TXN004198,C1822,9259.39,UPI,2026-04-10 21:33:58.163816,Success,,848,1,0,1,135614.7
TXN004199,C0986,13926.06,UPI,2026-04-10 22:08:14.689468,Success,,260,12,8,4,91678.31
TXN004200,C1301,2588.3,Wallet,2026-04-10 22:42:31.215121,Success,,70,21,2,19,2669.19
TXN004201,C0156,20144.94,UPI,2026-04-10 23:16:47.740774,Success,,488,5,3,2,92900.54
TXN004202,C1784,9310.23,Wallet,2026-04-10 23:51:04.266426,Success,,895,8,1,7,92077.61
TXN004203,C1242,16248.5,Wallet,2026-04-11 00:25:20.792079,Success,,77,13,9,4,10910.61
TXN004204,C0190,18162.2,Wallet,2026-04-11 00:59:37.317731,Success,,450,23,1,22,64445.6
TXN004205,C1441,5320.56,Credit Card,2026-04-11 01:33:53.843384,Success,,262,20,16,4,97838.89
TXN004206,C0981,22128.41,Wallet,2026-04-11 02:08:10.369036,Failed,Network Error,838,6,6,0,105822.93
TXN004207,C1699,15443.98,UPI,2026-04-11 02:42:26.894689,Success,,893,22,2,20,134010.92
TXN004208,C1716,10775.26,UPI,2026-04-11 03:16:43.420342,Abandoned,Checkout Abandoned,633,4,0,4,126286.46
TXN004209,C0546,4640.15,UPI,2026-04-11 03:50:59.945994,Success,,538,6,4,2,17924.5
TXN004210,C0041,23563.29,Wallet,2026-04-11 04:25:16.471647,Success,,678,2,2,0,91513.27
TXN004211,C0307,18901.2,UPI,2026-04-11 04:59:32.997299,Success,,76,22,7,15,89673.97
TXN004212,C0943,5279.81,Credit Card,2026-04-11 05:33:49.522952,Success,,836,12,3,9,45910.31
TXN004213,C0338,8509.0,UPI,2026-04-11 06:08:06.048604,Failed,Insufficient Balance,524,21,0,21,28023.8
TXN004214,C1338,20260.89,UPI,2026-04-11 06:42:22.574257,Success,,887,30,1,29,30326.54
TXN004215,C1099,17422.37,UPI,2026-04-11 07:16:39.099909,Success,,624,11,1,10,27043.39
TXN004216,C0953,19168.03,Net Banking,2026-04-11 07:50:55.625562,Success,,164,5,1,4,121036.42
TXN004217,C0279,11085.91,Credit Card,2026-04-11 08:25:12.151215,Success,,522,1,0,1,22684.76
TXN004218,C1200,17940.26,Net Banking,2026-04-11 08:59:28.676867,Success,,344,14,6,8,40026.6
TXN004219,C0896,9723.69,Debit Card,2026-04-11 09:33:45.202520,Success,,855,14,8,6,33059.37
TXN004220,C1686,5360.45,Wallet,2026-04-11 10:08:01.728172,Success,,397,17,9,8,107072.1
TXN004221,C0273,15853.66,Credit Card,2026-04-11 10:42:18.253825,Success,,13,22,1,21,24180.19
TXN004222,C0837,24402.75,Credit Card,2026-04-11 11:16:34.779477,Success,,389,16,4,12,4097.71
TXN004223,C0620,7833.96,Credit Card,2026-04-11 11:50:51.305130,Failed,Card Declined,724,24,16,8,56446.7
TXN004224,C1675,11578.14,Credit Card,2026-04-11 12:25:07.830783,Failed,Card Declined,42,2,1,1,46111.59
TXN004225,C0862,16882.63,Net Banking,2026-04-11 12:59:24.356435,Success,,20,21,19,2,59956.85
TXN004226,C1807,13583.51,Credit Card,2026-04-11 13:33:40.882088,Abandoned,Checkout Abandoned,725,2,1,1,113195.45
TXN004227,C1883,21101.35,Net Banking,2026-04-11 14:07:57.407740,Success,,728,27,0,27,2348.85
TXN004228,C0931,19067.39,Debit Card,2026-04-11 14:42:13.933393,Success,,518,8,7,1,6137.29
TXN004229,C0289,1551.6,UPI,2026-04-11 15:16:30.459045,Success,,194,9,5,4,38718.87
TXN004230,C0724,24960.69,Debit Card,2026-04-11 15:50:46.984698,Success,,163,11,0,11,133436.67
TXN004231,C0893,18834.82,UPI,2026-04-11 16:25:03.510351,Success,,865,22,16,6,25776.64
TXN004232,C0272,21611.19,Credit Card,2026-04-11 16:59:20.036003,Success,,888,0,0,0,149557.17
TXN004233,C1954,16314.82,Debit Card,2026-04-11 17:33:36.561656,Success,,703,3,2,1,120951.04
TXN004234,C1090,21421.5,Wallet,2026-04-11 18:07:53.087308,Success,,521,29,14,15,68692.41
TXN004235,C0483,2898.34,UPI,2026-04-11 18:42:09.612961,Success,,676,20,19,1,112305.41
TXN004236,C0936,8758.67,UPI,2026-04-11 19:16:26.138613,Failed,Card Declined,237,22,15,7,78062.86
TXN004237,C0248,21922.88,UPI,2026-04-11 19:50:42.664266,Success,,484,22,20,2,85115.84
TXN004238,C0156,5121.21,UPI,2026-04-11 20:24:59.189918,Success,,111,4,4,0,87325.38
TXN004239,C1071,2048.23,Net Banking,2026-04-11 20:59:15.715571,Success,,703,27,26,1,97483.72
TXN004240,C1959,19724.16,Net Banking,2026-04-11 21:33:32.241224,Abandoned,Checkout Abandoned,267,16,8,8,9584.25
TXN004241,C0454,20903.61,Debit Card,2026-04-11 22:07:48.766876,Success,,786,20,11,9,92666.47
TXN004242,C0201,4150.04,Net Banking,2026-04-11 22:42:05.292529,Success,,81,4,1,3,107683.81
TXN004243,C1684,21373.21,UPI,2026-04-11 23:16:21.818181,Success,,508,3,2,1,46953.11
TXN004244,C0124,17200.52,UPI,2026-04-11 23:50:38.343834,Failed,Card Declined,369,28,27,1,146797.54
TXN004245,C0001,13050.06,UPI,2026-04-12 00:24:54.869486,Success,,893,21,8,13,22094.54
TXN004246,C0968,20773.23,Net Banking,2026-04-12 00:59:11.395139,Success,,841,14,11,3,136611.16
TXN004247,C1783,10539.31,Debit Card,2026-04-12 01:33:27.920792,Success,,250,23,15,8,101629.19
TXN004248,C0855,4930.45,Debit Card,2026-04-12 02:07:44.446444,Abandoned,Checkout Abandoned,124,9,0,9,99815.01
TXN004249,C0640,7192.83,UPI,2026-04-12 02:42:00.972097,Success,,586,4,3,1,131465.39
TXN004250,C0191,12678.58,UPI,2026-04-12 03:16:17.497749,Success,,798,13,10,3,124843.52
TXN004251,C1603,13330.14,Wallet,2026-04-12 03:50:34.023402,Success,,419,23,22,1,52142.45
TXN004252,C0516,20158.96,UPI,2026-04-12 04:24:50.549054,Success,,664,30,3,27,105952.79
TXN004253,C0442,19804.68,Debit Card,2026-04-12 04:59:07.074707,Success,,436,27,7,20,8065.09
TXN004254,C1945,14576.03,UPI,2026-04-12 05:33:23.600360,Failed,Technical Error,738,20,6,14,69870.76
TXN004255,C1839,19541.56,UPI,2026-04-12 06:07:40.126012,Failed,Card Declined,688,12,5,7,140697.7
TXN004256,C1830,4875.16,Debit Card,2026-04-12 06:41:56.651665,Success,,537,18,4,14,41476.37
TXN004257,C0143,1346.61,UPI,2026-04-12 07:16:13.177317,Success,,556,7,1,6,7970.63
TXN004258,C1215,21853.48,Debit Card,2026-04-12 07:50:29.702970,Success,,800,11,2,9,87650.28
TXN004259,C0533,1981.31,Debit Card,2026-04-12 08:24:46.228622,Success,,149,19,19,0,53587.41
TXN004260,C0227,6242.54,Credit Card,2026-04-12 08:59:02.754275,Success,,761,29,23,6,57262.68
TXN004261,C1337,17413.44,Debit Card,2026-04-12 09:33:19.279927,Success,,317,18,16,2,87577.35
TXN004262,C1653,10295.25,Credit Card,2026-04-12 10:07:35.805580,Success,,796,18,15,3,93427.56
TXN004263,C0949,21920.22,UPI,2026-04-12 10:41:52.331233,Success,,875,5,2,3,65879.63
TXN004264,C1326,7519.7,Debit Card,2026-04-12 11:16:08.856885,Failed,Technical Error,401,7,4,3,76378.61
TXN004265,C1678,395.6,Credit Card,2026-04-12 11:50:25.382538,Success,,636,9,1,8,148991.74
TXN004266,C0460,7586.33,UPI,2026-04-12 12:24:41.908190,Success,,96,20,13,7,143593.62
TXN004267,C1425,14494.07,Net Banking,2026-04-12 12:58:58.433843,Abandoned,Checkout Abandoned,148,16,1,15,106243.9
TXN004268,C0551,9460.87,Credit Card,2026-04-12 13:33:14.959495,Abandoned,Checkout Abandoned,388,0,0,0,24641.19
TXN004269,C0393,13418.33,Net Banking,2026-04-12 14:07:31.485148,Success,,52,18,11,7,54314.03
TXN004270,C1891,21927.29,Net Banking,2026-04-12 14:41:48.010801,Success,,875,11,5,6,132521.69
TXN004271,C1788,22820.88,UPI,2026-04-12 15:16:04.536453,Success,,78,27,20,7,63823.1
TXN004272,C0845,6722.75,Credit Card,2026-04-12 15:50:21.062106,Success,,686,21,9,12,143327.46
TXN004273,C1231,11607.3,UPI,2026-04-12 16:24:37.587758,Success,,162,1,0,1,73501.12
TXN004274,C0210,13773.69,UPI,2026-04-12 16:58:54.113411,Abandoned,Checkout Abandoned,481,16,6,10,129334.49
TXN004275,C1139,23732.9,Net Banking,2026-04-12 17:33:10.639063,Success,,673,30,1,29,5789.15
TXN004276,C1761,24965.57,Debit Card,2026-04-12 18:07:27.164716,Success,,627,6,0,6,65407.47
TXN004277,C0646,5961.64,UPI,2026-04-12 18:41:43.690369,Success,,299,13,1,12,105189.15
TXN004278,C1275,18201.8,Credit Card,2026-04-12 19:16:00.216021,Failed,Bank Timeout,504,13,0,13,129602.9
TXN004279,C0219,9512.97,Wallet,2026-04-12 19:50:16.741674,Success,,859,11,1,10,91640.12
TXN004280,C0407,301.89,Credit Card,2026-04-12 20:24:33.267326,Success,,880,15,10,5,26402.67
TXN004281,C1467,330.39,Debit Card,2026-04-12 20:58:49.792979,Success,,600,17,6,11,132926.23
TXN004282,C1627,11568.09,Debit Card,2026-04-12 21:33:06.318631,Success,,120,7,2,5,86434.57
TXN004283,C1378,12259.54,UPI,2026-04-12 22:07:22.844284,Success,,277,1,1,0,16648.72
TXN004284,C0888,661.99,UPI,2026-04-12 22:41:39.369936,Success,,422,10,0,10,69845.09
TXN004285,C0558,17204.49,Debit Card,2026-04-12 23:15:55.895589,Success,,486,0,0,0,104992.04
TXN004286,C0550,7420.68,Credit Card,2026-04-12 23:50:12.421242,Success,,669,9,8,1,67926.85
TXN004287,C0142,14041.34,Credit Card,2026-04-13 00:24:28.946894,Abandoned,Checkout Abandoned,344,17,11,6,130683.12
TXN004288,C0612,7592.88,Debit Card,2026-04-13 00:58:45.472547,Abandoned,Checkout Abandoned,396,15,7,8,63842.3
TXN004289,C0501,4261.64,Debit Card,2026-04-13 01:33:01.998199,Success,,345,1,1,0,87726.18
TXN004290,C0840,10238.63,UPI,2026-04-13 02:07:18.523852,Success,,838,22,1,21,32069.98
TXN004291,C0702,5883.61,UPI,2026-04-13 02:41:35.049504,Success,,476,16,16,0,77146.61
TXN004292,C1571,13416.54,UPI,2026-04-13 03:15:51.575157,Abandoned,Checkout Abandoned,592,15,15,0,33817.17
TXN004293,C1683,5050.83,Credit Card,2026-04-13 03:50:08.100810,Success,,250,18,15,3,34165.48
TXN004294,C1566,12759.31,UPI,2026-04-13 04:24:24.626462,Success,,237,4,2,2,42345.43
TXN004295,C1870,4018.73,Credit Card,2026-04-13 04:58:41.152115,Success,,671,27,18,9,7107.79
TXN004296,C1531,16807.27,UPI,2026-04-13 05:32:57.677767,Success,,82,22,15,7,24914.79
TXN004297,C0596,18873.05,Credit Card,2026-04-13 06:07:14.203420,Success,,538,29,10,19,63941.91
TXN004298,C1905,2848.82,UPI,2026-04-13 06:41:30.729072,Failed,Technical Error,106,5,1,4,20093.54
TXN004299,C0281,11748.28,Credit Card,2026-04-13 07:15:47.254725,Success,,267,23,8,15,20441.02
TXN004300,C0424,1864.71,UPI,2026-04-13 07:50:03.780378,Success,,272,16,13,3,145205.81
TXN004301,C0856,14994.74,UPI,2026-04-13 08:24:20.306030,Success,,232,15,1,14,64351.06
TXN004302,C0270,6683.67,Net Banking,2026-04-13 08:58:36.831683,Failed,Insufficient Balance,535,15,13,2,60858.04
TXN004303,C0154,13237.85,UPI,2026-04-13 09:32:53.357335,Success,,494,6,4,2,40526.48
TXN004304,C0614,12984.78,Debit Card,2026-04-13 10:07:09.882988,Success,,269,15,4,11,77110.85
TXN004305,C1751,23116.42,Wallet,2026-04-13 10:41:26.408640,Success,,694,8,3,5,89611.7
TXN004306,C0662,13772.17,Credit Card,2026-04-13 11:15:42.934293,Abandoned,Checkout Abandoned,200,22,13,9,63018.74
TXN004307,C1968,14616.66,Net Banking,2026-04-13 11:49:59.459945,Success,,275,5,0,5,59374.37
TXN004308,C0083,10101.16,UPI,2026-04-13 12:24:15.985598,Success,,566,15,15,0,105213.79
TXN004309,C1646,23732.08,Credit Card,2026-04-13 12:58:32.511251,Success,,225,8,5,3,142491.62
TXN004310,C0947,19451.93,Credit Card,2026-04-13 13:32:49.036903,Failed,Bank Timeout,309,28,21,7,131734.4
TXN004311,C0899,7206.59,UPI,2026-04-13 14:07:05.562556,Success,,704,3,2,1,18233.73
TXN004312,C1450,21120.82,UPI,2026-04-13 14:41:22.088208,Success,,155,27,16,11,98020.15
TXN004313,C1299,10866.67,UPI,2026-04-13 15:15:38.613861,Success,,532,25,22,3,1553.62
TXN004314,C1737,20733.81,Debit Card,2026-04-13 15:49:55.139513,Success,,763,21,21,0,95147.22
TXN004315,C0284,20589.91,Wallet,2026-04-13 16:24:11.665166,Success,,191,5,5,0,69920.86
TXN004316,C0980,4802.87,UPI,2026-04-13 16:58:28.190819,Abandoned,Checkout Abandoned,501,29,13,16,73921.4
TXN004317,C0173,17558.41,UPI,2026-04-13 17:32:44.716471,Success,,138,25,19,6,88409.83
TXN004318,C1351,7337.01,UPI,2026-04-13 18:07:01.242124,Abandoned,Checkout Abandoned,574,13,6,7,111526.98
TXN004319,C1742,7507.57,Credit Card,2026-04-13 18:41:17.767776,Success,,873,2,2,0,109553.94
TXN004320,C1087,7479.07,Debit Card,2026-04-13 19:15:34.293429,Abandoned,Checkout Abandoned,729,22,21,1,7149.62
TXN004321,C1097,18166.65,UPI,2026-04-13 19:49:50.819081,Success,,727,16,5,11,110605.91
TXN004322,C0763,5822.67,UPI,2026-04-13 20:24:07.344734,Success,,42,10,9,1,124557.49
TXN004323,C1660,122.56,Debit Card,2026-04-13 20:58:23.870387,Success,,400,23,21,2,10691.81
TXN004324,C1399,17909.4,Net Banking,2026-04-13 21:32:40.396039,Success,,92,7,6,1,48780.52
TXN004325,C0633,4362.5,Credit Card,2026-04-13 22:06:56.921692,Success,,34,7,2,5,118913.58
TXN004326,C1532,2701.61,Credit Card,2026-04-13 22:41:13.447344,Success,,462,24,9,15,74219.47
TXN004327,C0787,6014.15,UPI,2026-04-13 23:15:29.972997,Success,,442,30,4,26,104386.21
TXN004328,C0943,9559.52,UPI,2026-04-13 23:49:46.498649,Success,,83,3,0,3,75596.21
TXN004329,C1012,11950.07,UPI,2026-04-14 00:24:03.024302,Failed,Insufficient Balance,653,14,0,14,146744.26
TXN004330,C0398,1209.79,UPI,2026-04-14 00:58:19.549954,Success,,673,15,5,10,140460.86
TXN004331,C1144,24267.28,Wallet,2026-04-14 01:32:36.075607,Abandoned,Checkout Abandoned,439,21,4,17,42531.21
TXN004332,C0934,17929.97,Credit Card,2026-04-14 02:06:52.601260,Abandoned,Checkout Abandoned,512,30,20,10,58189.78
TXN004333,C1461,8147.53,UPI,2026-04-14 02:41:09.126912,Success,,898,10,5,5,64986.23
TXN004334,C1853,8035.56,UPI,2026-04-14 03:15:25.652565,Success,,517,27,6,21,16078.55
TXN004335,C0676,11268.71,UPI,2026-04-14 03:49:42.178217,Success,,405,6,3,3,60909.2
TXN004336,C0936,15693.5,Credit Card,2026-04-14 04:23:58.703870,Success,,711,17,6,11,116339.75
TXN004337,C0465,3744.69,UPI,2026-04-14 04:58:15.229522,Success,,861,5,4,1,127110.99
TXN004338,C0286,4804.35,UPI,2026-04-14 05:32:31.755175,Success,,227,23,22,1,132976.85
TXN004339,C0265,21499.92,Credit Card,2026-04-14 06:06:48.280828,Success,,469,30,0,30,2676.57
TXN004340,C0320,6480.75,UPI,2026-04-14 06:41:04.806480,Success,,327,3,1,2,118426.5
TXN004341,C0673,9566.86,UPI,2026-04-14 07:15:21.332133,Success,,746,4,3,1,75642.84
TXN004342,C1400,21794.67,UPI,2026-04-14 07:49:37.857785,Failed,Network Error,327,23,1,22,31320.79
TXN004343,C0820,16612.38,UPI,2026-04-14 08:23:54.383438,Success,,597,2,1,1,75062.38
TXN004344,C0089,8608.63,UPI,2026-04-14 08:58:10.909090,Success,,451,5,0,5,126716.94
TXN004345,C1678,17124.12,UPI,2026-04-14 09:32:27.434743,Success,,175,13,6,7,65420.28
TXN004346,C1227,590.11,Debit Card,2026-04-14 10:06:43.960396,Success,,461,0,0,0,148573.93
TXN004347,C0821,18417.5,Debit Card,2026-04-14 10:41:00.486048,Success,,154,19,2,17,92694.14
TXN004348,C1763,12226.7,Credit Card,2026-04-14 11:15:17.011701,Success,,531,13,4,9,73719.67
TXN004349,C1001,20348.24,Net Banking,2026-04-14 11:49:33.537353,Success,,476,5,1,4,44585.95
TXN004350,C1979,23870.48,UPI,2026-04-14 12:23:50.063006,Success,,692,2,1,1,2152.13
TXN004351,C0334,23152.13,Net Banking,2026-04-14 12:58:06.588658,Success,,298,16,11,5,91776.98
TXN004352,C0222,22740.7,UPI,2026-04-14 13:32:23.114311,Success,,46,21,6,15,86835.58
TXN004353,C0041,12853.03,UPI,2026-04-14 14:06:39.639963,Success,,641,13,13,0,77763.75
TXN004354,C1732,9067.54,UPI,2026-04-14 14:40:56.165616,Success,,421,18,4,14,80886.82
TXN004355,C0068,11679.38,UPI,2026-04-14 15:15:12.691269,Success,,695,23,3,20,126606.59
TXN004356,C0988,17278.41,Wallet,2026-04-14 15:49:29.216921,Failed,Network Error,886,6,0,6,47872.05
TXN004357,C1800,22111.54,UPI,2026-04-14 16:23:45.742574,Success,,395,10,8,2,82762.96
TXN004358,C0514,5253.96,UPI,2026-04-14 16:58:02.268226,Success,,431,6,5,1,102152.17
TXN004359,C1897,22963.01,UPI,2026-04-14 17:32:18.793879,Success,,47,12,1,11,31867.93
TXN004360,C1661,20397.99,UPI,2026-04-14 18:06:35.319531,Failed,Technical Error,542,27,11,16,138760.5
TXN004361,C1646,24473.51,UPI,2026-04-14 18:40:51.845184,Failed,Insufficient Balance,170,23,22,1,110699.82
TXN004362,C1622,22018.27,UPI,2026-04-14 19:15:08.370837,Failed,Network Error,227,22,5,17,8467.66
TXN004363,C1961,7070.44,UPI,2026-04-14 19:49:24.896489,Success,,253,20,12,8,129833.45
TXN004364,C1656,2738.3,Net Banking,2026-04-14 20:23:41.422142,Failed,Network Error,52,25,3,22,139515.59
TXN004365,C1151,2894.8,UPI,2026-04-14 20:57:57.947794,Success,,127,23,21,2,119153.67
TXN004366,C1279,7351.46,UPI,2026-04-14 21:32:14.473447,Success,,615,13,12,1,64220.58
TXN004367,C0695,15393.17,Credit Card,2026-04-14 22:06:30.999099,Success,,333,23,10,13,149159.35
TXN004368,C1040,20127.58,Wallet,2026-04-14 22:40:47.524752,Success,,207,10,5,5,19103.17
TXN004369,C0477,22491.33,UPI,2026-04-14 23:15:04.050405,Success,,491,7,4,3,80722.57
TXN004370,C1086,15631.46,UPI,2026-04-14 23:49:20.576057,Success,,260,30,0,30,25973.43
TXN004371,C0881,240.22,Wallet,2026-04-15 00:23:37.101710,Failed,Network Error,713,11,2,9,66182.65
TXN004372,C0432,4739.29,UPI,2026-04-15 00:57:53.627362,Failed,Bank Timeout,477,14,6,8,139149.93
TXN004373,C1694,2583.18,Credit Card,2026-04-15 01:32:10.153015,Success,,841,9,1,8,119242.04
TXN004374,C0268,9146.78,UPI,2026-04-15 02:06:26.678667,Success,,134,21,9,12,117421.25
TXN004375,C1059,12583.64,Wallet,2026-04-15 02:40:43.204320,Failed,Bank Timeout,558,1,1,0,53401.14
TXN004376,C0779,1180.59,Wallet,2026-04-15 03:14:59.729972,Failed,Card Declined,600,23,16,7,140173.39
TXN004377,C1600,8777.1,Net Banking,2026-04-15 03:49:16.255625,Success,,512,12,7,5,55555.01
TXN004378,C0494,4561.57,UPI,2026-04-15 04:23:32.781278,Success,,113,9,6,3,6476.03
TXN004379,C1586,16212.05,UPI,2026-04-15 04:57:49.306930,Success,,672,30,21,9,95851.29
TXN004380,C1493,11660.38,UPI,2026-04-15 05:32:05.832583,Success,,243,16,0,16,54715.82
TXN004381,C1791,12433.41,Net Banking,2026-04-15 06:06:22.358235,Success,,82,24,11,13,23481.87
TXN004382,C0661,10749.53,Net Banking,2026-04-15 06:40:38.883888,Success,,43,24,24,0,140231.38
TXN004383,C1349,23904.89,UPI,2026-04-15 07:14:55.409540,Success,,372,21,16,5,95767.31
TXN004384,C1328,5446.9,Debit Card,2026-04-15 07:49:11.935193,Success,,171,9,3,6,141109.19
TXN004385,C1300,12964.94,UPI,2026-04-15 08:23:28.460846,Failed,Insufficient Balance,729,21,14,7,87655.31
TXN004386,C1893,18426.83,UPI,2026-04-15 08:57:44.986498,Success,,269,5,4,1,10047.62
TXN004387,C1987,13965.43,Credit Card,2026-04-15 09:32:01.512151,Success,,485,26,18,8,4976.11
TXN004388,C1708,23232.62,UPI,2026-04-15 10:06:18.037803,Failed,Network Error,346,19,19,0,135133.93
TXN004389,C1953,9511.41,UPI,2026-04-15 10:40:34.563456,Success,,498,0,0,0,6289.83
TXN004390,C1013,11645.53,UPI,2026-04-15 11:14:51.089108,Success,,725,16,16,0,92468.78
TXN004391,C1225,2304.21,Net Banking,2026-04-15 11:49:07.614761,Success,,206,0,0,0,45047.38
TXN004392,C1469,15264.08,Net Banking,2026-04-15 12:23:24.140414,Failed,Insufficient Balance,239,4,1,3,103304.89
TXN004393,C1929,7276.48,Wallet,2026-04-15 12:57:40.666066,Abandoned,Checkout Abandoned,109,28,3,25,43066.0
TXN004394,C1348,4091.7,Debit Card,2026-04-15 13:31:57.191719,Success,,615,14,3,11,6064.71
TXN004395,C1059,13658.83,Credit Card,2026-04-15 14:06:13.717371,Failed,Card Declined,72,22,2,20,109760.35
TXN004396,C0977,13354.53,UPI,2026-04-15 14:40:30.243024,Success,,343,0,0,0,46979.94
TXN004397,C0482,1989.2,Wallet,2026-04-15 15:14:46.768676,Failed,Technical Error,715,16,7,9,82844.44
TXN004398,C0728,17485.56,Credit Card,2026-04-15 15:49:03.294329,Abandoned,Checkout Abandoned,293,13,6,7,116192.94
TXN004399,C0480,15631.93,Debit Card,2026-04-15 16:23:19.819981,Success,,798,12,8,4,105572.08
TXN004400,C1089,4806.53,Debit Card,2026-04-15 16:57:36.345634,Failed,Card Declined,728,27,1,26,52611.38
TXN004401,C1032,11788.93,Net Banking,2026-04-15 17:31:52.871287,Success,,885,10,9,1,112300.09
TXN004402,C1325,18036.04,UPI,2026-04-15 18:06:09.396939,Success,,608,11,2,9,138889.31
TXN004403,C0343,13282.95,UPI,2026-04-15 18:40:25.922592,Failed,Network Error,147,5,5,0,91691.2
TXN004404,C1455,9947.68,Debit Card,2026-04-15 19:14:42.448244,Success,,547,10,1,9,105674.16
TXN004405,C1448,8126.23,Net Banking,2026-04-15 19:48:58.973897,Success,,428,1,1,0,129953.27
TXN004406,C0332,15298.81,Debit Card,2026-04-15 20:23:15.499549,Success,,299,17,15,2,126624.27
TXN004407,C0438,23483.81,UPI,2026-04-15 20:57:32.025202,Failed,Technical Error,779,11,11,0,53064.4
TXN004408,C1612,16826.45,UPI,2026-04-15 21:31:48.550855,Failed,Technical Error,436,28,27,1,148759.24
TXN004409,C0174,1961.17,Debit Card,2026-04-15 22:06:05.076507,Success,,693,22,17,5,4770.62
TXN004410,C0559,11571.06,Debit Card,2026-04-15 22:40:21.602160,Success,,760,14,9,5,148012.78
TXN004411,C0527,22281.52,Credit Card,2026-04-15 23:14:38.127812,Abandoned,Checkout Abandoned,437,8,1,7,37276.57
TXN004412,C1897,2452.11,UPI,2026-04-15 23:48:54.653465,Success,,52,7,3,4,66345.34
TXN004413,C0659,24723.01,Wallet,2026-04-16 00:23:11.179117,Abandoned,Checkout Abandoned,317,17,1,16,132611.47
TXN004414,C0026,23731.83,Credit Card,2026-04-16 00:57:27.704770,Failed,Card Declined,631,15,12,3,37027.16
TXN004415,C0820,2049.03,Debit Card,2026-04-16 01:31:44.230423,Success,,156,29,20,9,34104.85
TXN004416,C0605,23341.99,UPI,2026-04-16 02:06:00.756075,Success,,644,22,0,22,96644.76
TXN004417,C0406,9142.0,UPI,2026-04-16 02:40:17.281728,Success,,826,20,15,5,105964.85
TXN004418,C0232,21133.26,Net Banking,2026-04-16 03:14:33.807380,Success,,390,28,16,12,1616.87
TXN004419,C0533,10517.75,UPI,2026-04-16 03:48:50.333033,Success,,760,26,0,26,67841.41
TXN004420,C1843,11077.29,Credit Card,2026-04-16 04:23:06.858685,Failed,Network Error,712,9,4,5,73621.79
TXN004421,C1574,15892.65,Credit Card,2026-04-16 04:57:23.384338,Failed,Technical Error,125,11,6,5,41139.36
TXN004422,C1812,19384.49,Debit Card,2026-04-16 05:31:39.909991,Success,,474,29,2,27,82143.4
TXN004423,C0505,941.35,UPI,2026-04-16 06:05:56.435643,Success,,678,28,22,6,23609.35
TXN004424,C1693,14869.58,UPI,2026-04-16 06:40:12.961296,Success,,853,19,19,0,48879.07
TXN004425,C0179,4749.65,Wallet,2026-04-16 07:14:29.486948,Success,,216,11,4,7,107129.27
TXN004426,C0132,8714.14,Credit Card,2026-04-16 07:48:46.012601,Success,,62,29,13,16,131131.09
TXN004427,C1847,8764.42,UPI,2026-04-16 08:23:02.538253,Failed,Card Declined,107,9,7,2,88612.15
TXN004428,C1479,11779.6,UPI,2026-04-16 08:57:19.063906,Success,,37,13,8,5,11689.26
TXN004429,C0348,8420.0,Wallet,2026-04-16 09:31:35.589558,Success,,222,3,3,0,101972.51
TXN004430,C0540,2773.29,UPI,2026-04-16 10:05:52.115211,Success,,666,14,4,10,134690.87
TXN004431,C0772,3726.16,Credit Card,2026-04-16 10:40:08.640864,Success,,766,19,1,18,75894.95
TXN004432,C1430,932.61,UPI,2026-04-16 11:14:25.166516,Success,,257,8,8,0,74306.95
TXN004433,C0076,11809.2,Net Banking,2026-04-16 11:48:41.692169,Success,,499,6,4,2,148716.33
TXN004434,C1965,23865.75,Debit Card,2026-04-16 12:22:58.217821,Failed,Card Declined,859,6,5,1,95626.52
TXN004435,C0579,2980.31,Credit Card,2026-04-16 12:57:14.743474,Success,,545,29,4,25,121001.32
TXN004436,C0854,23661.99,UPI,2026-04-16 13:31:31.269126,Success,,774,19,19,0,97150.78
TXN004437,C1516,18360.7,Net Banking,2026-04-16 14:05:47.794779,Success,,865,8,0,8,33526.9
TXN004438,C0194,15973.72,UPI,2026-04-16 14:40:04.320432,Abandoned,Checkout Abandoned,341,23,5,18,42969.69
TXN004439,C1186,16167.42,Wallet,2026-04-16 15:14:20.846084,Success,,45,9,0,9,100023.01
TXN004440,C0347,20685.52,Credit Card,2026-04-16 15:48:37.371737,Failed,Network Error,206,19,1,18,68682.63
TXN004441,C0951,2762.3,Debit Card,2026-04-16 16:22:53.897389,Failed,Card Declined,419,12,6,6,60949.99
TXN004442,C1385,12668.38,UPI,2026-04-16 16:57:10.423042,Success,,193,5,4,1,3856.57
TXN004443,C1793,17457.57,Debit Card,2026-04-16 17:31:26.948694,Failed,Card Declined,76,3,0,3,132713.18
TXN004444,C1608,14711.83,UPI,2026-04-16 18:05:43.474347,Success,,42,16,7,9,132732.42
TXN004445,C1111,20836.2,UPI,2026-04-16 18:40:00.000000,Success,,176,20,0,20,69415.18
TXN004446,C1958,1899.57,UPI,2026-04-16 19:14:16.525652,Success,,349,25,18,7,105260.51
TXN004447,C1286,17298.46,UPI,2026-04-16 19:48:33.051305,Failed,Card Declined,707,13,8,5,27083.99
TXN004448,C0214,13397.29,UPI,2026-04-16 20:22:49.576957,Abandoned,Checkout Abandoned,533,26,4,22,75819.75
TXN004449,C1689,9541.11,UPI,2026-04-16 20:57:06.102610,Abandoned,Checkout Abandoned,254,2,0,2,66110.41
TXN004450,C1746,8572.85,Net Banking,2026-04-16 21:31:22.628262,Success,,495,0,0,0,98663.73
TXN004451,C1937,15558.73,UPI,2026-04-16 22:05:39.153915,Success,,605,17,0,17,70712.06
TXN004452,C0573,22285.78,Debit Card,2026-04-16 22:39:55.679567,Success,,858,1,1,0,75015.93
TXN004453,C0780,12454.78,UPI,2026-04-16 23:14:12.205220,Success,,52,7,1,6,44709.01
TXN004454,C0262,20635.61,Credit Card,2026-04-16 23:48:28.730873,Success,,628,15,9,6,7739.26
TXN004455,C0730,10113.69,Credit Card,2026-04-17 00:22:45.256525,Success,,534,3,0,3,137595.35
TXN004456,C0283,2649.62,Wallet,2026-04-17 00:57:01.782178,Abandoned,Checkout Abandoned,466,18,2,16,2328.63
TXN004457,C1672,1631.49,Net Banking,2026-04-17 01:31:18.307830,Success,,860,19,11,8,42558.0
TXN004458,C1491,1378.23,Credit Card,2026-04-17 02:05:34.833483,Success,,611,9,9,0,67417.81
TXN004459,C1404,9565.74,Debit Card,2026-04-17 02:39:51.359135,Success,,125,16,11,5,48204.31
TXN004460,C0362,8497.22,UPI,2026-04-17 03:14:07.884788,Success,,115,16,6,10,83011.72
TXN004461,C1473,17976.63,Credit Card,2026-04-17 03:48:24.410441,Abandoned,Checkout Abandoned,694,20,15,5,69511.15
TXN004462,C0441,18596.26,UPI,2026-04-17 04:22:40.936093,Success,,354,6,3,3,38693.7
TXN004463,C0093,1366.26,UPI,2026-04-17 04:56:57.461746,Success,,398,8,2,6,13659.01
TXN004464,C1645,5605.97,UPI,2026-04-17 05:31:13.987398,Success,,544,6,3,3,21061.52
TXN004465,C0753,6929.12,Debit Card,2026-04-17 06:05:30.513051,Abandoned,Checkout Abandoned,812,26,6,20,73204.85
TXN004466,C0867,13735.54,Credit Card,2026-04-17 06:39:47.038703,Success,,250,20,13,7,126968.86
TXN004467,C1448,3698.43,Debit Card,2026-04-17 07:14:03.564356,Success,,105,2,2,0,15545.51
TXN004468,C0142,3435.14,Credit Card,2026-04-17 07:48:20.090009,Success,,319,23,3,20,101742.35
TXN004469,C1315,23600.34,UPI,2026-04-17 08:22:36.615661,Success,,134,11,9,2,118917.63
TXN004470,C1456,20124.65,Debit Card,2026-04-17 08:56:53.141314,Failed,Insufficient Balance,243,22,1,21,41877.46
TXN004471,C0749,4598.31,Net Banking,2026-04-17 09:31:09.666966,Success,,698,3,1,2,100401.8
TXN004472,C1876,10223.54,Net Banking,2026-04-17 10:05:26.192619,Success,,591,16,15,1,103155.36
TXN004473,C1848,8954.99,Credit Card,2026-04-17 10:39:42.718271,Success,,215,28,2,26,106315.01
TXN004474,C1713,19796.0,Debit Card,2026-04-17 11:13:59.243924,Abandoned,Checkout Abandoned,242,2,2,0,133675.96
TXN004475,C0653,12804.3,Debit Card,2026-04-17 11:48:15.769576,Success,,129,10,7,3,60079.65
TXN004476,C0701,3283.46,UPI,2026-04-17 12:22:32.295229,Failed,Bank Timeout,486,7,7,0,36931.53
TXN004477,C0998,18500.9,UPI,2026-04-17 12:56:48.820882,Success,,814,1,0,1,81804.81
TXN004478,C0049,9982.51,UPI,2026-04-17 13:31:05.346534,Failed,Insufficient Balance,640,24,23,1,9850.98
TXN004479,C1326,6646.81,UPI,2026-04-17 14:05:21.872187,Abandoned,Checkout Abandoned,31,13,10,3,50421.18
TXN004480,C0881,9449.92,Credit Card,2026-04-17 14:39:38.397839,Success,,770,3,2,1,132542.16
TXN004481,C1214,12494.14,Wallet,2026-04-17 15:13:54.923492,Success,,221,30,0,30,80042.61
TXN004482,C1160,8643.58,UPI,2026-04-17 15:48:11.449144,Success,,484,15,1,14,65782.96
TXN004483,C0555,6123.45,Debit Card,2026-04-17 16:22:27.974797,Failed,Card Declined,706,13,3,10,40219.74
TXN004484,C0404,10022.7,Debit Card,2026-04-17 16:56:44.500450,Success,,505,6,0,6,37931.16
TXN004485,C0892,577.41,UPI,2026-04-17 17:31:01.026102,Success,,848,9,2,7,35873.5
TXN004486,C0865,19335.2,UPI,2026-04-17 18:05:17.551755,Success,,197,11,3,8,124470.43
TXN004487,C0602,4356.53,Credit Card,2026-04-17 18:39:34.077407,Success,,192,22,9,13,147760.55
TXN004488,C1831,1193.22,Debit Card,2026-04-17 19:13:50.603060,Success,,427,27,18,9,80452.37
TXN004489,C0341,16377.1,Wallet,2026-04-17 19:48:07.128712,Failed,Bank Timeout,562,7,4,3,12435.1
TXN004490,C1781,19371.01,UPI,2026-04-17 20:22:23.654365,Failed,Technical Error,549,22,10,12,112780.34
TXN004491,C1969,20364.35,Net Banking,2026-04-17 20:56:40.180018,Success,,808,10,9,1,131619.64
TXN004492,C0704,12388.38,UPI,2026-04-17 21:30:56.705670,Success,,542,19,6,13,139718.61
TXN004493,C0318,5213.67,Debit Card,2026-04-17 22:05:13.231323,Success,,83,12,7,5,94501.91
TXN004494,C0618,18456.97,Credit Card,2026-04-17 22:39:29.756975,Failed,Insufficient Balance,828,11,7,4,76278.68
TXN004495,C1387,17522.86,UPI,2026-04-17 23:13:46.282628,Success,,45,6,2,4,93268.83
TXN004496,C1846,6232.14,UPI,2026-04-17 23:48:02.808280,Success,,419,20,17,3,2436.13
TXN004497,C0382,22594.85,UPI,2026-04-18 00:22:19.333933,Success,,540,30,15,15,98485.27
TXN004498,C0233,2698.85,UPI,2026-04-18 00:56:35.859585,Success,,783,11,0,11,106592.14
TXN004499,C1801,24568.94,Debit Card,2026-04-18 01:30:52.385238,Success,,697,9,5,4,108443.54
TXN004500,C1368,21520.17,UPI,2026-04-18 02:05:08.910891,Success,,24,6,0,6,84679.23
TXN004501,C1573,17228.68,Credit Card,2026-04-18 02:39:25.436543,Success,,631,18,12,6,105156.63
TXN004502,C0817,23474.87,UPI,2026-04-18 03:13:41.962196,Success,,118,25,22,3,96005.44
TXN004503,C0553,18085.55,Debit Card,2026-04-18 03:47:58.487848,Success,,133,26,24,2,17771.5
TXN004504,C1553,4842.38,Debit Card,2026-04-18 04:22:15.013501,Success,,314,6,1,5,134805.83
TXN004505,C0856,11109.69,Debit Card,2026-04-18 04:56:31.539153,Success,,27,22,9,13,93597.76
TXN004506,C1813,1880.43,Credit Card,2026-04-18 05:30:48.064806,Failed,Insufficient Balance,93,17,0,17,109305.26
TXN004507,C0819,9802.47,UPI,2026-04-18 06:05:04.590459,Success,,714,23,6,17,51761.68
TXN004508,C1595,18565.92,Net Banking,2026-04-18 06:39:21.116111,Success,,197,22,19,3,137926.31
TXN004509,C1959,9722.44,UPI,2026-04-18 07:13:37.641764,Success,,173,24,8,16,75641.06
TXN004510,C0183,8324.32,UPI,2026-04-18 07:47:54.167416,Success,,377,11,10,1,102011.4
TXN004511,C1065,14924.36,UPI,2026-04-18 08:22:10.693069,Success,,731,3,3,0,142851.22
TXN004512,C1575,21817.89,Debit Card,2026-04-18 08:56:27.218721,Failed,Insufficient Balance,403,24,1,23,137454.37
TXN004513,C0397,1284.82,Debit Card,2026-04-18 09:30:43.744374,Success,,29,0,0,0,96897.42
TXN004514,C1728,9698.21,Debit Card,2026-04-18 10:05:00.270027,Failed,Network Error,772,4,0,4,25278.34
TXN004515,C0779,4040.19,UPI,2026-04-18 10:39:16.795679,Failed,Card Declined,122,9,6,3,142609.98
TXN004516,C1518,17414.32,UPI,2026-04-18 11:13:33.321332,Success,,326,6,3,3,147628.29
TXN004517,C1683,2732.54,Net Banking,2026-04-18 11:47:49.846984,Failed,Technical Error,366,19,6,13,15957.81
TXN004518,C0907,16653.71,Credit Card,2026-04-18 12:22:06.372637,Success,,836,28,18,10,67819.5
TXN004519,C1357,7225.9,UPI,2026-04-18 12:56:22.898289,Success,,159,30,4,26,82464.21
TXN004520,C0127,5053.03,Credit Card,2026-04-18 13:30:39.423942,Abandoned,Checkout Abandoned,845,6,1,5,14266.19
TXN004521,C1582,23415.18,UPI,2026-04-18 14:04:55.949594,Success,,781,29,11,18,28857.15
TXN004522,C1581,561.26,UPI,2026-04-18 14:39:12.475247,Success,,604,27,13,14,80886.96
TXN004523,C0001,11000.65,UPI,2026-04-18 15:13:29.000900,Success,,422,30,27,3,144481.87
TXN004524,C1192,638.51,UPI,2026-04-18 15:47:45.526552,Success,,835,24,6,18,4657.59
TXN004525,C1644,12141.47,UPI,2026-04-18 16:22:02.052205,Success,,67,12,7,5,136910.24
TXN004526,C0019,12576.08,Net Banking,2026-04-18 16:56:18.577857,Abandoned,Checkout Abandoned,63,13,13,0,134841.92
TXN004527,C1356,8109.4,Credit Card,2026-04-18 17:30:35.103510,Success,,549,4,3,1,128648.21
TXN004528,C0584,3390.83,Credit Card,2026-04-18 18:04:51.629162,Failed,Technical Error,370,20,8,12,56943.86
TXN004529,C0456,9472.05,Debit Card,2026-04-18 18:39:08.154815,Success,,726,1,1,0,73878.12
TXN004530,C0957,16839.35,Wallet,2026-04-18 19:13:24.680468,Success,,432,13,9,4,60837.4
TXN004531,C1133,19581.66,UPI,2026-04-18 19:47:41.206120,Success,,66,20,0,20,142164.13
TXN004532,C1292,13315.69,Net Banking,2026-04-18 20:21:57.731773,Success,,73,7,0,7,78441.92
TXN004533,C0445,14786.88,Credit Card,2026-04-18 20:56:14.257425,Success,,613,19,5,14,12551.58
TXN004534,C1264,5095.35,UPI,2026-04-18 21:30:30.783078,Abandoned,Checkout Abandoned,295,1,1,0,41471.95
TXN004535,C1953,7254.53,UPI,2026-04-18 22:04:47.308730,Success,,351,7,6,1,69573.97
TXN004536,C1325,4131.2,Credit Card,2026-04-18 22:39:03.834383,Success,,518,19,8,11,143056.61
TXN004537,C0602,6307.45,Debit Card,2026-04-18 23:13:20.360036,Success,,443,29,22,7,85558.19
TXN004538,C0103,5699.68,UPI,2026-04-18 23:47:36.885688,Success,,447,28,22,6,104562.86
TXN004539,C0988,13034.27,Credit Card,2026-04-19 00:21:53.411341,Success,,544,4,2,2,13733.72
TXN004540,C1274,14110.95,Debit Card,2026-04-19 00:56:09.936993,Success,,539,29,11,18,131659.94
TXN004541,C1477,23629.19,UPI,2026-04-19 01:30:26.462646,Failed,Technical Error,775,11,2,9,81083.22
TXN004542,C0520,4969.71,Net Banking,2026-04-19 02:04:42.988298,Failed,Card Declined,90,6,1,5,138223.65
TXN004543,C1177,16077.73,Net Banking,2026-04-19 02:38:59.513951,Success,,390,26,24,2,67098.76
TXN004544,C0859,20449.76,Credit Card,2026-04-19 03:13:16.039603,Success,,703,20,19,1,102621.06
TXN004545,C0174,14050.01,Wallet,2026-04-19 03:47:32.565256,Success,,872,12,5,7,70890.37
TXN004546,C1367,6449.59,UPI,2026-04-19 04:21:49.090909,Success,,657,14,12,2,21812.41
TXN004547,C1694,6637.5,UPI,2026-04-19 04:56:05.616561,Failed,Bank Timeout,425,9,6,3,41171.47
TXN004548,C1005,1077.4,UPI,2026-04-19 05:30:22.142214,Failed,Insufficient Balance,628,3,3,0,10554.97
TXN004549,C0431,7705.56,Credit Card,2026-04-19 06:04:38.667866,Success,,143,30,28,2,66319.82
TXN004550,C0727,18640.63,Credit Card,2026-04-19 06:38:55.193519,Success,,721,15,11,4,97576.56
TXN004551,C1713,1283.19,Credit Card,2026-04-19 07:13:11.719171,Success,,895,6,0,6,36934.84
TXN004552,C1711,5560.45,UPI,2026-04-19 07:47:28.244824,Abandoned,Checkout Abandoned,775,12,12,0,73813.01
TXN004553,C1876,17685.19,UPI,2026-04-19 08:21:44.770477,Abandoned,Checkout Abandoned,817,3,0,3,69116.51
TXN004554,C0850,19588.02,Net Banking,2026-04-19 08:56:01.296129,Success,,700,25,25,0,80246.36
TXN004555,C1682,11437.43,Net Banking,2026-04-19 09:30:17.821782,Failed,Card Declined,568,11,11,0,28095.41
TXN004556,C1986,17482.05,Debit Card,2026-04-19 10:04:34.347434,Abandoned,Checkout Abandoned,232,19,2,17,80330.62
TXN004557,C1348,9760.01,Debit Card,2026-04-19 10:38:50.873087,Success,,124,30,29,1,54948.73
TXN004558,C0990,4081.84,Credit Card,2026-04-19 11:13:07.398739,Failed,Insufficient Balance,335,1,0,1,43263.26
TXN004559,C1697,10013.92,UPI,2026-04-19 11:47:23.924392,Success,,205,4,1,3,88104.31
TXN004560,C0639,14541.2,UPI,2026-04-19 12:21:40.450045,Success,,258,7,1,6,22631.5
TXN004561,C0420,23706.53,Debit Card,2026-04-19 12:55:56.975697,Success,,235,3,1,2,135148.47
TXN004562,C0594,1811.9,Credit Card,2026-04-19 13:30:13.501350,Success,,292,26,24,2,140260.5
TXN004563,C0485,12734.11,UPI,2026-04-19 14:04:30.027002,Failed,Card Declined,459,28,23,5,99261.15
TXN004564,C1683,8290.1,Wallet,2026-04-19 14:38:46.552655,Success,,63,30,24,6,45821.63
TXN004565,C1775,12756.96,Net Banking,2026-04-19 15:13:03.078307,Success,,663,1,0,1,94087.88
TXN004566,C0412,696.99,UPI,2026-04-19 15:47:19.603960,Success,,754,24,0,24,90427.76
TXN004567,C0936,7894.33,Credit Card,2026-04-19 16:21:36.129612,Success,,496,5,1,4,58992.02
TXN004568,C1108,20514.72,Wallet,2026-04-19 16:55:52.655265,Success,,159,2,1,1,43443.46
TXN004569,C1137,13893.15,UPI,2026-04-19 17:30:09.180918,Success,,718,28,15,13,25683.72
TXN004570,C1761,11319.5,Credit Card,2026-04-19 18:04:25.706570,Success,,65,13,8,5,32998.88
TXN004571,C0332,7209.57,Credit Card,2026-04-19 18:38:42.232223,Failed,Insufficient Balance,885,9,0,9,98127.97
TXN004572,C1402,7521.26,UPI,2026-04-19 19:12:58.757875,Abandoned,Checkout Abandoned,219,10,4,6,132941.2
TXN004573,C1779,9639.23,Net Banking,2026-04-19 19:47:15.283528,Success,,325,4,3,1,58050.93
TXN004574,C0655,20905.71,UPI,2026-04-19 20:21:31.809180,Success,,572,21,4,17,18723.97
TXN004575,C0041,24183.61,UPI,2026-04-19 20:55:48.334833,Abandoned,Checkout Abandoned,409,15,11,4,2414.54
TXN004576,C1959,11022.52,UPI,2026-04-19 21:30:04.860486,Success,,501,8,8,0,61182.9
TXN004577,C1794,9894.49,UPI,2026-04-19 22:04:21.386138,Success,,137,20,16,4,35268.76
TXN004578,C0959,21179.11,UPI,2026-04-19 22:38:37.911791,Failed,Card Declined,778,15,7,8,48722.06
TXN004579,C1821,10729.94,Debit Card,2026-04-19 23:12:54.437443,Success,,21,8,5,3,36629.65
TXN004580,C0105,13845.25,UPI,2026-04-19 23:47:10.963096,Success,,33,16,0,16,99790.07
TXN004581,C0202,5850.45,Credit Card,2026-04-20 00:21:27.488748,Failed,Bank Timeout,135,11,1,10,95957.89
TXN004582,C0450,18613.21,Debit Card,2026-04-20 00:55:44.014401,Success,,340,14,3,11,136889.53
TXN004583,C1843,13346.51,UPI,2026-04-20 01:30:00.540054,Failed,Technical Error,180,9,4,5,105111.86
TXN004584,C1867,20244.96,Credit Card,2026-04-20 02:04:17.065706,Success,,114,3,1,2,25158.74
TXN004585,C1997,19540.24,Debit Card,2026-04-20 02:38:33.591359,Success,,230,16,0,16,112863.37
TXN004586,C1290,5453.62,Credit Card,2026-04-20 03:12:50.117011,Success,,66,17,3,14,27599.55
TXN004587,C0910,17919.33,UPI,2026-04-20 03:47:06.642664,Success,,670,17,16,1,84010.83
TXN004588,C0210,20021.35,Credit Card,2026-04-20 04:21:23.168316,Failed,Insufficient Balance,561,9,5,4,12023.19
TXN004589,C0563,8718.07,Wallet,2026-04-20 04:55:39.693969,Success,,42,10,8,2,7575.1
TXN004590,C1142,4397.97,UPI,2026-04-20 05:29:56.219621,Abandoned,Checkout Abandoned,170,20,3,17,69902.38
TXN004591,C0713,165.54,UPI,2026-04-20 06:04:12.745274,Success,,117,0,0,0,16195.04
TXN004592,C1401,11327.5,Credit Card,2026-04-20 06:38:29.270927,Success,,74,9,6,3,46346.66
TXN004593,C1575,8875.58,UPI,2026-04-20 07:12:45.796579,Abandoned,Checkout Abandoned,85,29,25,4,51155.59
TXN004594,C1564,13917.25,Credit Card,2026-04-20 07:47:02.322232,Success,,55,2,0,2,115529.32
TXN004595,C0771,4782.22,UPI,2026-04-20 08:21:18.847884,Failed,Card Declined,885,26,9,17,50235.68
TXN004596,C1108,21505.67,UPI,2026-04-20 08:55:35.373537,Success,,462,5,4,1,74397.88
TXN004597,C0454,6518.1,Credit Card,2026-04-20 09:29:51.899189,Failed,Bank Timeout,459,16,8,8,116001.6
TXN004598,C0667,5738.1,UPI,2026-04-20 10:04:08.424842,Success,,756,11,0,11,31132.3
TXN004599,C0629,12069.78,UPI,2026-04-20 10:38:24.950495,Abandoned,Checkout Abandoned,443,10,8,2,120832.16
TXN004600,C1538,12521.39,UPI,2026-04-20 11:12:41.476147,Failed,Bank Timeout,635,16,5,11,124853.32
TXN004601,C1629,5455.62,UPI,2026-04-20 11:46:58.001800,Success,,317,2,1,1,148332.6
TXN004602,C1702,6869.33,Net Banking,2026-04-20 12:21:14.527452,Success,,414,8,6,2,66885.13
TXN004603,C0387,4325.66,Net Banking,2026-04-20 12:55:31.053105,Success,,645,17,11,6,55912.07
TXN004604,C1936,17989.66,UPI,2026-04-20 13:29:47.578757,Success,,807,30,21,9,105449.79
TXN004605,C1374,19275.22,Credit Card,2026-04-20 14:04:04.104410,Success,,152,27,11,16,9193.59
TXN004606,C0296,11611.98,UPI,2026-04-20 14:38:20.630063,Success,,658,5,5,0,6442.85
TXN004607,C0258,17880.77,Credit Card,2026-04-20 15:12:37.155715,Success,,768,2,1,1,50581.13
TXN004608,C1105,18424.79,UPI,2026-04-20 15:46:53.681368,Success,,297,5,5,0,109562.51
TXN004609,C1961,3543.06,UPI,2026-04-20 16:21:10.207020,Failed,Technical Error,81,10,3,7,17909.94
TXN004610,C0268,24157.83,Debit Card,2026-04-20 16:55:26.732673,Failed,Card Declined,416,10,6,4,95514.25
TXN004611,C0419,20543.7,UPI,2026-04-20 17:29:43.258325,Failed,Insufficient Balance,804,6,5,1,40791.04
TXN004612,C0235,5191.64,UPI,2026-04-20 18:03:59.783978,Success,,563,12,1,11,97925.36
TXN004613,C1857,4735.51,Debit Card,2026-04-20 18:38:16.309630,Success,,273,12,1,11,68817.93
TXN004614,C1335,3228.96,Debit Card,2026-04-20 19:12:32.835283,Success,,230,6,4,2,17715.18
TXN004615,C1837,3545.63,Credit Card,2026-04-20 19:46:49.360936,Abandoned,Checkout Abandoned,788,13,10,3,37468.78
TXN004616,C1999,18729.23,Credit Card,2026-04-20 20:21:05.886588,Success,,764,1,0,1,33347.21
TXN004617,C0986,11794.39,Credit Card,2026-04-20 20:55:22.412241,Success,,53,2,1,1,25105.4
TXN004618,C1381,19595.06,UPI,2026-04-20 21:29:38.937893,Success,,432,3,0,3,70517.64
TXN004619,C1237,18681.75,UPI,2026-04-20 22:03:55.463546,Success,,298,7,2,5,143222.5
TXN004620,C0574,15154.86,Credit Card,2026-04-20 22:38:11.989198,Success,,588,20,8,12,98884.28
TXN004621,C0049,17190.53,Credit Card,2026-04-20 23:12:28.514851,Success,,832,0,0,0,125482.3
TXN004622,C1151,557.06,Debit Card,2026-04-20 23:46:45.040504,Success,,790,8,8,0,147171.49
TXN004623,C0223,7863.26,Debit Card,2026-04-21 00:21:01.566156,Success,,45,16,2,14,81323.09
TXN004624,C0921,15981.77,UPI,2026-04-21 00:55:18.091809,Success,,608,17,0,17,36091.48
TXN004625,C1303,332.69,UPI,2026-04-21 01:29:34.617461,Success,,547,6,1,5,139207.75
TXN004626,C1432,921.13,UPI,2026-04-21 02:03:51.143114,Failed,Network Error,467,26,14,12,104998.11
TXN004627,C1529,21312.01,Credit Card,2026-04-21 02:38:07.668766,Success,,303,2,2,0,143861.72
TXN004628,C1318,17132.22,Credit Card,2026-04-21 03:12:24.194419,Success,,109,21,7,14,97829.28
TXN004629,C1820,6707.71,Net Banking,2026-04-21 03:46:40.720072,Failed,Bank Timeout,160,15,15,0,116384.18
TXN004630,C0277,17230.27,Debit Card,2026-04-21 04:20:57.245724,Abandoned,Checkout Abandoned,145,7,6,1,133650.11
TXN004631,C1462,19832.17,Net Banking,2026-04-21 04:55:13.771377,Success,,791,4,0,4,114007.77
TXN004632,C1131,7739.18,Debit Card,2026-04-21 05:29:30.297029,Success,,289,16,2,14,84615.54
TXN004633,C1682,997.33,Wallet,2026-04-21 06:03:46.822682,Failed,Bank Timeout,384,25,7,18,71052.18
TXN004634,C0420,23326.2,Credit Card,2026-04-21 06:38:03.348334,Success,,475,29,6,23,123594.91
TXN004635,C0611,8694.98,Wallet,2026-04-21 07:12:19.873987,Abandoned,Checkout Abandoned,433,27,20,7,115911.88
TXN004636,C1453,2751.4,UPI,2026-04-21 07:46:36.399639,Success,,622,18,2,16,55281.41
TXN004637,C0375,12347.24,UPI,2026-04-21 08:20:52.925292,Abandoned,Checkout Abandoned,503,26,6,20,75000.63
TXN004638,C0073,19234.85,Credit Card,2026-04-21 08:55:09.450945,Success,,674,17,4,13,95431.12
TXN004639,C1973,5619.02,Wallet,2026-04-21 09:29:25.976597,Failed,Technical Error,127,21,0,21,4741.35
TXN004640,C1658,6810.3,UPI,2026-04-21 10:03:42.502250,Success,,760,29,4,25,37511.52
TXN004641,C1054,6143.6,UPI,2026-04-21 10:37:59.027902,Abandoned,Checkout Abandoned,418,4,2,2,37907.05
TXN004642,C1212,24792.66,Credit Card,2026-04-21 11:12:15.553555,Success,,26,6,1,5,132543.12
TXN004643,C1388,5015.35,Credit Card,2026-04-21 11:46:32.079207,Success,,653,17,9,8,50057.42
TXN004644,C1890,14430.45,UPI,2026-04-21 12:20:48.604860,Success,,260,29,3,26,81998.94
TXN004645,C1824,23139.09,Debit Card,2026-04-21 12:55:05.130513,Abandoned,Checkout Abandoned,606,12,12,0,124822.18
TXN004646,C1475,3757.72,Wallet,2026-04-21 13:29:21.656165,Success,,733,21,0,21,39324.22
TXN004647,C0195,24274.27,Net Banking,2026-04-21 14:03:38.181818,Success,,886,10,3,7,19001.68
TXN004648,C1180,23692.18,UPI,2026-04-21 14:37:54.707470,Success,,888,4,0,4,142279.79
TXN004649,C1196,22125.84,UPI,2026-04-21 15:12:11.233123,Failed,Card Declined,114,21,16,5,105850.1
TXN004650,C0847,5442.46,UPI,2026-04-21 15:46:27.758775,Success,,858,14,10,4,26969.54
TXN004651,C1065,15887.97,UPI,2026-04-21 16:20:44.284428,Success,,620,30,6,24,123046.88
TXN004652,C1087,19046.2,UPI,2026-04-21 16:55:00.810081,Success,,50,20,6,14,118175.43
TXN004653,C0023,24652.1,Debit Card,2026-04-21 17:29:17.335733,Failed,Network Error,581,6,4,2,125712.39
TXN004654,C0360,4592.55,UPI,2026-04-21 18:03:33.861386,Success,,608,4,0,4,41793.78
TXN004655,C1099,19174.04,Net Banking,2026-04-21 18:37:50.387038,Success,,478,30,25,5,67562.66
TXN004656,C0560,8536.15,Wallet,2026-04-21 19:12:06.912691,Success,,564,29,28,1,104204.22
TXN004657,C0672,4473.1,UPI,2026-04-21 19:46:23.438343,Success,,829,28,18,10,58904.8
TXN004658,C1849,10592.29,Wallet,2026-04-21 20:20:39.963996,Success,,542,6,0,6,10960.84
TXN004659,C1142,19866.51,Debit Card,2026-04-21 20:54:56.489648,Success,,673,16,12,4,20899.24
TXN004660,C1636,11674.76,Credit Card,2026-04-21 21:29:13.015301,Abandoned,Checkout Abandoned,430,30,16,14,89768.47
TXN004661,C1404,13484.33,UPI,2026-04-21 22:03:29.540954,Success,,643,8,1,7,56587.65
TXN004662,C1953,24879.47,Credit Card,2026-04-21 22:37:46.066606,Failed,Network Error,513,5,0,5,1304.33
TXN004663,C1944,10037.82,UPI,2026-04-21 23:12:02.592259,Success,,693,8,4,4,115144.75
TXN004664,C0679,15423.48,Credit Card,2026-04-21 23:46:19.117911,Success,,220,16,1,15,62797.21
TXN004665,C1314,9194.58,UPI,2026-04-22 00:20:35.643564,Success,,142,1,0,1,47408.51
TXN004666,C0440,9880.36,Credit Card,2026-04-22 00:54:52.169216,Abandoned,Checkout Abandoned,309,22,14,8,107171.12
TXN004667,C1692,17421.45,UPI,2026-04-22 01:29:08.694869,Success,,228,19,8,11,68538.77
TXN004668,C0933,23453.39,UPI,2026-04-22 02:03:25.220522,Success,,399,29,29,0,104377.25
TXN004669,C0007,13604.74,Credit Card,2026-04-22 02:37:41.746174,Success,,343,12,12,0,2473.11
TXN004670,C1220,19233.16,Credit Card,2026-04-22 03:11:58.271827,Success,,396,25,13,12,1908.31
TXN004671,C0421,2321.24,UPI,2026-04-22 03:46:14.797479,Success,,586,29,18,11,84205.34
TXN004672,C1592,5357.84,UPI,2026-04-22 04:20:31.323132,Failed,Network Error,680,16,7,9,147340.7
TXN004673,C0833,12603.08,Net Banking,2026-04-22 04:54:47.848784,Failed,Card Declined,310,20,11,9,41217.41
TXN004674,C1217,598.29,Credit Card,2026-04-22 05:29:04.374437,Success,,123,19,16,3,102592.59
TXN004675,C0559,6396.09,UPI,2026-04-22 06:03:20.900090,Abandoned,Checkout Abandoned,595,5,3,2,26252.5
TXN004676,C1172,12983.29,Credit Card,2026-04-22 06:37:37.425742,Success,,832,28,14,14,47076.52
TXN004677,C1811,472.53,Credit Card,2026-04-22 07:11:53.951395,Failed,Insufficient Balance,69,22,4,18,12172.2
TXN004678,C1693,6687.2,UPI,2026-04-22 07:46:10.477047,Success,,775,30,1,29,132178.58
TXN004679,C1226,12899.37,Credit Card,2026-04-22 08:20:27.002700,Failed,Bank Timeout,764,26,19,7,46910.39
TXN004680,C1468,14371.42,Net Banking,2026-04-22 08:54:43.528352,Failed,Card Declined,124,18,17,1,34954.73
TXN004681,C0914,23151.22,Debit Card,2026-04-22 09:29:00.054005,Abandoned,Checkout Abandoned,304,5,2,3,109725.32
TXN004682,C1443,16169.11,UPI,2026-04-22 10:03:16.579657,Success,,389,1,0,1,30316.3
TXN004683,C1451,10426.92,Net Banking,2026-04-22 10:37:33.105310,Success,,625,27,1,26,36421.17
TXN004684,C1007,23265.74,UPI,2026-04-22 11:11:49.630963,Failed,Network Error,569,25,8,17,15990.63
TXN004685,C1503,19643.59,Wallet,2026-04-22 11:46:06.156615,Failed,Bank Timeout,89,12,7,5,144449.35
TXN004686,C1499,5080.22,UPI,2026-04-22 12:20:22.682268,Success,,36,19,4,15,37521.84
TXN004687,C0126,3357.97,Credit Card,2026-04-22 12:54:39.207920,Success,,793,29,26,3,149351.66
TXN004688,C0395,16927.71,Credit Card,2026-04-22 13:28:55.733573,Success,,445,9,0,9,26834.34
TXN004689,C0817,14041.09,UPI,2026-04-22 14:03:12.259225,Success,,242,28,20,8,3587.45
TXN004690,C0881,19762.87,Debit Card,2026-04-22 14:37:28.784878,Failed,Bank Timeout,263,8,3,5,134406.2
TXN004691,C1830,18496.25,Credit Card,2026-04-22 15:11:45.310531,Failed,Network Error,374,12,12,0,87212.58
TXN004692,C0576,15667.77,UPI,2026-04-22 15:46:01.836183,Success,,397,6,0,6,53035.79
TXN004693,C0325,24660.92,Credit Card,2026-04-22 16:20:18.361836,Abandoned,Checkout Abandoned,382,17,1,16,77244.28
TXN004694,C1416,13386.38,Credit Card,2026-04-22 16:54:34.887488,Success,,356,21,1,20,39478.68
TXN004695,C0930,2916.33,UPI,2026-04-22 17:28:51.413141,Success,,447,13,12,1,95396.45
TXN004696,C1712,20724.01,Wallet,2026-04-22 18:03:07.938793,Success,,146,3,0,3,92662.05
TXN004697,C1652,6371.15,Net Banking,2026-04-22 18:37:24.464446,Failed,Network Error,162,7,2,5,12488.75
TXN004698,C1464,19454.82,UPI,2026-04-22 19:11:40.990099,Failed,Bank Timeout,353,11,11,0,136647.87
TXN004699,C1228,23931.97,Credit Card,2026-04-22 19:45:57.515751,Success,,67,7,2,5,69348.54
TXN004700,C1510,17450.21,UPI,2026-04-22 20:20:14.041404,Success,,229,15,13,2,29675.54
TXN004701,C0833,14941.15,Debit Card,2026-04-22 20:54:30.567056,Success,,27,0,0,0,46453.89
TXN004702,C1055,11563.62,Wallet,2026-04-22 21:28:47.092709,Success,,437,23,2,21,130000.15
TXN004703,C1412,9173.81,UPI,2026-04-22 22:03:03.618361,Success,,611,9,9,0,57786.18
TXN004704,C1649,8889.82,Net Banking,2026-04-22 22:37:20.144014,Success,,851,6,1,5,84513.2
TXN004705,C1901,15945.68,Credit Card,2026-04-22 23:11:36.669666,Failed,Technical Error,186,29,0,29,142179.62
TXN004706,C1458,18806.7,UPI,2026-04-22 23:45:53.195319,Success,,565,13,5,8,97931.61
TXN004707,C0837,16995.08,Wallet,2026-04-23 00:20:09.720972,Success,,491,16,5,11,101519.65
TXN004708,C0926,5040.41,Credit Card,2026-04-23 00:54:26.246624,Success,,503,18,10,8,37661.04
TXN004709,C1400,12400.28,Credit Card,2026-04-23 01:28:42.772277,Success,,495,29,15,14,100410.13
TXN004710,C1368,19811.84,Debit Card,2026-04-23 02:02:59.297929,Success,,724,4,0,4,59373.51
TXN004711,C0443,11945.03,UPI,2026-04-23 02:37:15.823582,Success,,512,18,4,14,136700.85
TXN004712,C1603,13461.92,UPI,2026-04-23 03:11:32.349234,Success,,631,2,0,2,19866.06
TXN004713,C0075,19301.29,Wallet,2026-04-23 03:45:48.874887,Success,,714,0,0,0,43203.23
TXN004714,C0557,16565.51,Debit Card,2026-04-23 04:20:05.400540,Success,,858,7,1,6,10367.11
TXN004715,C1796,10292.69,Net Banking,2026-04-23 04:54:21.926192,Success,,649,8,4,4,57445.13
TXN004716,C1690,22395.78,UPI,2026-04-23 05:28:38.451845,Abandoned,Checkout Abandoned,19,4,3,1,22681.71
TXN004717,C1179,4147.92,Credit Card,2026-04-23 06:02:54.977497,Success,,328,0,0,0,126848.99
TXN004718,C1454,24888.36,Wallet,2026-04-23 06:37:11.503150,Success,,615,16,5,11,138793.96
TXN004719,C0363,3059.43,UPI,2026-04-23 07:11:28.028802,Success,,499,24,10,14,100579.13
TXN004720,C0448,472.25,UPI,2026-04-23 07:45:44.554455,Success,,823,13,9,4,15948.52
TXN004721,C1258,22261.47,Credit Card,2026-04-23 08:20:01.080108,Success,,746,16,15,1,51573.82
TXN004722,C1587,6199.34,UPI,2026-04-23 08:54:17.605760,Success,,267,8,3,5,144691.54
TXN004723,C1842,18269.52,UPI,2026-04-23 09:28:34.131413,Failed,Bank Timeout,891,30,12,18,20877.03
TXN004724,C0262,20294.28,Net Banking,2026-04-23 10:02:50.657065,Failed,Insufficient Balance,413,2,1,1,83695.16
TXN004725,C1851,21488.76,Wallet,2026-04-23 10:37:07.182718,Success,,233,2,1,1,53262.96
TXN004726,C0125,24790.7,Credit Card,2026-04-23 11:11:23.708370,Success,,780,12,12,0,149874.81
TXN004727,C0911,7421.59,Debit Card,2026-04-23 11:45:40.234023,Success,,557,19,4,15,43165.67
TXN004728,C0245,17785.06,Net Banking,2026-04-23 12:19:56.759675,Success,,270,4,3,1,7641.95
TXN004729,C0542,2973.46,Debit Card,2026-04-23 12:54:13.285328,Success,,285,5,3,2,105476.33
TXN004730,C1962,10229.55,UPI,2026-04-23 13:28:29.810981,Success,,780,13,13,0,49347.53
TXN004731,C0485,21214.5,UPI,2026-04-23 14:02:46.336633,Success,,780,5,5,0,98808.42
TXN004732,C0122,9254.69,UPI,2026-04-23 14:37:02.862286,Success,,365,25,25,0,16145.47
TXN004733,C0125,14818.27,UPI,2026-04-23 15:11:19.387938,Success,,335,28,12,16,78697.95
TXN004734,C1573,12643.96,UPI,2026-04-23 15:45:35.913591,Success,,237,30,24,6,56597.12
TXN004735,C0170,16184.19,UPI,2026-04-23 16:19:52.439243,Success,,609,28,12,16,80746.69
TXN004736,C0124,24325.07,UPI,2026-04-23 16:54:08.964896,Success,,312,24,18,6,128094.12
TXN004737,C1893,1487.81,UPI,2026-04-23 17:28:25.490549,Success,,111,16,12,4,145925.72
TXN004738,C1059,14391.64,Credit Card,2026-04-23 18:02:42.016201,Success,,302,8,6,2,113093.26
TXN004739,C1111,21589.42,UPI,2026-04-23 18:36:58.541854,Success,,17,3,1,2,115145.32
TXN004740,C0646,12086.43,Debit Card,2026-04-23 19:11:15.067506,Success,,623,22,9,13,79575.95
TXN004741,C1732,2055.33,UPI,2026-04-23 19:45:31.593159,Success,,634,14,1,13,15061.29
TXN004742,C0786,14057.43,Net Banking,2026-04-23 20:19:48.118811,Success,,217,21,7,14,100225.4
TXN004743,C0201,8368.64,Wallet,2026-04-23 20:54:04.644464,Success,,372,24,22,2,22593.09
TXN004744,C0369,3958.05,Debit Card,2026-04-23 21:28:21.170117,Success,,54,17,7,10,37226.33
TXN004745,C0797,21240.96,Debit Card,2026-04-23 22:02:37.695769,Success,,467,14,9,5,106283.59
TXN004746,C0077,13087.83,Wallet,2026-04-23 22:36:54.221422,Success,,531,26,21,5,98720.39
TXN004747,C0059,23338.58,UPI,2026-04-23 23:11:10.747074,Success,,351,17,13,4,47491.73
TXN004748,C0431,20169.81,Wallet,2026-04-23 23:45:27.272727,Success,,241,6,5,1,115920.61
TXN004749,C0638,17355.0,Debit Card,2026-04-24 00:19:43.798379,Abandoned,Checkout Abandoned,754,14,1,13,140927.71
TXN004750,C1524,225.14,Debit Card,2026-04-24 00:54:00.324032,Failed,Insufficient Balance,488,27,14,13,82016.31
TXN004751,C1937,10752.8,UPI,2026-04-24 01:28:16.849684,Success,,352,24,21,3,101814.16
TXN004752,C0109,5017.41,Credit Card,2026-04-24 02:02:33.375337,Success,,178,4,3,1,41131.05
TXN004753,C1760,22778.87,Debit Card,2026-04-24 02:36:49.900990,Success,,277,22,15,7,145635.65
TXN004754,C1008,4447.14,Credit Card,2026-04-24 03:11:06.426642,Success,,758,10,9,1,41418.88
TXN004755,C1302,7222.9,Debit Card,2026-04-24 03:45:22.952295,Success,,273,23,21,2,133167.65
TXN004756,C0068,12969.24,UPI,2026-04-24 04:19:39.477947,Success,,310,13,4,9,139216.43
TXN004757,C1093,6657.75,UPI,2026-04-24 04:53:56.003600,Success,,609,7,1,6,108084.47
TXN004758,C1189,5325.63,UPI,2026-04-24 05:28:12.529252,Success,,675,3,0,3,121832.32
TXN004759,C1513,15017.57,UPI,2026-04-24 06:02:29.054905,Success,,351,9,2,7,68949.59
TXN004760,C0305,2314.35,UPI,2026-04-24 06:36:45.580558,Abandoned,Checkout Abandoned,116,6,6,0,137972.25
TXN004761,C1933,1548.38,UPI,2026-04-24 07:11:02.106210,Failed,Technical Error,738,0,0,0,111525.61
TXN004762,C0674,9368.91,UPI,2026-04-24 07:45:18.631863,Failed,Card Declined,168,19,6,13,49348.23
TXN004763,C0365,18044.54,Credit Card,2026-04-24 08:19:35.157515,Success,,833,11,7,4,5724.3
TXN004764,C1878,13914.69,UPI,2026-04-24 08:53:51.683168,Success,,363,12,10,2,81347.09
TXN004765,C0821,10629.62,Wallet,2026-04-24 09:28:08.208820,Failed,Bank Timeout,558,15,11,4,126177.22
TXN004766,C1403,14187.21,Debit Card,2026-04-24 10:02:24.734473,Abandoned,Checkout Abandoned,468,13,13,0,129169.88
TXN004767,C0343,9199.74,Debit Card,2026-04-24 10:36:41.260126,Success,,81,12,9,3,125350.25
TXN004768,C0947,23410.04,UPI,2026-04-24 11:10:57.785778,Abandoned,Checkout Abandoned,642,4,2,2,32604.6
TXN004769,C0899,1467.13,Credit Card,2026-04-24 11:45:14.311431,Success,,181,13,13,0,64209.2
TXN004770,C1578,16867.45,Credit Card,2026-04-24 12:19:30.837083,Success,,236,25,24,1,92266.97
TXN004771,C1378,22292.94,Wallet,2026-04-24 12:53:47.362736,Success,,738,12,0,12,100299.7
TXN004772,C1440,20116.73,Debit Card,2026-04-24 13:28:03.888388,Success,,616,13,3,10,50520.22
TXN004773,C1133,4682.62,Credit Card,2026-04-24 14:02:20.414041,Failed,Insufficient Balance,186,11,5,6,104050.03
TXN004774,C1587,7468.57,Net Banking,2026-04-24 14:36:36.939693,Success,,608,22,6,16,88839.1
TXN004775,C0762,17954.49,UPI,2026-04-24 15:10:53.465346,Abandoned,Checkout Abandoned,111,27,26,1,85232.95
TXN004776,C1521,2198.34,UPI,2026-04-24 15:45:09.990999,Success,,333,21,4,17,99622.21
TXN004777,C0341,20315.36,Debit Card,2026-04-24 16:19:26.516651,Success,,365,19,5,14,90703.51
TXN004778,C0942,18000.78,UPI,2026-04-24 16:53:43.042304,Failed,Bank Timeout,136,14,0,14,25447.76
TXN004779,C0383,18267.21,UPI,2026-04-24 17:27:59.567956,Success,,403,18,13,5,131225.24
TXN004780,C1004,2596.01,Debit Card,2026-04-24 18:02:16.093609,Failed,Technical Error,591,10,10,0,36465.18
TXN004781,C1557,17972.24,UPI,2026-04-24 18:36:32.619261,Success,,744,29,4,25,111801.07
TXN004782,C0300,17027.47,Credit Card,2026-04-24 19:10:49.144914,Success,,269,21,1,20,26880.27
TXN004783,C0139,20789.97,Net Banking,2026-04-24 19:45:05.670567,Success,,286,25,13,12,99314.48
TXN004784,C0359,1135.74,UPI,2026-04-24 20:19:22.196219,Abandoned,Checkout Abandoned,819,14,10,4,134404.72
TXN004785,C0836,675.46,UPI,2026-04-24 20:53:38.721872,Success,,605,29,15,14,1951.72
TXN004786,C1523,9387.88,UPI,2026-04-24 21:27:55.247524,Success,,474,28,1,27,146961.81
TXN004787,C1409,3804.83,UPI,2026-04-24 22:02:11.773177,Failed,Network Error,381,27,16,11,4936.54
TXN004788,C1628,14003.77,UPI,2026-04-24 22:36:28.298829,Success,,143,20,15,5,2199.46
TXN004789,C1983,22941.99,UPI,2026-04-24 23:10:44.824482,Failed,Technical Error,264,29,8,21,128705.23
TXN004790,C1304,9847.85,UPI,2026-04-24 23:45:01.350135,Success,,532,11,3,8,106451.25
TXN004791,C1661,21139.26,UPI,2026-04-25 00:19:17.875787,Success,,731,18,8,10,16318.69
TXN004792,C0483,106.0,Debit Card,2026-04-25 00:53:34.401440,Success,,896,15,4,11,140643.53
TXN004793,C0909,4296.01,Net Banking,2026-04-25 01:27:50.927092,Success,,82,3,3,0,100953.87
TXN004794,C1135,857.55,Debit Card,2026-04-25 02:02:07.452745,Success,,661,17,6,11,17101.01
TXN004795,C0866,8270.86,Credit Card,2026-04-25 02:36:23.978397,Success,,296,8,4,4,129152.76
TXN004796,C0139,22713.92,UPI,2026-04-25 03:10:40.504050,Success,,680,15,7,8,72395.28
TXN004797,C0996,2514.11,Debit Card,2026-04-25 03:44:57.029702,Success,,180,6,2,4,42080.99
TXN004798,C0435,15199.6,UPI,2026-04-25 04:19:13.555355,Success,,707,27,7,20,123843.64
TXN004799,C0509,11342.25,UPI,2026-04-25 04:53:30.081008,Success,,571,29,15,14,110897.74
TXN004800,C0273,23467.86,Net Banking,2026-04-25 05:27:46.606660,Success,,256,25,5,20,93645.05
TXN004801,C1123,3150.73,UPI,2026-04-25 06:02:03.132313,Failed,Technical Error,363,18,8,10,134827.72
TXN004802,C1788,5379.49,UPI,2026-04-25 06:36:19.657965,Success,,729,23,21,2,129261.33
TXN004803,C1874,835.6,Net Banking,2026-04-25 07:10:36.183618,Success,,50,23,19,4,34405.35
TXN004804,C0104,10904.99,Net Banking,2026-04-25 07:44:52.709270,Success,,121,10,1,9,131863.58
TXN004805,C1238,7018.04,UPI,2026-04-25 08:19:09.234923,Success,,725,16,10,6,56418.96
TXN004806,C1785,21760.66,UPI,2026-04-25 08:53:25.760576,Success,,890,29,18,11,65050.26
TXN004807,C1688,15163.03,Credit Card,2026-04-25 09:27:42.286228,Failed,Technical Error,470,20,6,14,145863.69
TXN004808,C0762,15390.86,Debit Card,2026-04-25 10:01:58.811881,Failed,Insufficient Balance,214,4,1,3,114101.21
TXN004809,C0787,13344.58,UPI,2026-04-25 10:36:15.337533,Failed,Technical Error,693,11,4,7,48562.15
TXN004810,C0165,2387.07,Credit Card,2026-04-25 11:10:31.863186,Success,,648,18,6,12,97364.92
TXN004811,C0999,11180.97,Wallet,2026-04-25 11:44:48.388838,Success,,75,1,0,1,81128.99
TXN004812,C1877,24987.68,UPI,2026-04-25 12:19:04.914491,Abandoned,Checkout Abandoned,378,0,0,0,17932.18
TXN004813,C0520,20897.21,Net Banking,2026-04-25 12:53:21.440144,Success,,792,28,5,23,133218.97
TXN004814,C1308,22347.13,Wallet,2026-04-25 13:27:37.965796,Abandoned,Checkout Abandoned,470,3,2,1,123371.28
TXN004815,C0517,20598.34,UPI,2026-04-25 14:01:54.491449,Success,,555,27,17,10,116767.7
TXN004816,C0657,2665.74,Debit Card,2026-04-25 14:36:11.017101,Abandoned,Checkout Abandoned,483,10,4,6,84093.43
TXN004817,C0613,5763.46,UPI,2026-04-25 15:10:27.542754,Abandoned,Checkout Abandoned,719,25,14,11,33515.2
TXN004818,C0164,177.73,Debit Card,2026-04-25 15:44:44.068406,Success,,53,17,9,8,132642.46
TXN004819,C1910,7657.4,Debit Card,2026-04-25 16:19:00.594059,Success,,774,20,5,15,53268.36
TXN004820,C1683,2804.32,UPI,2026-04-25 16:53:17.119711,Success,,682,27,23,4,3507.66
TXN004821,C0064,11872.55,Debit Card,2026-04-25 17:27:33.645364,Abandoned,Checkout Abandoned,344,26,0,26,147275.24
TXN004822,C1115,16960.47,Net Banking,2026-04-25 18:01:50.171017,Failed,Network Error,364,15,11,4,129242.99
TXN004823,C1141,21875.18,UPI,2026-04-25 18:36:06.696669,Success,,357,9,9,0,93590.71
TXN004824,C1890,18755.51,UPI,2026-04-25 19:10:23.222322,Success,,371,11,6,5,2354.87
TXN004825,C0267,23470.78,UPI,2026-04-25 19:44:39.747974,Failed,Network Error,399,1,0,1,34543.55
TXN004826,C1846,1442.07,Credit Card,2026-04-25 20:18:56.273627,Success,,494,0,0,0,68081.46
TXN004827,C1709,403.28,Wallet,2026-04-25 20:53:12.799279,Failed,Network Error,639,9,4,5,94398.7
TXN004828,C1583,16567.32,Net Banking,2026-04-25 21:27:29.324932,Failed,Card Declined,817,9,6,3,106369.1
TXN004829,C1164,7304.88,UPI,2026-04-25 22:01:45.850585,Abandoned,Checkout Abandoned,271,27,18,9,118346.77
TXN004830,C0246,6412.18,Credit Card,2026-04-25 22:36:02.376237,Success,,84,25,3,22,83571.31
TXN004831,C1685,8339.09,UPI,2026-04-25 23:10:18.901890,Success,,535,9,1,8,98599.42
TXN004832,C1782,6817.92,UPI,2026-04-25 23:44:35.427542,Success,,900,24,21,3,121780.78
TXN004833,C0395,12834.77,Credit Card,2026-04-26 00:18:51.953195,Abandoned,Checkout Abandoned,477,1,0,1,108116.28
TXN004834,C1511,11059.7,Credit Card,2026-04-26 00:53:08.478847,Success,,14,25,14,11,143244.44
TXN004835,C0476,12859.47,Credit Card,2026-04-26 01:27:25.004500,Success,,310,19,16,3,131259.56
TXN004836,C1541,16850.57,Wallet,2026-04-26 02:01:41.530153,Success,,196,2,2,0,25819.51
TXN004837,C0977,9739.55,Credit Card,2026-04-26 02:35:58.055805,Success,,210,0,0,0,142139.16
TXN004838,C1208,6357.56,Credit Card,2026-04-26 03:10:14.581458,Failed,Technical Error,487,23,0,23,31024.31
TXN004839,C1044,4238.39,UPI,2026-04-26 03:44:31.107110,Failed,Network Error,499,17,14,3,148693.94
TXN004840,C1961,8801.91,Wallet,2026-04-26 04:18:47.632763,Success,,308,10,7,3,105348.77
TXN004841,C0558,18570.98,Debit Card,2026-04-26 04:53:04.158415,Success,,495,23,21,2,94315.97
TXN004842,C1018,18941.95,Net Banking,2026-04-26 05:27:20.684068,Abandoned,Checkout Abandoned,260,11,10,1,48986.26
TXN004843,C1548,16705.94,UPI,2026-04-26 06:01:37.209720,Success,,676,0,0,0,20399.57
TXN004844,C1606,5927.3,Credit Card,2026-04-26 06:35:53.735373,Success,,385,5,0,5,19362.87
TXN004845,C1553,14743.35,Credit Card,2026-04-26 07:10:10.261026,Success,,206,15,0,15,130052.99
TXN004846,C0883,14310.17,UPI,2026-04-26 07:44:26.786678,Success,,78,19,14,5,65150.06
TXN004847,C0147,12158.23,Debit Card,2026-04-26 08:18:43.312331,Success,,569,2,1,1,84197.85
TXN004848,C0666,13794.48,Net Banking,2026-04-26 08:52:59.837983,Success,,258,16,7,9,139809.5
TXN004849,C1328,12345.59,UPI,2026-04-26 09:27:16.363636,Success,,241,25,2,23,38675.53
TXN004850,C0620,14179.86,UPI,2026-04-26 10:01:32.889288,Success,,472,15,5,10,114708.65
TXN004851,C1772,17916.1,Debit Card,2026-04-26 10:35:49.414941,Success,,632,10,6,4,70834.48
TXN004852,C0820,2829.74,UPI,2026-04-26 11:10:05.940594,Failed,Card Declined,338,15,2,13,32306.82
TXN004853,C0864,18765.68,Credit Card,2026-04-26 11:44:22.466246,Success,,888,11,1,10,128019.27
TXN004854,C0582,3483.57,Debit Card,2026-04-26 12:18:38.991899,Success,,802,0,0,0,102152.4
TXN004855,C1023,1759.04,UPI,2026-04-26 12:52:55.517551,Success,,145,10,0,10,14690.79
TXN004856,C0695,24404.38,Net Banking,2026-04-26 13:27:12.043204,Failed,Technical Error,599,22,4,18,81492.7
TXN004857,C1786,23929.1,Credit Card,2026-04-26 14:01:28.568856,Success,,752,5,0,5,127838.7
TXN004858,C1252,1604.87,Net Banking,2026-04-26 14:35:45.094509,Abandoned,Checkout Abandoned,776,18,0,18,10506.75
TXN004859,C1126,11137.01,Debit Card,2026-04-26 15:10:01.620162,Success,,681,11,4,7,62733.08
TXN004860,C1611,4737.5,Net Banking,2026-04-26 15:44:18.145814,Success,,488,27,15,12,120879.56
TXN004861,C1441,12185.09,UPI,2026-04-26 16:18:34.671467,Success,,70,1,0,1,128824.41
TXN004862,C1982,20771.41,UPI,2026-04-26 16:52:51.197119,Success,,96,9,9,0,116416.74
TXN004863,C1240,23770.23,UPI,2026-04-26 17:27:07.722772,Success,,522,18,18,0,46203.58
TXN004864,C0407,15892.89,UPI,2026-04-26 18:01:24.248424,Success,,632,27,10,17,76285.97
TXN004865,C0399,8912.25,Net Banking,2026-04-26 18:35:40.774077,Success,,168,14,6,8,111321.06
TXN004866,C1947,15122.81,Credit Card,2026-04-26 19:09:57.299729,Success,,408,7,6,1,23311.87
TXN004867,C0715,7868.83,Net Banking,2026-04-26 19:44:13.825382,Failed,Technical Error,755,10,2,8,89452.17
TXN004868,C0704,22754.61,UPI,2026-04-26 20:18:30.351035,Failed,Bank Timeout,591,22,1,21,108195.87
TXN004869,C0761,21772.97,UPI,2026-04-26 20:52:46.876687,Success,,409,15,2,13,127573.78
TXN004870,C0499,13999.97,Net Banking,2026-04-26 21:27:03.402340,Success,,471,12,10,2,17194.92
TXN004871,C1778,8187.49,UPI,2026-04-26 22:01:19.927992,Success,,373,29,19,10,49786.37
TXN004872,C1489,7405.4,Debit Card,2026-04-26 22:35:36.453645,Success,,90,27,8,19,81477.27
TXN004873,C1715,932.11,UPI,2026-04-26 23:09:52.979297,Success,,723,30,14,16,105308.01
TXN004874,C1973,20413.94,Wallet,2026-04-26 23:44:09.504950,Success,,102,12,11,1,109640.43
TXN004875,C0974,11314.54,Credit Card,2026-04-27 00:18:26.030603,Success,,883,22,1,21,38362.25
TXN004876,C1755,8195.81,Debit Card,2026-04-27 00:52:42.556255,Failed,Technical Error,81,4,4,0,2574.55
TXN004877,C0082,11830.65,UPI,2026-04-27 01:26:59.081908,Success,,66,11,5,6,104225.64
TXN004878,C0604,20486.58,Credit Card,2026-04-27 02:01:15.607560,Success,,532,9,4,5,136414.38
TXN004879,C1971,3202.89,Net Banking,2026-04-27 02:35:32.133213,Success,,516,18,11,7,119728.8
TXN004880,C1711,21455.63,Net Banking,2026-04-27 03:09:48.658865,Abandoned,Checkout Abandoned,667,16,3,13,93558.68
TXN004881,C1775,22447.97,UPI,2026-04-27 03:44:05.184518,Failed,Bank Timeout,438,0,0,0,146646.78
TXN004882,C0772,23673.03,UPI,2026-04-27 04:18:21.710171,Success,,669,21,13,8,65250.96
TXN004883,C0903,9997.45,UPI,2026-04-27 04:52:38.235823,Success,,729,14,13,1,78994.94
TXN004884,C0365,5506.8,UPI,2026-04-27 05:26:54.761476,Success,,612,15,10,5,2336.87
TXN004885,C0163,9403.66,Debit Card,2026-04-27 06:01:11.287128,Success,,608,19,0,19,141919.73
TXN004886,C1072,8389.51,UPI,2026-04-27 06:35:27.812781,Success,,407,22,20,2,87710.32
TXN004887,C0511,4486.23,UPI,2026-04-27 07:09:44.338433,Abandoned,Checkout Abandoned,469,9,6,3,58924.6
TXN004888,C1353,15220.94,Debit Card,2026-04-27 07:44:00.864086,Success,,630,9,4,5,7162.37
TXN004889,C1864,11967.94,Credit Card,2026-04-27 08:18:17.389738,Success,,292,25,4,21,54681.65
TXN004890,C0116,21655.95,Debit Card,2026-04-27 08:52:33.915391,Success,,214,16,11,5,1037.92
TXN004891,C0941,899.53,Wallet,2026-04-27 09:26:50.441044,Failed,Insufficient Balance,106,28,4,24,48988.1
TXN004892,C1873,16132.31,UPI,2026-04-27 10:01:06.966696,Success,,481,21,20,1,142742.51
TXN004893,C0337,19097.43,Debit Card,2026-04-27 10:35:23.492349,Success,,469,22,12,10,23562.97
TXN004894,C0881,19011.22,UPI,2026-04-27 11:09:40.018001,Success,,274,16,10,6,82038.96
TXN004895,C0737,22163.24,UPI,2026-04-27 11:43:56.543654,Success,,278,1,0,1,28399.29
TXN004896,C1888,18252.94,UPI,2026-04-27 12:18:13.069306,Failed,Insufficient Balance,273,8,0,8,117615.18
TXN004897,C0840,23202.47,UPI,2026-04-27 12:52:29.594959,Abandoned,Checkout Abandoned,635,24,11,13,84578.47
TXN004898,C0147,8383.15,UPI,2026-04-27 13:26:46.120612,Success,,833,21,5,16,30734.28
TXN004899,C1599,12629.91,UPI,2026-04-27 14:01:02.646264,Success,,475,26,26,0,130003.07
TXN004900,C1830,450.58,Net Banking,2026-04-27 14:35:19.171917,Failed,Card Declined,740,3,2,1,117711.56
TXN004901,C1347,273.24,Debit Card,2026-04-27 15:09:35.697569,Success,,754,6,3,3,142719.55
TXN004902,C0443,6079.15,Wallet,2026-04-27 15:43:52.223222,Success,,618,4,4,0,593.91
TXN004903,C0837,2610.1,Credit Card,2026-04-27 16:18:08.748874,Success,,16,30,5,25,68838.98
TXN004904,C1037,6579.26,UPI,2026-04-27 16:52:25.274527,Success,,598,18,4,14,149976.27
TXN004905,C0943,4508.38,UPI,2026-04-27 17:26:41.800180,Abandoned,Checkout Abandoned,137,3,1,2,121772.59
TXN004906,C1518,810.15,UPI,2026-04-27 18:00:58.325832,Success,,408,17,15,2,124777.28
TXN004907,C1725,22741.67,UPI,2026-04-27 18:35:14.851485,Success,,193,29,12,17,93359.3
TXN004908,C0287,304.76,Debit Card,2026-04-27 19:09:31.377137,Success,,625,21,6,15,107078.5
TXN004909,C0720,18428.45,Credit Card,2026-04-27 19:43:47.902790,Failed,Bank Timeout,93,2,1,1,120896.28
TXN004910,C1138,3888.48,UPI,2026-04-27 20:18:04.428442,Success,,449,22,0,22,14295.96
TXN004911,C0480,22814.52,UPI,2026-04-27 20:52:20.954095,Success,,814,3,0,3,104040.8
TXN004912,C0022,22330.62,UPI,2026-04-27 21:26:37.479747,Failed,Insufficient Balance,585,13,11,2,122403.51
TXN004913,C1373,16382.14,UPI,2026-04-27 22:00:54.005400,Success,,242,23,20,3,6609.44
TXN004914,C1750,16838.63,UPI,2026-04-27 22:35:10.531053,Success,,538,26,11,15,44909.45
TXN004915,C0683,232.94,Debit Card,2026-04-27 23:09:27.056705,Success,,102,13,2,11,48939.74
TXN004916,C1859,24623.3,UPI,2026-04-27 23:43:43.582358,Success,,798,16,10,6,128260.07
TXN004917,C1590,21958.03,Debit Card,2026-04-28 00:18:00.108010,Abandoned,Checkout Abandoned,599,8,3,5,117162.53
TXN004918,C0906,22388.15,UPI,2026-04-28 00:52:16.633663,Success,,486,18,6,12,98635.01
TXN004919,C1834,16515.19,UPI,2026-04-28 01:26:33.159315,Abandoned,Checkout Abandoned,370,30,9,21,120806.12
TXN004920,C0320,8685.19,Net Banking,2026-04-28 02:00:49.684968,Success,,120,2,2,0,68287.74
TXN004921,C0126,22351.85,Credit Card,2026-04-28 02:35:06.210621,Abandoned,Checkout Abandoned,351,14,12,2,131294.65
TXN004922,C0277,7358.77,UPI,2026-04-28 03:09:22.736273,Success,,317,20,13,7,35515.27
TXN004923,C2000,14111.52,Net Banking,2026-04-28 03:43:39.261926,Success,,426,25,14,11,105834.24
TXN004924,C1228,2583.3,UPI,2026-04-28 04:17:55.787578,Success,,86,0,0,0,36641.8
TXN004925,C0194,23056.7,UPI,2026-04-28 04:52:12.313231,Success,,755,29,5,24,6459.37
TXN004926,C1705,3605.18,Debit Card,2026-04-28 05:26:28.838883,Success,,616,18,6,12,42980.61
TXN004927,C1688,5699.93,Debit Card,2026-04-28 06:00:45.364536,Success,,277,3,0,3,74189.57
TXN004928,C1571,13997.54,UPI,2026-04-28 06:35:01.890189,Success,,361,13,1,12,126593.68
TXN004929,C0696,19125.92,UPI,2026-04-28 07:09:18.415841,Success,,55,17,2,15,76574.05
TXN004930,C1310,15521.85,Net Banking,2026-04-28 07:43:34.941494,Success,,335,11,8,3,27283.02
TXN004931,C0057,5880.13,UPI,2026-04-28 08:17:51.467146,Success,,468,5,0,5,148918.51
TXN004932,C1758,123.48,UPI,2026-04-28 08:52:07.992799,Failed,Insufficient Balance,391,9,7,2,40875.92
TXN004933,C1327,18953.05,Credit Card,2026-04-28 09:26:24.518451,Success,,224,3,0,3,147801.56
TXN004934,C1187,24631.66,Net Banking,2026-04-28 10:00:41.044104,Abandoned,Checkout Abandoned,848,15,2,13,140482.03
TXN004935,C0019,20266.84,UPI,2026-04-28 10:34:57.569756,Success,,450,0,0,0,81595.01
TXN004936,C1394,11559.14,Debit Card,2026-04-28 11:09:14.095409,Abandoned,Checkout Abandoned,797,2,1,1,14248.48
TXN004937,C0264,22603.8,Credit Card,2026-04-28 11:43:30.621062,Success,,589,6,2,4,104464.51
TXN004938,C0794,10305.21,UPI,2026-04-28 12:17:47.146714,Abandoned,Checkout Abandoned,350,29,23,6,126934.79
TXN004939,C0113,13170.86,Debit Card,2026-04-28 12:52:03.672367,Success,,309,2,2,0,67072.51
TXN004940,C1512,11980.53,Wallet,2026-04-28 13:26:20.198019,Failed,Insufficient Balance,295,28,2,26,36236.55
TXN004941,C1351,11245.83,UPI,2026-04-28 14:00:36.723672,Failed,Technical Error,418,21,5,16,120522.21
TXN004942,C0542,19402.25,UPI,2026-04-28 14:34:53.249324,Success,,808,26,0,26,81989.13
TXN004943,C0647,13216.55,Net Banking,2026-04-28 15:09:09.774977,Success,,648,14,7,7,30045.69
TXN004944,C0579,7986.26,Debit Card,2026-04-28 15:43:26.300630,Failed,Bank Timeout,395,5,0,5,142456.03
TXN004945,C1089,6528.14,UPI,2026-04-28 16:17:42.826282,Success,,477,15,8,7,142240.68
TXN004946,C1316,1039.91,Credit Card,2026-04-28 16:51:59.351935,Success,,503,16,13,3,55373.93
TXN004947,C0025,14621.56,Debit Card,2026-04-28 17:26:15.877587,Success,,754,1,1,0,10068.46
TXN004948,C1573,5826.04,Debit Card,2026-04-28 18:00:32.403240,Success,,703,9,3,6,94802.89
TXN004949,C0001,3788.53,Net Banking,2026-04-28 18:34:48.928892,Failed,Insufficient Balance,535,10,6,4,47925.4
TXN004950,C0911,16380.37,UPI,2026-04-28 19:09:05.454545,Success,,623,27,22,5,10420.11
TXN004951,C1573,17062.11,UPI,2026-04-28 19:43:21.980198,Success,,160,26,15,11,133825.06
TXN004952,C0141,18828.66,Credit Card,2026-04-28 20:17:38.505850,Success,,846,5,2,3,149718.39
TXN004953,C1768,12639.06,UPI,2026-04-28 20:51:55.031503,Success,,701,17,6,11,52885.62
TXN004954,C0648,22361.96,Credit Card,2026-04-28 21:26:11.557155,Abandoned,Checkout Abandoned,900,14,13,1,111839.57
TXN004955,C1925,23414.93,UPI,2026-04-28 22:00:28.082808,Success,,187,15,0,15,10332.73
TXN004956,C0188,20203.54,UPI,2026-04-28 22:34:44.608460,Success,,734,29,8,21,55770.96
TXN004957,C1152,15926.28,Credit Card,2026-04-28 23:09:01.134113,Success,,554,12,12,0,16758.39
TXN004958,C0201,7662.65,Debit Card,2026-04-28 23:43:17.659765,Failed,Bank Timeout,18,15,5,10,8774.82
TXN004959,C1151,24575.33,Debit Card,2026-04-29 00:17:34.185418,Success,,360,1,1,0,88524.26
TXN004960,C0257,6925.99,Credit Card,2026-04-29 00:51:50.711071,Success,,785,19,12,7,120403.63
TXN004961,C1700,5146.16,UPI,2026-04-29 01:26:07.236723,Success,,212,11,4,7,68219.05
TXN004962,C0547,11109.64,UPI,2026-04-29 02:00:23.762376,Success,,272,28,11,17,78864.78
TXN004963,C0194,1515.33,Debit Card,2026-04-29 02:34:40.288028,Success,,158,13,6,7,40974.14
TXN004964,C0703,24464.51,UPI,2026-04-29 03:08:56.813681,Success,,101,7,2,5,110589.9
TXN004965,C1128,14752.0,Debit Card,2026-04-29 03:43:13.339333,Failed,Network Error,574,5,1,4,54480.45
TXN004966,C1559,13968.11,Credit Card,2026-04-29 04:17:29.864986,Abandoned,Checkout Abandoned,536,13,0,13,10591.1
TXN004967,C1289,16429.33,UPI,2026-04-29 04:51:46.390639,Failed,Network Error,465,23,22,1,25243.4
TXN004968,C0802,12475.89,Debit Card,2026-04-29 05:26:02.916291,Success,,573,14,4,10,19706.06
TXN004969,C0942,898.38,UPI,2026-04-29 06:00:19.441944,Success,,469,19,0,19,65663.73
TXN004970,C1998,15346.55,Credit Card,2026-04-29 06:34:35.967596,Success,,462,26,8,18,10249.29
TXN004971,C1408,17932.73,UPI,2026-04-29 07:08:52.493249,Failed,Technical Error,209,2,0,2,121069.41
TXN004972,C1284,10477.05,UPI,2026-04-29 07:43:09.018901,Success,,46,6,5,1,136246.78
TXN004973,C0414,18956.66,Credit Card,2026-04-29 08:17:25.544554,Abandoned,Checkout Abandoned,397,30,26,4,37634.93
TXN004974,C1382,5752.33,Credit Card,2026-04-29 08:51:42.070207,Success,,868,15,8,7,73083.71
TXN004975,C1099,5609.79,Debit Card,2026-04-29 09:25:58.595859,Failed,Network Error,600,22,22,0,78099.93
TXN004976,C1379,4119.28,Debit Card,2026-04-29 10:00:15.121512,Success,,838,1,1,0,147757.68
TXN004977,C1608,9362.67,Debit Card,2026-04-29 10:34:31.647164,Success,,671,16,7,9,10310.13
TXN004978,C1795,21190.6,UPI,2026-04-29 11:08:48.172817,Success,,442,10,10,0,100348.41
TXN004979,C0910,20715.01,Credit Card,2026-04-29 11:43:04.698469,Abandoned,Checkout Abandoned,557,23,1,22,52191.86
TXN004980,C0188,9632.32,Credit Card,2026-04-29 12:17:21.224122,Abandoned,Checkout Abandoned,103,2,1,1,75520.03
TXN004981,C1997,14769.06,UPI,2026-04-29 12:51:37.749774,Success,,874,21,3,18,32946.67
TXN004982,C1709,18048.33,Credit Card,2026-04-29 13:25:54.275427,Success,,200,22,0,22,24456.22
TXN004983,C1314,6106.05,Wallet,2026-04-29 14:00:10.801080,Failed,Card Declined,485,7,7,0,36913.01
TXN004984,C0045,4286.71,UPI,2026-04-29 14:34:27.326732,Success,,175,21,20,1,11153.66
TXN004985,C1597,24305.19,Net Banking,2026-04-29 15:08:43.852385,Success,,49,22,11,11,42074.5
TXN004986,C0083,15477.18,UPI,2026-04-29 15:43:00.378037,Success,,73,20,15,5,103707.46
TXN004987,C1147,24537.25,UPI,2026-04-29 16:17:16.903690,Success,,461,18,17,1,97896.55
TXN004988,C0358,8510.12,UPI,2026-04-29 16:51:33.429342,Success,,705,30,4,26,83397.18
TXN004989,C1552,17605.49,Credit Card,2026-04-29 17:25:49.954995,Failed,Bank Timeout,791,17,15,2,557.92
TXN004990,C1090,5642.83,UPI,2026-04-29 18:00:06.480648,Success,,651,6,0,6,19304.41
TXN004991,C0936,6603.88,Net Banking,2026-04-29 18:34:23.006300,Success,,760,15,8,7,126508.98
TXN004992,C1681,12846.36,Net Banking,2026-04-29 19:08:39.531953,Success,,391,23,1,22,41124.89
TXN004993,C0375,8058.49,Debit Card,2026-04-29 19:42:56.057605,Success,,456,13,13,0,136873.73
TXN004994,C0162,4273.78,Credit Card,2026-04-29 20:17:12.583258,Success,,284,7,2,5,131244.64
TXN004995,C1770,6645.73,Wallet,2026-04-29 20:51:29.108910,Success,,87,12,1,11,23661.59
TXN004996,C1404,990.14,Net Banking,2026-04-29 21:25:45.634563,Success,,848,2,0,2,134773.73
TXN004997,C1680,17640.15,Credit Card,2026-04-29 22:00:02.160216,Success,,134,1,0,1,94361.31
TXN004998,C1382,12353.7,Debit Card,2026-04-29 22:34:18.685868,Success,,530,12,12,0,94727.88
TXN004999,C1212,2446.65,Credit Card,2026-04-29 23:08:35.211521,Success,,298,24,16,8,127975.64
TXN005000,C0322,4375.18,Credit Card,2026-04-29 23:42:51.737173,Success,,136,21,0,21,61055.84
TXN005001,C0450,2653.11,UPI,2026-04-30 00:17:08.262826,Success,,225,25,20,5,110421.86
TXN005002,C1498,15353.56,Credit Card,2026-04-30 00:51:24.788478,Success,,637,2,2,0,100330.77
TXN005003,C1037,2445.84,UPI,2026-04-30 01:25:41.314131,Success,,838,20,15,5,115841.44
TXN005004,C0184,18881.63,UPI,2026-04-30 01:59:57.839783,Success,,115,0,0,0,99198.25
TXN005005,C0111,610.72,Debit Card,2026-04-30 02:34:14.365436,Success,,500,1,0,1,12468.19
TXN005006,C1951,6309.46,Wallet,2026-04-30 03:08:30.891089,Success,,734,24,12,12,44260.29
TXN005007,C0508,22277.6,Wallet,2026-04-30 03:42:47.416741,Failed,Insufficient Balance,565,9,2,7,141018.17
TXN005008,C1314,17991.43,Credit Card,2026-04-30 04:17:03.942394,Success,,586,10,2,8,33902.07
TXN005009,C0295,1916.91,Credit Card,2026-04-30 04:51:20.468046,Failed,Card Declined,606,25,2,23,71102.93
TXN005010,C1475,20546.04,UPI,2026-04-30 05:25:36.993699,Failed,Card Declined,66,2,1,1,53860.73
TXN005011,C0904,12376.57,Debit Card,2026-04-30 05:59:53.519351,Failed,Network Error,753,23,0,23,13401.66
TXN005012,C1239,21184.9,UPI,2026-04-30 06:34:10.045004,Success,,289,25,2,23,27587.71
TXN005013,C0974,15058.42,UPI,2026-04-30 07:08:26.570657,Failed,Bank Timeout,623,7,7,0,43356.73
TXN005014,C0632,17077.64,Debit Card,2026-04-30 07:42:43.096309,Success,,181,14,4,10,69766.11
TXN005015,C1918,24838.19,UPI,2026-04-30 08:16:59.621962,Success,,114,4,3,1,131241.34
TXN005016,C1591,5885.16,UPI,2026-04-30 08:51:16.147614,Success,,15,7,4,3,77584.63
TXN005017,C1051,15636.24,Net Banking,2026-04-30 09:25:32.673267,Abandoned,Checkout Abandoned,43,17,12,5,97959.79
TXN005018,C1654,11562.0,UPI,2026-04-30 09:59:49.198919,Success,,894,17,10,7,64180.3
TXN005019,C0733,1082.35,UPI,2026-04-30 10:34:05.724572,Abandoned,Checkout Abandoned,548,11,3,8,130574.32
TXN005020,C1255,460.32,UPI,2026-04-30 11:08:22.250225,Success,,539,3,3,0,99561.91
TXN005021,C1589,3068.79,UPI,2026-04-30 11:42:38.775877,Abandoned,Checkout Abandoned,526,7,6,1,14049.22
TXN005022,C1831,16262.38,UPI,2026-04-30 12:16:55.301530,Abandoned,Checkout Abandoned,639,1,1,0,71886.43
TXN005023,C0321,14222.36,Debit Card,2026-04-30 12:51:11.827182,Abandoned,Checkout Abandoned,481,19,3,16,124171.51
TXN005024,C0913,13880.4,UPI,2026-04-30 13:25:28.352835,Success,,617,23,7,16,110181.48
TXN005025,C1257,893.23,Net Banking,2026-04-30 13:59:44.878487,Failed,Insufficient Balance,734,2,1,1,135844.02
TXN005026,C1694,11785.64,UPI,2026-04-30 14:34:01.404140,Abandoned,Checkout Abandoned,264,7,6,1,34536.34
TXN005027,C0437,23123.11,Credit Card,2026-04-30 15:08:17.929792,Success,,565,11,6,5,146587.24
TXN005028,C0781,10000.04,Debit Card,2026-04-30 15:42:34.455445,Success,,875,1,1,0,43119.11
TXN005029,C1557,15660.57,Debit Card,2026-04-30 16:16:50.981098,Success,,614,29,26,3,8001.89
TXN005030,C1427,19517.49,Credit Card,2026-04-30 16:51:07.506750,Success,,256,16,13,3,74603.06
TXN005031,C1077,19619.74,Wallet,2026-04-30 17:25:24.032403,Failed,Card Declined,782,13,11,2,16995.64
TXN005032,C1811,13030.07,UPI,2026-04-30 17:59:40.558055,Success,,326,13,4,9,102355.99
TXN005033,C1337,21463.0,Credit Card,2026-04-30 18:33:57.083708,Success,,260,29,1,28,135133.16
TXN005034,C1305,9845.31,Net Banking,2026-04-30 19:08:13.609360,Success,,763,5,4,1,138240.82
TXN005035,C0726,22228.46,UPI,2026-04-30 19:42:30.135013,Success,,357,7,2,5,91252.07
TXN005036,C0031,6081.66,UPI,2026-04-30 20:16:46.660666,Success,,655,24,10,14,80522.1
TXN005037,C0337,7077.39,UPI,2026-04-30 20:51:03.186318,Failed,Technical Error,84,9,6,3,149101.72
TXN005038,C0183,1422.7,Credit Card,2026-04-30 21:25:19.711971,Success,,816,23,15,8,87124.14
TXN005039,C1047,19909.99,UPI,2026-04-30 21:59:36.237623,Failed,Insufficient Balance,249,17,6,11,139155.02
TXN005040,C0544,10484.68,UPI,2026-04-30 22:33:52.763276,Failed,Network Error,145,0,0,0,137530.96
TXN005041,C1470,5805.0,Credit Card,2026-04-30 23:08:09.288928,Success,,236,6,5,1,43782.31
TXN005042,C1098,5871.58,Credit Card,2026-04-30 23:42:25.814581,Success,,468,6,2,4,2555.79
TXN005043,C1034,22544.86,UPI,2026-05-01 00:16:42.340234,Success,,605,12,1,11,66155.68
TXN005044,C1508,20864.52,UPI,2026-05-01 00:50:58.865886,Success,,767,15,7,8,129274.84
TXN005045,C1480,13882.92,Credit Card,2026-05-01 01:25:15.391539,Success,,764,11,6,5,125502.07
TXN005046,C1590,15441.16,Wallet,2026-05-01 01:59:31.917191,Success,,95,28,5,23,90748.54
TXN005047,C1588,11910.71,Debit Card,2026-05-01 02:33:48.442844,Abandoned,Checkout Abandoned,469,18,15,3,23920.43
TXN005048,C0660,9852.5,Debit Card,2026-05-01 03:08:04.968496,Success,,121,5,4,1,16584.36
TXN005049,C0160,22895.37,UPI,2026-05-01 03:42:21.494149,Success,,78,6,2,4,143224.96
TXN005050,C1906,3227.76,UPI,2026-05-01 04:16:38.019801,Abandoned,Checkout Abandoned,371,29,21,8,63498.95
TXN005051,C1038,10519.33,Credit Card,2026-05-01 04:50:54.545454,Failed,Bank Timeout,295,24,2,22,97400.07
TXN005052,C1202,8679.59,Net Banking,2026-05-01 05:25:11.071107,Failed,Technical Error,452,16,8,8,135926.73
TXN005053,C0412,12503.95,Credit Card,2026-05-01 05:59:27.596759,Failed,Insufficient Balance,160,28,16,12,130549.03
TXN005054,C1902,11495.03,Net Banking,2026-05-01 06:33:44.122412,Success,,519,18,1,17,85252.03
TXN005055,C1012,13020.35,Wallet,2026-05-01 07:08:00.648064,Failed,Insufficient Balance,493,4,2,2,73441.82
TXN005056,C0053,3583.98,UPI,2026-05-01 07:42:17.173717,Abandoned,Checkout Abandoned,450,2,1,1,110421.25
TXN005057,C0408,12877.22,UPI,2026-05-01 08:16:33.699369,Success,,185,23,9,14,52772.03
TXN005058,C0847,6136.23,UPI,2026-05-01 08:50:50.225022,Success,,719,25,16,9,93995.9
TXN005059,C1046,4689.85,UPI,2026-05-01 09:25:06.750675,Success,,563,21,7,14,3961.29
TXN005060,C1054,1714.37,UPI,2026-05-01 09:59:23.276327,Success,,38,17,5,12,123734.73
TXN005061,C0703,19090.05,Net Banking,2026-05-01 10:33:39.801980,Success,,606,16,10,6,149705.83
TXN005062,C0260,10743.3,UPI,2026-05-01 11:07:56.327632,Success,,848,25,4,21,143228.62
TXN005063,C1229,15703.43,UPI,2026-05-01 11:42:12.853285,Success,,750,20,9,11,54304.28
TXN005064,C1083,18217.07,UPI,2026-05-01 12:16:29.378937,Success,,694,10,6,4,79899.64
TXN005065,C1495,17014.98,Wallet,2026-05-01 12:50:45.904590,Success,,562,24,0,24,35814.44
TXN005066,C0776,11815.47,Debit Card,2026-05-01 13:25:02.430243,Failed,Card Declined,722,25,7,18,45796.62
TXN005067,C1490,9758.67,Net Banking,2026-05-01 13:59:18.955895,Success,,840,8,3,5,68873.24
TXN005068,C1036,9461.4,Wallet,2026-05-01 14:33:35.481548,Success,,384,16,6,10,112188.6
TXN005069,C1655,16037.22,Credit Card,2026-05-01 15:07:52.007200,Success,,440,18,18,0,3173.42
TXN005070,C1951,12420.38,UPI,2026-05-01 15:42:08.532853,Success,,621,12,1,11,59369.23
TXN005071,C1998,21243.39,UPI,2026-05-01 16:16:25.058505,Success,,394,5,0,5,83696.29
TXN005072,C1314,21880.08,UPI,2026-05-01 16:50:41.584158,Success,,360,20,20,0,32669.86
TXN005073,C0850,4346.95,Debit Card,2026-05-01 17:24:58.109810,Failed,Insufficient Balance,229,3,2,1,12232.57
TXN005074,C1784,3492.22,UPI,2026-05-01 17:59:14.635463,Success,,503,28,15,13,81166.29
TXN005075,C0354,15796.98,UPI,2026-05-01 18:33:31.161116,Success,,156,17,13,4,95852.59
TXN005076,C1663,7600.52,Credit Card,2026-05-01 19:07:47.686768,Success,,586,11,2,9,96329.84
TXN005077,C1099,562.41,Credit Card,2026-05-01 19:42:04.212421,Success,,614,27,26,1,53809.37
TXN005078,C0873,22227.2,Debit Card,2026-05-01 20:16:20.738073,Failed,Bank Timeout,211,27,18,9,35985.59
TXN005079,C1740,5749.83,UPI,2026-05-01 20:50:37.263726,Success,,813,3,3,0,33447.77
TXN005080,C1585,23239.09,Net Banking,2026-05-01 21:24:53.789378,Failed,Bank Timeout,731,4,0,4,6558.33
TXN005081,C1615,17964.12,Credit Card,2026-05-01 21:59:10.315031,Success,,422,30,28,2,28110.16
TXN005082,C1465,19090.07,UPI,2026-05-01 22:33:26.840684,Success,,229,11,1,10,122881.62
TXN005083,C0991,5116.39,Debit Card,2026-05-01 23:07:43.366336,Failed,Insufficient Balance,821,17,0,17,956.16
TXN005084,C1265,5931.44,Wallet,2026-05-01 23:41:59.891989,Failed,Card Declined,392,25,6,19,7061.35
TXN005085,C1018,13079.57,UPI,2026-05-02 00:16:16.417641,Abandoned,Checkout Abandoned,784,16,3,13,19489.33
TXN005086,C1885,4385.29,UPI,2026-05-02 00:50:32.943294,Success,,559,22,2,20,63325.97
TXN005087,C1178,7705.25,Credit Card,2026-05-02 01:24:49.468946,Abandoned,Checkout Abandoned,626,22,18,4,50393.81
TXN005088,C1810,8104.42,UPI,2026-05-02 01:59:05.994599,Success,,260,23,9,14,27086.46
TXN005089,C1120,4074.79,Net Banking,2026-05-02 02:33:22.520252,Failed,Technical Error,775,9,2,7,17086.95
TXN005090,C1750,5209.05,UPI,2026-05-02 03:07:39.045904,Success,,287,5,1,4,140859.95
TXN005091,C0294,19734.94,Debit Card,2026-05-02 03:41:55.571557,Success,,758,16,4,12,136731.91
TXN005092,C0209,4263.18,Debit Card,2026-05-02 04:16:12.097209,Failed,Technical Error,724,7,0,7,115898.84
TXN005093,C1367,808.59,Credit Card,2026-05-02 04:50:28.622862,Success,,63,1,0,1,38177.29
TXN005094,C1112,15770.94,UPI,2026-05-02 05:24:45.148514,Success,,447,11,9,2,48892.86
TXN005095,C0818,24401.98,UPI,2026-05-02 05:59:01.674167,Failed,Card Declined,220,2,1,1,100043.82
TXN005096,C1800,8347.22,UPI,2026-05-02 06:33:18.199819,Success,,527,23,15,8,44108.98
TXN005097,C1961,3054.53,UPI,2026-05-02 07:07:34.725472,Success,,210,19,13,6,79828.11
TXN005098,C0390,14302.64,UPI,2026-05-02 07:41:51.251125,Success,,885,20,18,2,97866.93
TXN005099,C0325,22668.22,Net Banking,2026-05-02 08:16:07.776777,Success,,806,24,12,12,78119.85
TXN005100,C0940,19623.14,UPI,2026-05-02 08:50:24.302430,Success,,52,26,11,15,62286.07
TXN005101,C0889,15600.65,Debit Card,2026-05-02 09:24:40.828082,Success,,716,22,15,7,52510.16
TXN005102,C1856,7944.91,UPI,2026-05-02 09:58:57.353735,Success,,257,25,22,3,116773.61
TXN005103,C1181,13592.82,Debit Card,2026-05-02 10:33:13.879387,Success,,374,27,16,11,110980.35
TXN005104,C0668,2372.0,Wallet,2026-05-02 11:07:30.405040,Success,,327,6,5,1,104586.1
TXN005105,C1675,17005.74,UPI,2026-05-02 11:41:46.930693,Failed,Network Error,790,0,0,0,56514.23
TXN005106,C0633,18154.89,Net Banking,2026-05-02 12:16:03.456345,Success,,504,16,5,11,116472.63
TXN005107,C0577,24129.29,Credit Card,2026-05-02 12:50:19.981998,Failed,Bank Timeout,380,30,13,17,143676.69
TXN005108,C1643,6583.89,Net Banking,2026-05-02 13:24:36.507650,Success,,713,7,7,0,103502.44
TXN005109,C1683,559.56,Debit Card,2026-05-02 13:58:53.033303,Success,,568,9,2,7,61480.94
TXN005110,C0137,13685.65,UPI,2026-05-02 14:33:09.558955,Success,,197,16,6,10,119573.95
TXN005111,C1947,17699.08,UPI,2026-05-02 15:07:26.084608,Failed,Network Error,280,15,14,1,91590.66
TXN005112,C1698,19781.15,UPI,2026-05-02 15:41:42.610261,Success,,782,9,4,5,131712.72
TXN005113,C0428,4924.1,Credit Card,2026-05-02 16:15:59.135913,Failed,Card Declined,590,14,3,11,107120.79
TXN005114,C1476,6617.65,Wallet,2026-05-02 16:50:15.661566,Success,,267,15,14,1,115603.05
TXN005115,C0612,12863.51,Debit Card,2026-05-02 17:24:32.187218,Failed,Network Error,635,17,9,8,100281.75
TXN005116,C1874,8331.96,UPI,2026-05-02 17:58:48.712871,Success,,815,3,0,3,14257.06
TXN005117,C0911,21526.74,Net Banking,2026-05-02 18:33:05.238523,Failed,Card Declined,251,24,2,22,73025.02
TXN005118,C0819,11896.63,Debit Card,2026-05-02 19:07:21.764176,Success,,103,6,2,4,8945.24
TXN005119,C0141,20009.51,UPI,2026-05-02 19:41:38.289828,Success,,703,28,26,2,67408.6
TXN005120,C1107,14557.43,UPI,2026-05-02 20:15:54.815481,Success,,517,28,9,19,107605.83
TXN005121,C0177,19349.94,UPI,2026-05-02 20:50:11.341134,Success,,304,11,7,4,63477.69
TXN005122,C0198,8383.56,Net Banking,2026-05-02 21:24:27.866786,Success,,489,22,22,0,743.72
TXN005123,C0624,20802.27,Net Banking,2026-05-02 21:58:44.392439,Success,,774,11,8,3,55708.12
TXN005124,C1592,6936.85,UPI,2026-05-02 22:33:00.918091,Success,,29,25,1,24,10629.97
TXN005125,C1996,13697.86,UPI,2026-05-02 23:07:17.443744,Abandoned,Checkout Abandoned,771,22,5,17,117199.16
TXN005126,C0691,5428.78,Debit Card,2026-05-02 23:41:33.969396,Success,,413,20,4,16,117670.86
TXN005127,C1445,11940.61,Wallet,2026-05-03 00:15:50.495049,Failed,Technical Error,806,0,0,0,121053.6
TXN005128,C0401,8022.56,Debit Card,2026-05-03 00:50:07.020702,Abandoned,Checkout Abandoned,428,20,2,18,5033.92
TXN005129,C1722,6740.92,Credit Card,2026-05-03 01:24:23.546354,Abandoned,Checkout Abandoned,425,23,6,17,5324.26
TXN005130,C0471,24177.93,UPI,2026-05-03 01:58:40.072007,Failed,Technical Error,538,27,14,13,135565.68
TXN005131,C0218,4085.85,Credit Card,2026-05-03 02:32:56.597659,Failed,Network Error,893,11,4,7,18990.74
TXN005132,C1949,19704.41,UPI,2026-05-03 03:07:13.123312,Success,,572,22,5,17,100678.49
TXN005133,C0929,24605.71,Net Banking,2026-05-03 03:41:29.648964,Success,,145,30,3,27,119420.43
TXN005134,C1852,595.55,UPI,2026-05-03 04:15:46.174617,Success,,670,6,6,0,67455.62
TXN005135,C1753,17505.78,Net Banking,2026-05-03 04:50:02.700270,Success,,672,14,12,2,82197.58
TXN005136,C0632,6397.5,UPI,2026-05-03 05:24:19.225922,Success,,124,1,0,1,34493.42
TXN005137,C0951,1108.15,Net Banking,2026-05-03 05:58:35.751575,Success,,868,0,0,0,138578.19
TXN005138,C0906,10131.95,UPI,2026-05-03 06:32:52.277227,Success,,783,3,2,1,45619.26
TXN005139,C0175,23386.92,UPI,2026-05-03 07:07:08.802880,Failed,Network Error,515,7,4,3,33062.77
TXN005140,C0023,392.95,Credit Card,2026-05-03 07:41:25.328532,Success,,189,29,14,15,79047.83
TXN005141,C1749,14738.35,UPI,2026-05-03 08:15:41.854185,Success,,657,16,6,10,28981.8
TXN005142,C1941,12584.77,Wallet,2026-05-03 08:49:58.379837,Success,,620,28,6,22,103160.4
TXN005143,C0235,21847.27,Credit Card,2026-05-03 09:24:14.905490,Success,,334,17,9,8,77509.76
TXN005144,C1037,2191.64,Credit Card,2026-05-03 09:58:31.431143,Abandoned,Checkout Abandoned,810,22,12,10,22596.77
TXN005145,C1125,17070.0,Net Banking,2026-05-03 10:32:47.956795,Success,,199,4,2,2,10553.34
TXN005146,C0929,17034.73,Net Banking,2026-05-03 11:07:04.482448,Success,,200,30,0,30,20974.55
TXN005147,C1560,16760.09,Credit Card,2026-05-03 11:41:21.008100,Success,,737,5,3,2,20925.39
TXN005148,C1900,23564.13,Wallet,2026-05-03 12:15:37.533753,Success,,681,11,10,1,47271.15
TXN005149,C0523,20594.88,UPI,2026-05-03 12:49:54.059405,Success,,832,23,0,23,125073.96
TXN005150,C1809,1145.12,UPI,2026-05-03 13:24:10.585058,Success,,298,27,2,25,9065.46
TXN005151,C1476,11829.96,Credit Card,2026-05-03 13:58:27.110711,Success,,175,15,7,8,19649.3
TXN005152,C0431,10009.03,UPI,2026-05-03 14:32:43.636363,Success,,267,8,6,2,45783.43
TXN005153,C0793,7822.67,Credit Card,2026-05-03 15:07:00.162016,Failed,Bank Timeout,245,14,2,12,83223.31
TXN005154,C1630,11338.28,UPI,2026-05-03 15:41:16.687668,Success,,730,7,3,4,114550.98
TXN005155,C1737,9666.44,UPI,2026-05-03 16:15:33.213321,Success,,403,11,1,10,138218.12
TXN005156,C0533,10865.11,Net Banking,2026-05-03 16:49:49.738973,Success,,750,13,1,12,62107.19
TXN005157,C1876,24483.62,Credit Card,2026-05-03 17:24:06.264626,Success,,494,16,4,12,16322.3
TXN005158,C0979,2306.96,Wallet,2026-05-03 17:58:22.790279,Abandoned,Checkout Abandoned,587,13,12,1,32420.57
TXN005159,C1747,23063.55,Debit Card,2026-05-03 18:32:39.315931,Success,,469,26,17,9,43443.52
TXN005160,C1676,12057.89,UPI,2026-05-03 19:06:55.841584,Abandoned,Checkout Abandoned,494,19,15,4,118021.6
TXN005161,C1317,15631.18,UPI,2026-05-03 19:41:12.367236,Success,,743,4,2,2,103153.18
TXN005162,C0810,20771.56,UPI,2026-05-03 20:15:28.892889,Failed,Technical Error,24,12,6,6,31746.3
TXN005163,C0913,9075.53,Net Banking,2026-05-03 20:49:45.418541,Success,,480,24,0,24,125892.45
TXN005164,C1125,10817.51,UPI,2026-05-03 21:24:01.944194,Success,,893,5,0,5,128943.8
TXN005165,C1526,10297.01,UPI,2026-05-03 21:58:18.469846,Success,,838,13,9,4,132424.6
TXN005166,C1328,9430.8,Net Banking,2026-05-03 22:32:34.995499,Success,,680,5,0,5,41613.13
TXN005167,C0871,23145.68,Credit Card,2026-05-03 23:06:51.521152,Success,,254,29,26,3,20492.67
TXN005168,C0540,20740.35,UPI,2026-05-03 23:41:08.046804,Success,,260,2,0,2,16041.63
TXN005169,C1024,2814.1,UPI,2026-05-04 00:15:24.572457,Failed,Bank Timeout,175,15,13,2,60313.12
TXN005170,C1577,2792.27,Net Banking,2026-05-04 00:49:41.098109,Success,,678,11,8,3,64684.06
TXN005171,C1379,10753.95,Net Banking,2026-05-04 01:23:57.623762,Success,,513,13,6,7,130297.39
TXN005172,C1327,2556.57,UPI,2026-05-04 01:58:14.149414,Failed,Network Error,215,1,1,0,40529.53
TXN005173,C1520,15515.42,UPI,2026-05-04 02:32:30.675067,Success,,130,17,14,3,94220.38
TXN005174,C1682,3677.92,Net Banking,2026-05-04 03:06:47.200720,Failed,Card Declined,692,30,9,21,118337.8
TXN005175,C1792,13107.09,Debit Card,2026-05-04 03:41:03.726372,Success,,643,6,3,3,40738.36
TXN005176,C1998,279.78,Net Banking,2026-05-04 04:15:20.252025,Success,,497,4,3,1,40437.37
TXN005177,C0227,7983.25,Credit Card,2026-05-04 04:49:36.777677,Success,,288,11,2,9,100538.71
TXN005178,C1260,16962.05,Net Banking,2026-05-04 05:23:53.303330,Abandoned,Checkout Abandoned,546,25,4,21,109057.37
TXN005179,C0873,12152.57,UPI,2026-05-04 05:58:09.828982,Failed,Technical Error,495,16,1,15,143984.51
TXN005180,C0892,24458.91,UPI,2026-05-04 06:32:26.354635,Abandoned,Checkout Abandoned,677,11,5,6,127566.13
TXN005181,C1479,21865.18,Debit Card,2026-05-04 07:06:42.880288,Success,,620,20,5,15,123396.68
TXN005182,C1037,9040.86,Credit Card,2026-05-04 07:40:59.405940,Failed,Card Declined,871,30,15,15,104000.98
TXN005183,C0210,1232.61,Net Banking,2026-05-04 08:15:15.931593,Success,,517,10,0,10,18213.75
TXN005184,C0741,21156.09,UPI,2026-05-04 08:49:32.457245,Success,,228,0,0,0,121481.56
TXN005185,C0397,22789.73,Net Banking,2026-05-04 09:23:48.982898,Failed,Bank Timeout,209,8,8,0,140330.6
TXN005186,C1124,20533.62,UPI,2026-05-04 09:58:05.508550,Success,,889,7,0,7,58912.31
TXN005187,C0031,3285.95,Debit Card,2026-05-04 10:32:22.034203,Success,,92,13,5,8,47392.46
TXN005188,C0898,24948.09,UPI,2026-05-04 11:06:38.559855,Success,,886,3,2,1,78611.01
TXN005189,C1552,6538.75,Credit Card,2026-05-04 11:40:55.085508,Failed,Bank Timeout,885,30,23,7,143490.11
TXN005190,C0649,18132.7,Debit Card,2026-05-04 12:15:11.611161,Success,,285,10,1,9,8099.42
TXN005191,C0329,22710.07,UPI,2026-05-04 12:49:28.136813,Success,,231,16,7,9,106477.66
TXN005192,C1190,5968.61,UPI,2026-05-04 13:23:44.662466,Abandoned,Checkout Abandoned,550,26,26,0,122292.92
TXN005193,C1483,22715.64,Credit Card,2026-05-04 13:58:01.188118,Success,,657,7,1,6,118418.0
TXN005194,C1846,7806.09,Net Banking,2026-05-04 14:32:17.713771,Success,,71,20,17,3,85232.77
TXN005195,C0952,24412.69,UPI,2026-05-04 15:06:34.239423,Success,,407,0,0,0,138124.17
TXN005196,C1124,7103.37,UPI,2026-05-04 15:40:50.765076,Failed,Insufficient Balance,175,30,1,29,20611.3
TXN005197,C0621,23840.55,UPI,2026-05-04 16:15:07.290729,Success,,140,17,8,9,37150.01
TXN005198,C1879,1433.26,Wallet,2026-05-04 16:49:23.816381,Success,,780,30,22,8,46389.97
TXN005199,C1197,17760.87,UPI,2026-05-04 17:23:40.342034,Success,,320,4,0,4,1797.27
TXN005200,C1773,13349.57,UPI,2026-05-04 17:57:56.867686,Success,,215,28,9,19,55915.05
TXN005201,C0162,11999.14,Debit Card,2026-05-04 18:32:13.393339,Success,,414,29,21,8,24518.65
TXN005202,C1929,5665.01,Debit Card,2026-05-04 19:06:29.918991,Success,,172,24,0,24,108831.61
TXN005203,C1752,17669.34,UPI,2026-05-04 19:40:46.444644,Success,,309,25,20,5,62535.44
TXN005204,C0776,4851.16,Wallet,2026-05-04 20:15:02.970297,Abandoned,Checkout Abandoned,181,7,1,6,105816.69
TXN005205,C1287,13865.76,Credit Card,2026-05-04 20:49:19.495949,Success,,890,26,14,12,44401.16
TXN005206,C1828,6405.81,Credit Card,2026-05-04 21:23:36.021602,Abandoned,Checkout Abandoned,178,25,8,17,20221.7
TXN005207,C0274,23894.97,UPI,2026-05-04 21:57:52.547254,Success,,164,7,2,5,20232.36
TXN005208,C1027,812.92,Net Banking,2026-05-04 22:32:09.072907,Success,,101,28,15,13,30887.93
TXN005209,C1052,5073.23,UPI,2026-05-04 23:06:25.598559,Success,,165,8,6,2,17724.75
TXN005210,C0326,6133.53,UPI,2026-05-04 23:40:42.124212,Abandoned,Checkout Abandoned,14,17,14,3,33471.79
TXN005211,C0940,10410.29,UPI,2026-05-05 00:14:58.649864,Success,,692,6,1,5,87065.63
TXN005212,C1173,5894.98,Debit Card,2026-05-05 00:49:15.175517,Abandoned,Checkout Abandoned,200,9,9,0,38822.23
TXN005213,C0540,12334.59,Credit Card,2026-05-05 01:23:31.701170,Success,,560,20,3,17,51770.51
TXN005214,C0488,21824.39,Credit Card,2026-05-05 01:57:48.226822,Success,,19,15,9,6,8383.73
TXN005215,C0822,17830.38,UPI,2026-05-05 02:32:04.752475,Success,,584,2,2,0,133885.26
TXN005216,C1462,14541.05,Debit Card,2026-05-05 03:06:21.278127,Success,,786,9,0,9,21155.07
TXN005217,C1089,2316.18,Debit Card,2026-05-05 03:40:37.803780,Success,,93,29,9,20,52625.54
TXN005218,C0356,17380.4,UPI,2026-05-05 04:14:54.329432,Success,,486,7,5,2,57232.15
TXN005219,C1557,4243.72,Net Banking,2026-05-05 04:49:10.855085,Success,,888,17,5,12,115932.88
TXN005220,C1276,19680.55,UPI,2026-05-05 05:23:27.380738,Success,,38,3,1,2,72789.66
TXN005221,C0235,6326.41,Debit Card,2026-05-05 05:57:43.906390,Success,,421,28,0,28,57751.97
TXN005222,C0227,10484.51,UPI,2026-05-05 06:32:00.432043,Success,,404,11,10,1,104533.27
TXN005223,C1549,8826.71,Credit Card,2026-05-05 07:06:16.957695,Success,,222,20,15,5,89753.71
TXN005224,C1337,21484.47,Wallet,2026-05-05 07:40:33.483348,Success,,876,4,3,1,12181.12
TXN005225,C0049,3250.96,Wallet,2026-05-05 08:14:50.009000,Success,,480,3,2,1,47248.69
TXN005226,C0118,14184.56,UPI,2026-05-05 08:49:06.534653,Failed,Technical Error,230,30,23,7,146801.92
TXN005227,C0054,3637.33,UPI,2026-05-05 09:23:23.060306,Success,,792,18,2,16,72758.61
TXN005228,C1674,17649.42,UPI,2026-05-05 09:57:39.585958,Abandoned,Checkout Abandoned,730,18,13,5,63916.86
TXN005229,C0565,22636.45,Net Banking,2026-05-05 10:31:56.111611,Success,,161,4,3,1,22913.01
TXN005230,C1068,10921.73,Credit Card,2026-05-05 11:06:12.637263,Success,,44,14,8,6,125940.99
TXN005231,C1839,12253.5,UPI,2026-05-05 11:40:29.162916,Success,,70,30,14,16,20429.53
TXN005232,C0053,23192.83,UPI,2026-05-05 12:14:45.688568,Success,,285,11,11,0,16210.02
TXN005233,C1610,13072.69,Wallet,2026-05-05 12:49:02.214221,Success,,835,25,24,1,66130.55
TXN005234,C0558,12241.2,Credit Card,2026-05-05 13:23:18.739873,Success,,621,12,6,6,65778.71
TXN005235,C1549,14500.39,UPI,2026-05-05 13:57:35.265526,Success,,724,5,2,3,147229.61
TXN005236,C1701,17261.82,UPI,2026-05-05 14:31:51.791179,Success,,768,28,13,15,19566.26
TXN005237,C1126,2761.4,UPI,2026-05-05 15:06:08.316831,Failed,Technical Error,231,16,3,13,72832.15
TXN005238,C1816,20545.65,Credit Card,2026-05-05 15:40:24.842484,Success,,709,26,22,4,30586.17
TXN005239,C1794,10944.08,Wallet,2026-05-05 16:14:41.368136,Success,,432,19,5,14,105413.7
TXN005240,C1873,1901.48,Net Banking,2026-05-05 16:48:57.893789,Abandoned,Checkout Abandoned,413,9,5,4,59057.19
TXN005241,C0868,19675.95,Credit Card,2026-05-05 17:23:14.419441,Success,,607,13,10,3,97445.95
TXN005242,C0398,9486.05,Net Banking,2026-05-05 17:57:30.945094,Success,,609,14,3,11,51092.47
TXN005243,C1162,2599.15,UPI,2026-05-05 18:31:47.470747,Failed,Bank Timeout,457,9,9,0,84899.63
TXN005244,C0675,15881.1,UPI,2026-05-05 19:06:03.996399,Success,,663,5,0,5,70635.98
TXN005245,C1945,22015.27,Wallet,2026-05-05 19:40:20.522052,Success,,173,28,25,3,56467.56
TXN005246,C0387,22205.06,UPI,2026-05-05 20:14:37.047704,Success,,150,15,6,9,80859.96
TXN005247,C0111,23945.82,UPI,2026-05-05 20:48:53.573357,Success,,266,1,1,0,57877.9
TXN005248,C0614,21705.87,Wallet,2026-05-05 21:23:10.099009,Success,,512,9,9,0,120999.81
TXN005249,C0017,153.31,UPI,2026-05-05 21:57:26.624662,Success,,379,4,1,3,74538.02
TXN005250,C1804,9568.01,Debit Card,2026-05-05 22:31:43.150315,Success,,612,26,19,7,135517.53
TXN005251,C1206,20481.71,Wallet,2026-05-05 23:05:59.675967,Success,,278,8,2,6,33809.23
TXN005252,C0884,9219.7,Credit Card,2026-05-05 23:40:16.201620,Failed,Card Declined,172,18,5,13,17262.52
TXN005253,C1560,15078.56,UPI,2026-05-06 00:14:32.727272,Failed,Technical Error,539,18,1,17,57454.62
TXN005254,C0541,15197.29,UPI,2026-05-06 00:48:49.252925,Failed,Bank Timeout,683,8,6,2,27957.1
TXN005255,C0171,9189.13,UPI,2026-05-06 01:23:05.778577,Failed,Insufficient Balance,61,15,7,8,59271.35
TXN005256,C0409,22621.4,UPI,2026-05-06 01:57:22.304230,Success,,335,28,19,9,31507.94
TXN005257,C0740,12630.39,Debit Card,2026-05-06 02:31:38.829882,Failed,Network Error,67,18,7,11,130298.34
TXN005258,C1402,11673.13,UPI,2026-05-06 03:05:55.355535,Success,,292,19,2,17,85401.73
TXN005259,C1212,24938.09,UPI,2026-05-06 03:40:11.881188,Success,,667,27,16,11,74889.6
TXN005260,C0858,12388.16,Credit Card,2026-05-06 04:14:28.406840,Success,,66,24,10,14,118267.89
TXN005261,C0230,4542.12,Credit Card,2026-05-06 04:48:44.932493,Success,,389,3,2,1,19989.87
TXN005262,C1857,12875.43,Net Banking,2026-05-06 05:23:01.458145,Failed,Technical Error,891,4,1,3,128623.7
TXN005263,C1876,20369.02,UPI,2026-05-06 05:57:17.983798,Success,,18,17,11,6,72753.96
TXN005264,C0119,19443.82,Net Banking,2026-05-06 06:31:34.509450,Success,,713,7,5,2,20896.77
TXN005265,C1180,19735.69,Credit Card,2026-05-06 07:05:51.035103,Success,,600,12,12,0,123002.01
TXN005266,C0784,17729.79,UPI,2026-05-06 07:40:07.560756,Success,,672,8,0,8,69385.89
TXN005267,C1711,6430.02,UPI,2026-05-06 08:14:24.086408,Failed,Network Error,836,9,1,8,90887.78
TXN005268,C0465,21565.89,UPI,2026-05-06 08:48:40.612061,Abandoned,Checkout Abandoned,716,3,3,0,134094.53
TXN005269,C0104,22346.74,Credit Card,2026-05-06 09:22:57.137713,Success,,514,18,3,15,133658.4
TXN005270,C1628,4934.4,UPI,2026-05-06 09:57:13.663366,Success,,722,30,29,1,133976.42
TXN005271,C0698,3348.35,Wallet,2026-05-06 10:31:30.189018,Success,,287,3,0,3,62829.16
TXN005272,C1996,24392.56,Credit Card,2026-05-06 11:05:46.714671,Failed,Card Declined,443,28,24,4,112566.08
TXN005273,C1819,21721.27,Wallet,2026-05-06 11:40:03.240324,Success,,416,12,6,6,35373.99
TXN005274,C1526,22341.58,UPI,2026-05-06 12:14:19.765976,Abandoned,Checkout Abandoned,93,22,2,20,124760.96
TXN005275,C1717,22170.77,UPI,2026-05-06 12:48:36.291629,Success,,445,16,16,0,51587.48
TXN005276,C1706,13588.0,UPI,2026-05-06 13:22:52.817281,Failed,Insufficient Balance,784,26,12,14,69854.91
TXN005277,C1723,16195.4,UPI,2026-05-06 13:57:09.342934,Success,,382,10,0,10,133763.05
TXN005278,C0175,13679.54,Net Banking,2026-05-06 14:31:25.868586,Success,,154,1,1,0,120958.12
TXN005279,C1758,1375.04,UPI,2026-05-06 15:05:42.394239,Success,,754,25,16,9,142900.43
TXN005280,C0745,18663.03,UPI,2026-05-06 15:39:58.919891,Failed,Technical Error,160,4,1,3,54839.21
TXN005281,C1698,12682.77,UPI,2026-05-06 16:14:15.445544,Failed,Network Error,558,24,18,6,23087.25
TXN005282,C1445,16227.96,UPI,2026-05-06 16:48:31.971197,Success,,845,30,4,26,136606.36
TXN005283,C1158,12615.73,Net Banking,2026-05-06 17:22:48.496849,Success,,210,12,7,5,74226.58
TXN005284,C1415,12346.1,Credit Card,2026-05-06 17:57:05.022502,Abandoned,Checkout Abandoned,463,21,1,20,133465.42
TXN005285,C1760,4377.55,Debit Card,2026-05-06 18:31:21.548154,Abandoned,Checkout Abandoned,518,2,0,2,109945.0
TXN005286,C1525,7039.97,UPI,2026-05-06 19:05:38.073807,Success,,371,18,8,10,131283.03
TXN005287,C0665,4055.43,Wallet,2026-05-06 19:39:54.599459,Success,,201,28,6,22,98381.08
TXN005288,C0033,4972.09,Debit Card,2026-05-06 20:14:11.125112,Success,,539,22,15,7,121949.62
TXN005289,C0055,24327.14,UPI,2026-05-06 20:48:27.650765,Failed,Network Error,172,18,11,7,18490.23
TXN005290,C1978,3912.52,UPI,2026-05-06 21:22:44.176417,Success,,288,15,9,6,145260.06
TXN005291,C0519,6804.83,Net Banking,2026-05-06 21:57:00.702070,Success,,360,30,20,10,27556.39
TXN005292,C0756,14805.68,Credit Card,2026-05-06 22:31:17.227722,Success,,221,15,4,11,4163.16
TXN005293,C1849,15293.45,Debit Card,2026-05-06 23:05:33.753375,Success,,144,25,23,2,79855.7
TXN005294,C1662,3933.96,UPI,2026-05-06 23:39:50.279027,Success,,710,2,2,0,106930.88
TXN005295,C0012,19863.56,UPI,2026-05-07 00:14:06.804680,Success,,853,25,23,2,107604.56
TXN005296,C1552,19651.55,Debit Card,2026-05-07 00:48:23.330333,Success,,517,27,20,7,51215.31
TXN005297,C0720,6009.21,Credit Card,2026-05-07 01:22:39.855985,Failed,Bank Timeout,494,22,21,1,113197.86
TXN005298,C0555,7287.79,Credit Card,2026-05-07 01:56:56.381638,Abandoned,Checkout Abandoned,764,24,5,19,126462.73
TXN005299,C0373,23455.9,Credit Card,2026-05-07 02:31:12.907290,Success,,706,8,5,3,91696.76
TXN005300,C0484,20659.22,UPI,2026-05-07 03:05:29.432943,Success,,717,18,16,2,58205.81
TXN005301,C0973,17475.15,Debit Card,2026-05-07 03:39:45.958595,Success,,766,23,14,9,92229.4
TXN005302,C1671,2147.61,Wallet,2026-05-07 04:14:02.484248,Failed,Network Error,536,0,0,0,129403.44
TXN005303,C1252,10514.78,Net Banking,2026-05-07 04:48:19.009900,Failed,Card Declined,395,13,9,4,135120.53
TXN005304,C0623,14026.62,UPI,2026-05-07 05:22:35.535553,Success,,899,27,2,25,5211.74
TXN005305,C0307,4766.54,UPI,2026-05-07 05:56:52.061206,Failed,Network Error,696,23,6,17,18798.58
TXN005306,C0457,11260.84,Net Banking,2026-05-07 06:31:08.586858,Success,,468,10,8,2,1174.85
TXN005307,C0160,15065.54,Credit Card,2026-05-07 07:05:25.112511,Success,,833,17,1,16,74120.11
TXN005308,C0331,8251.68,Credit Card,2026-05-07 07:39:41.638163,Success,,106,19,12,7,65740.44
TXN005309,C0776,19545.53,Wallet,2026-05-07 08:13:58.163816,Failed,Card Declined,23,6,2,4,82097.35
TXN005310,C0225,21027.19,Credit Card,2026-05-07 08:48:14.689468,Success,,164,5,4,1,102705.19
TXN005311,C0983,8157.88,Credit Card,2026-05-07 09:22:31.215121,Abandoned,Checkout Abandoned,687,11,3,8,55184.67
TXN005312,C0729,20982.56,UPI,2026-05-07 09:56:47.740774,Failed,Card Declined,625,24,7,17,31682.3
TXN005313,C1528,2679.06,UPI,2026-05-07 10:31:04.266426,Success,,733,29,4,25,59525.65
TXN005314,C1480,20959.45,UPI,2026-05-07 11:05:20.792079,Success,,139,23,11,12,1847.14
TXN005315,C1069,3903.49,Net Banking,2026-05-07 11:39:37.317731,Success,,13,1,0,1,124502.28
TXN005316,C1238,2164.89,UPI,2026-05-07 12:13:53.843384,Failed,Bank Timeout,762,12,7,5,57867.08
TXN005317,C1083,16080.21,Credit Card,2026-05-07 12:48:10.369036,Success,,161,19,11,8,93606.86
TXN005318,C0644,11851.24,Net Banking,2026-05-07 13:22:26.894689,Success,,658,0,0,0,49046.48
TXN005319,C0616,22706.48,Credit Card,2026-05-07 13:56:43.420342,Abandoned,Checkout Abandoned,668,22,10,12,92414.45
TXN005320,C0195,9143.41,Credit Card,2026-05-07 14:30:59.945994,Failed,Insufficient Balance,199,14,1,13,81295.09
TXN005321,C1949,7250.09,UPI,2026-05-07 15:05:16.471647,Success,,690,19,4,15,31679.62
TXN005322,C0489,12568.3,Net Banking,2026-05-07 15:39:32.997299,Failed,Card Declined,137,7,4,3,93985.94
TXN005323,C0157,11453.06,UPI,2026-05-07 16:13:49.522952,Success,,613,17,17,0,16888.55
TXN005324,C0610,8676.26,UPI,2026-05-07 16:48:06.048604,Success,,598,14,6,8,72422.33
TXN005325,C1250,17374.16,UPI,2026-05-07 17:22:22.574257,Success,,465,7,0,7,108121.77
TXN005326,C0412,19013.09,UPI,2026-05-07 17:56:39.099909,Failed,Network Error,87,1,1,0,82584.88
TXN005327,C1229,21339.3,UPI,2026-05-07 18:30:55.625562,Success,,443,10,5,5,112067.52
TXN005328,C1103,24324.13,Debit Card,2026-05-07 19:05:12.151215,Success,,635,7,2,5,41337.81
TXN005329,C1148,6739.74,UPI,2026-05-07 19:39:28.676867,Success,,595,28,21,7,7798.37
TXN005330,C0471,17930.73,Debit Card,2026-05-07 20:13:45.202520,Abandoned,Checkout Abandoned,134,12,0,12,8867.57
TXN005331,C1964,9917.03,UPI,2026-05-07 20:48:01.728172,Success,,221,0,0,0,40674.46
TXN005332,C1242,16959.34,UPI,2026-05-07 21:22:18.253825,Success,,202,28,16,12,61446.23
TXN005333,C0516,11951.94,Credit Card,2026-05-07 21:56:34.779477,Success,,597,17,17,0,80857.03
TXN005334,C1626,24844.95,Wallet,2026-05-07 22:30:51.305130,Success,,236,4,1,3,113770.36
TXN005335,C1128,18249.66,Net Banking,2026-05-07 23:05:07.830783,Success,,349,0,0,0,126021.62
TXN005336,C0393,23817.03,Wallet,2026-05-07 23:39:24.356435,Failed,Network Error,853,11,6,5,104205.31
TXN005337,C0631,20890.74,Debit Card,2026-05-08 00:13:40.882088,Success,,149,4,3,1,69749.74
TXN005338,C1669,22582.24,Debit Card,2026-05-08 00:47:57.407740,Abandoned,Checkout Abandoned,688,20,19,1,40040.81
TXN005339,C1848,20379.04,Credit Card,2026-05-08 01:22:13.933393,Success,,422,15,3,12,64456.45
TXN005340,C0608,11533.06,Credit Card,2026-05-08 01:56:30.459045,Success,,195,22,3,19,41372.72
TXN005341,C0980,6369.53,UPI,2026-05-08 02:30:46.984698,Success,,332,17,4,13,93857.16
TXN005342,C0434,9320.97,Credit Card,2026-05-08 03:05:03.510351,Success,,848,1,0,1,122821.93
TXN005343,C1355,603.88,UPI,2026-05-08 03:39:20.036003,Abandoned,Checkout Abandoned,224,14,1,13,77969.22
TXN005344,C1167,13147.43,UPI,2026-05-08 04:13:36.561656,Failed,Card Declined,598,27,10,17,7353.0
TXN005345,C1824,12675.94,Credit Card,2026-05-08 04:47:53.087308,Success,,518,30,22,8,140992.42
TXN005346,C0540,13178.74,UPI,2026-05-08 05:22:09.612961,Success,,84,21,2,19,44495.46
TXN005347,C0278,24353.38,UPI,2026-05-08 05:56:26.138613,Success,,418,29,10,19,137219.3
TXN005348,C0233,22795.2,UPI,2026-05-08 06:30:42.664266,Success,,637,10,2,8,122053.71
TXN005349,C1553,4126.65,Wallet,2026-05-08 07:04:59.189918,Failed,Network Error,349,28,10,18,62262.2
TXN005350,C1595,9285.17,UPI,2026-05-08 07:39:15.715571,Failed,Technical Error,570,9,1,8,8977.21
TXN005351,C1114,10656.51,UPI,2026-05-08 08:13:32.241224,Success,,328,2,1,1,142181.73
TXN005352,C1516,9077.27,Net Banking,2026-05-08 08:47:48.766876,Success,,248,12,3,9,99028.52
TXN005353,C1223,19982.55,Credit Card,2026-05-08 09:22:05.292529,Success,,519,12,3,9,37823.27
TXN005354,C0362,13148.54,UPI,2026-05-08 09:56:21.818181,Abandoned,Checkout Abandoned,804,23,14,9,80263.66
TXN005355,C1465,14345.29,UPI,2026-05-08 10:30:38.343834,Success,,463,2,2,0,95487.89
TXN005356,C0026,21340.04,UPI,2026-05-08 11:04:54.869486,Success,,719,9,1,8,34385.57
TXN005357,C1049,20167.61,UPI,2026-05-08 11:39:11.395139,Success,,496,3,2,1,14484.3
TXN005358,C1418,3392.07,UPI,2026-05-08 12:13:27.920792,Success,,882,13,1,12,40486.1
TXN005359,C0507,17876.47,UPI,2026-05-08 12:47:44.446444,Success,,67,28,21,7,7616.6
TXN005360,C1325,10942.36,Net Banking,2026-05-08 13:22:00.972097,Failed,Bank Timeout,643,22,20,2,10962.98
TXN005361,C1363,7436.76,Credit Card,2026-05-08 13:56:17.497749,Abandoned,Checkout Abandoned,643,16,7,9,23909.46
TXN005362,C0267,1345.47,Credit Card,2026-05-08 14:30:34.023402,Success,,274,0,0,0,24181.75
TXN005363,C0461,12232.51,UPI,2026-05-08 15:04:50.549054,Success,,734,24,21,3,37568.76
TXN005364,C1717,8950.37,UPI,2026-05-08 15:39:07.074707,Success,,251,14,11,3,140645.67
TXN005365,C0456,6362.67,Net Banking,2026-05-08 16:13:23.600360,Failed,Network Error,763,27,22,5,86585.09
TXN005366,C1384,17397.33,UPI,2026-05-08 16:47:40.126012,Success,,85,21,5,16,63664.52
TXN005367,C1092,19260.19,Net Banking,2026-05-08 17:21:56.651665,Failed,Bank Timeout,714,20,1,19,84788.05
TXN005368,C1007,6195.26,Credit Card,2026-05-08 17:56:13.177317,Failed,Card Declined,357,1,1,0,1353.88
TXN005369,C0863,1331.24,Net Banking,2026-05-08 18:30:29.702970,Success,,540,17,11,6,134264.66
TXN005370,C1436,21233.94,UPI,2026-05-08 19:04:46.228622,Success,,643,6,4,2,80080.81
TXN005371,C1995,348.0,UPI,2026-05-08 19:39:02.754275,Success,,151,21,8,13,68021.77
TXN005372,C0491,23434.1,Debit Card,2026-05-08 20:13:19.279927,Success,,739,27,14,13,141269.49
TXN005373,C1857,15727.73,Debit Card,2026-05-08 20:47:35.805580,Success,,857,29,10,19,109696.01
TXN005374,C1073,8113.98,UPI,2026-05-08 21:21:52.331233,Success,,517,12,8,4,50944.42
TXN005375,C1711,6237.3,Wallet,2026-05-08 21:56:08.856885,Success,,865,23,23,0,140455.54
TXN005376,C0564,324.24,UPI,2026-05-08 22:30:25.382538,Failed,Card Declined,681,2,1,1,127873.64
TXN005377,C1126,5963.24,UPI,2026-05-08 23:04:41.908190,Success,,783,2,1,1,143202.79
TXN005378,C0216,3529.43,Credit Card,2026-05-08 23:38:58.433843,Success,,122,12,10,2,14885.48
TXN005379,C1462,15342.94,Debit Card,2026-05-09 00:13:14.959495,Failed,Card Declined,502,20,4,16,143315.09
TXN005380,C1724,4246.99,Wallet,2026-05-09 00:47:31.485148,Success,,359,25,3,22,81660.98
TXN005381,C1593,13262.88,UPI,2026-05-09 01:21:48.010801,Failed,Bank Timeout,774,3,0,3,100996.15
TXN005382,C0559,14793.9,UPI,2026-05-09 01:56:04.536453,Success,,800,15,4,11,32229.72
TXN005383,C0159,7521.24,Credit Card,2026-05-09 02:30:21.062106,Success,,28,27,20,7,21490.02
TXN005384,C0489,973.12,UPI,2026-05-09 03:04:37.587758,Success,,738,7,6,1,12368.43
TXN005385,C0686,1027.62,UPI,2026-05-09 03:38:54.113411,Abandoned,Checkout Abandoned,226,21,16,5,63635.81
TXN005386,C1266,756.05,Credit Card,2026-05-09 04:13:10.639063,Failed,Network Error,509,7,4,3,33591.75
TXN005387,C0794,18504.2,UPI,2026-05-09 04:47:27.164716,Success,,651,15,1,14,12702.62
TXN005388,C1777,8018.44,Credit Card,2026-05-09 05:21:43.690369,Abandoned,Checkout Abandoned,723,30,22,8,143282.4
TXN005389,C1906,19927.87,UPI,2026-05-09 05:56:00.216021,Failed,Technical Error,434,22,0,22,110142.01
TXN005390,C0005,10850.15,Debit Card,2026-05-09 06:30:16.741674,Success,,702,1,1,0,77919.25
TXN005391,C1620,11379.65,Credit Card,2026-05-09 07:04:33.267326,Success,,420,8,8,0,111630.45
TXN005392,C1844,12870.78,UPI,2026-05-09 07:38:49.792979,Success,,520,26,11,15,91913.0
TXN005393,C0361,17854.48,UPI,2026-05-09 08:13:06.318631,Success,,117,12,2,10,27115.87
TXN005394,C0459,6910.22,UPI,2026-05-09 08:47:22.844284,Success,,114,21,10,11,95198.75
TXN005395,C0248,3127.53,UPI,2026-05-09 09:21:39.369936,Success,,564,26,5,21,102311.33
TXN005396,C1590,13945.83,Debit Card,2026-05-09 09:55:55.895589,Success,,298,26,3,23,36001.89
TXN005397,C1697,8241.74,Wallet,2026-05-09 10:30:12.421242,Success,,436,21,15,6,48361.62
TXN005398,C0946,11118.03,Debit Card,2026-05-09 11:04:28.946894,Success,,732,11,2,9,57803.45
TXN005399,C0422,16208.97,Credit Card,2026-05-09 11:38:45.472547,Success,,640,1,1,0,90580.72
TXN005400,C1947,12403.73,UPI,2026-05-09 12:13:01.998199,Success,,299,8,1,7,19457.79
TXN005401,C1762,15544.94,UPI,2026-05-09 12:47:18.523852,Success,,343,0,0,0,111649.98
TXN005402,C0015,13650.58,Net Banking,2026-05-09 13:21:35.049504,Abandoned,Checkout Abandoned,877,5,4,1,52230.63
TXN005403,C0736,18520.93,Wallet,2026-05-09 13:55:51.575157,Success,,29,29,18,11,103920.01
TXN005404,C1597,17677.82,Credit Card,2026-05-09 14:30:08.100810,Success,,327,23,23,0,139966.67
TXN005405,C1146,13401.33,UPI,2026-05-09 15:04:24.626462,Success,,472,1,1,0,130546.26
TXN005406,C0277,17004.69,Debit Card,2026-05-09 15:38:41.152115,Success,,11,2,2,0,110768.38
TXN005407,C1582,21851.63,UPI,2026-05-09 16:12:57.677767,Success,,225,25,7,18,29402.38
TXN005408,C0453,10863.56,Debit Card,2026-05-09 16:47:14.203420,Success,,609,14,6,8,109945.12
TXN005409,C1414,10377.8,Net Banking,2026-05-09 17:21:30.729072,Success,,262,25,1,24,95550.52
TXN005410,C1318,19129.72,UPI,2026-05-09 17:55:47.254725,Success,,232,6,0,6,115995.75
TXN005411,C1598,14605.59,Wallet,2026-05-09 18:30:03.780378,Success,,217,12,0,12,130387.68
TXN005412,C0598,1868.07,Wallet,2026-05-09 19:04:20.306030,Success,,639,15,1,14,47065.53
TXN005413,C0446,22313.59,Wallet,2026-05-09 19:38:36.831683,Success,,77,12,6,6,96823.46
TXN005414,C0210,866.5,Credit Card,2026-05-09 20:12:53.357335,Success,,235,26,8,18,41633.16
TXN005415,C1614,18735.07,UPI,2026-05-09 20:47:09.882988,Failed,Bank Timeout,600,11,6,5,52269.6
TXN005416,C0714,18993.97,Credit Card,2026-05-09 21:21:26.408640,Success,,348,16,2,14,78336.36
TXN005417,C0302,23832.47,UPI,2026-05-09 21:55:42.934293,Success,,668,20,10,10,65407.43
TXN005418,C1933,1447.95,UPI,2026-05-09 22:29:59.459945,Success,,377,10,8,2,90294.28
TXN005419,C1247,14961.74,UPI,2026-05-09 23:04:15.985598,Abandoned,Checkout Abandoned,501,21,11,10,113934.84
TXN005420,C1758,10753.23,Debit Card,2026-05-09 23:38:32.511251,Success,,556,25,13,12,90950.49
TXN005421,C0003,8332.76,UPI,2026-05-10 00:12:49.036903,Success,,669,6,0,6,145485.17
TXN005422,C0990,2348.93,UPI,2026-05-10 00:47:05.562556,Success,,368,12,3,9,110848.94
TXN005423,C1542,14110.09,UPI,2026-05-10 01:21:22.088208,Success,,306,9,9,0,147759.27
TXN005424,C1117,12028.11,Debit Card,2026-05-10 01:55:38.613861,Success,,643,9,3,6,111644.39
TXN005425,C0520,2703.41,Credit Card,2026-05-10 02:29:55.139513,Abandoned,Checkout Abandoned,422,12,10,2,76433.87
TXN005426,C1452,15350.99,UPI,2026-05-10 03:04:11.665166,Success,,408,22,1,21,61945.36
TXN005427,C0493,18475.03,Wallet,2026-05-10 03:38:28.190819,Failed,Technical Error,553,18,17,1,110481.23
TXN005428,C1259,19205.23,UPI,2026-05-10 04:12:44.716471,Success,,662,29,2,27,103225.1
TXN005429,C0620,22643.79,Credit Card,2026-05-10 04:47:01.242124,Failed,Network Error,400,22,1,21,100480.32
TXN005430,C1185,10295.82,Debit Card,2026-05-10 05:21:17.767776,Success,,899,16,0,16,108406.68
TXN005431,C1745,23831.51,Debit Card,2026-05-10 05:55:34.293429,Success,,831,26,4,22,130889.73
TXN005432,C1776,21649.19,UPI,2026-05-10 06:29:50.819081,Abandoned,Checkout Abandoned,537,19,6,13,34550.17
TXN005433,C0331,7482.89,Net Banking,2026-05-10 07:04:07.344734,Success,,275,30,19,11,84951.76
TXN005434,C0333,4066.15,Net Banking,2026-05-10 07:38:23.870387,Abandoned,Checkout Abandoned,258,6,6,0,90693.53
TXN005435,C0050,10941.2,Credit Card,2026-05-10 08:12:40.396039,Success,,193,22,3,19,44282.1
TXN005436,C1547,10107.28,Credit Card,2026-05-10 08:46:56.921692,Abandoned,Checkout Abandoned,203,3,2,1,148198.47
TXN005437,C0863,14435.41,UPI,2026-05-10 09:21:13.447344,Success,,508,16,2,14,117937.92
TXN005438,C1692,14626.32,Credit Card,2026-05-10 09:55:29.972997,Failed,Network Error,687,30,5,25,48529.28
TXN005439,C1516,18774.68,UPI,2026-05-10 10:29:46.498649,Success,,62,29,11,18,54085.94
TXN005440,C1606,12796.26,Debit Card,2026-05-10 11:04:03.024302,Success,,91,30,28,2,107879.59
TXN005441,C1705,2710.08,UPI,2026-05-10 11:38:19.549954,Failed,Bank Timeout,555,23,15,8,2218.27
TXN005442,C0272,21471.45,Debit Card,2026-05-10 12:12:36.075607,Failed,Insufficient Balance,862,3,3,0,69874.03
TXN005443,C0580,7813.14,UPI,2026-05-10 12:46:52.601260,Success,,94,17,10,7,51795.09
TXN005444,C1891,24285.31,UPI,2026-05-10 13:21:09.126912,Success,,394,19,12,7,128173.44
TXN005445,C1276,3034.72,UPI,2026-05-10 13:55:25.652565,Success,,728,7,5,2,118798.59
TXN005446,C0560,23960.45,UPI,2026-05-10 14:29:42.178217,Success,,723,7,2,5,50148.49
TXN005447,C0696,2366.19,Credit Card,2026-05-10 15:03:58.703870,Success,,580,20,17,3,129787.15
TXN005448,C1856,5852.8,Debit Card,2026-05-10 15:38:15.229522,Failed,Technical Error,876,15,5,10,137083.2
TXN005449,C1723,1259.84,Credit Card,2026-05-10 16:12:31.755175,Success,,34,14,7,7,83092.6
TXN005450,C1114,17657.32,Credit Card,2026-05-10 16:46:48.280828,Success,,552,17,0,17,24305.93
TXN005451,C0446,21272.44,Debit Card,2026-05-10 17:21:04.806480,Abandoned,Checkout Abandoned,595,22,3,19,115664.05
TXN005452,C1017,10908.37,UPI,2026-05-10 17:55:21.332133,Success,,12,18,16,2,48241.96
TXN005453,C1356,23220.2,UPI,2026-05-10 18:29:37.857785,Success,,863,5,5,0,79328.57
TXN005454,C1163,14798.45,UPI,2026-05-10 19:03:54.383438,Failed,Card Declined,623,8,3,5,7315.51
TXN005455,C0357,15787.18,Debit Card,2026-05-10 19:38:10.909090,Failed,Technical Error,203,28,26,2,75263.52
TXN005456,C1625,21150.94,UPI,2026-05-10 20:12:27.434743,Success,,736,15,8,7,57349.55
TXN005457,C0274,7490.33,UPI,2026-05-10 20:46:43.960396,Failed,Network Error,642,20,5,15,103066.76
TXN005458,C1043,8921.22,Credit Card,2026-05-10 21:21:00.486048,Success,,881,8,4,4,6597.16
TXN005459,C0311,22658.2,Wallet,2026-05-10 21:55:17.011701,Success,,839,19,13,6,93929.35
TXN005460,C0870,22533.99,Credit Card,2026-05-10 22:29:33.537353,Failed,Network Error,702,24,18,6,115907.43
TXN005461,C0886,24414.42,Debit Card,2026-05-10 23:03:50.063006,Success,,865,16,13,3,2410.33
TXN005462,C0154,22555.77,Debit Card,2026-05-10 23:38:06.588658,Success,,386,3,1,2,112619.52
TXN005463,C1414,3271.56,Credit Card,2026-05-11 00:12:23.114311,Failed,Bank Timeout,554,14,8,6,19965.5
TXN005464,C1284,20610.73,Debit Card,2026-05-11 00:46:39.639963,Success,,762,10,8,2,104859.39
TXN005465,C0620,10304.98,Net Banking,2026-05-11 01:20:56.165616,Success,,100,13,6,7,68563.82
TXN005466,C0883,24770.95,UPI,2026-05-11 01:55:12.691269,Abandoned,Checkout Abandoned,662,16,10,6,83022.7
TXN005467,C0797,11859.8,UPI,2026-05-11 02:29:29.216921,Failed,Insufficient Balance,494,27,7,20,50933.41
TXN005468,C1595,13890.52,UPI,2026-05-11 03:03:45.742574,Abandoned,Checkout Abandoned,560,12,9,3,37197.23
TXN005469,C0125,13291.4,Credit Card,2026-05-11 03:38:02.268226,Abandoned,Checkout Abandoned,38,8,5,3,11121.58
TXN005470,C1378,8111.25,Net Banking,2026-05-11 04:12:18.793879,Success,,114,23,20,3,129771.15
TXN005471,C1297,1968.05,UPI,2026-05-11 04:46:35.319531,Failed,Card Declined,34,15,10,5,91759.17
TXN005472,C0619,22401.72,UPI,2026-05-11 05:20:51.845184,Success,,503,7,7,0,147428.47
TXN005473,C1835,20086.63,Net Banking,2026-05-11 05:55:08.370837,Failed,Technical Error,284,13,9,4,127642.56
TXN005474,C0245,3574.22,Credit Card,2026-05-11 06:29:24.896489,Failed,Insufficient Balance,458,14,1,13,130510.17
TXN005475,C0848,19441.53,Credit Card,2026-05-11 07:03:41.422142,Success,,108,6,0,6,89878.53
TXN005476,C0450,15683.58,Net Banking,2026-05-11 07:37:57.947794,Success,,537,24,16,8,12600.93
TXN005477,C0930,10287.68,Credit Card,2026-05-11 08:12:14.473447,Success,,593,30,0,30,137052.74
TXN005478,C1271,6425.13,Debit Card,2026-05-11 08:46:30.999099,Failed,Card Declined,208,26,26,0,18123.99
TXN005479,C0520,21507.25,UPI,2026-05-11 09:20:47.524752,Failed,Network Error,606,10,5,5,77813.33
TXN005480,C1165,17534.69,UPI,2026-05-11 09:55:04.050405,Success,,739,28,3,25,128599.93
TXN005481,C0362,13738.72,UPI,2026-05-11 10:29:20.576057,Success,,472,2,2,0,71125.0
TXN005482,C0008,15278.26,Credit Card,2026-05-11 11:03:37.101710,Failed,Network Error,706,6,0,6,25267.72
TXN005483,C0478,2367.55,Wallet,2026-05-11 11:37:53.627362,Success,,182,21,8,13,56292.93
TXN005484,C1376,11900.6,Wallet,2026-05-11 12:12:10.153015,Success,,445,4,2,2,148263.91
TXN005485,C0495,4923.14,Net Banking,2026-05-11 12:46:26.678667,Success,,271,30,5,25,149964.0
TXN005486,C1630,5288.75,UPI,2026-05-11 13:20:43.204320,Abandoned,Checkout Abandoned,453,8,5,3,106769.83
TXN005487,C0833,16566.47,Wallet,2026-05-11 13:54:59.729972,Failed,Bank Timeout,302,19,9,10,133254.85
TXN005488,C1451,22790.28,Debit Card,2026-05-11 14:29:16.255625,Success,,831,18,9,9,7108.91
TXN005489,C1063,10153.54,UPI,2026-05-11 15:03:32.781278,Success,,520,12,0,12,41757.75
TXN005490,C0593,5272.96,Debit Card,2026-05-11 15:37:49.306930,Success,,13,26,14,12,55659.45
TXN005491,C0187,16253.8,UPI,2026-05-11 16:12:05.832583,Failed,Bank Timeout,476,18,3,15,2293.65
TXN005492,C1620,21792.56,UPI,2026-05-11 16:46:22.358235,Success,,184,15,5,10,56855.75
TXN005493,C1624,18733.14,Net Banking,2026-05-11 17:20:38.883888,Success,,350,1,1,0,14408.22
TXN005494,C0754,21732.06,Credit Card,2026-05-11 17:54:55.409540,Success,,686,0,0,0,77852.69
TXN005495,C1878,13460.21,UPI,2026-05-11 18:29:11.935193,Abandoned,Checkout Abandoned,756,2,0,2,1160.69
TXN005496,C0093,18821.72,Credit Card,2026-05-11 19:03:28.460846,Success,,475,23,23,0,40932.26
TXN005497,C0086,3587.61,Net Banking,2026-05-11 19:37:44.986498,Success,,179,11,5,6,130009.37
TXN005498,C1068,8772.04,Credit Card,2026-05-11 20:12:01.512151,Failed,Technical Error,697,5,0,5,32352.18
TXN005499,C0137,9799.77,UPI,2026-05-11 20:46:18.037803,Abandoned,Checkout Abandoned,749,1,1,0,10194.09
TXN005500,C0421,12831.26,UPI,2026-05-11 21:20:34.563456,Success,,710,23,11,12,37834.75
TXN005501,C0074,23234.0,UPI,2026-05-11 21:54:51.089108,Success,,455,15,8,7,124220.03
TXN005502,C1572,21869.98,Wallet,2026-05-11 22:29:07.614761,Success,,536,28,12,16,88284.51
TXN005503,C1637,3449.68,UPI,2026-05-11 23:03:24.140414,Success,,775,4,0,4,88118.12
TXN005504,C1536,4402.46,Credit Card,2026-05-11 23:37:40.666066,Success,,580,11,9,2,585.81
TXN005505,C1180,9005.25,Credit Card,2026-05-12 00:11:57.191719,Success,,768,3,1,2,71086.61
TXN005506,C1962,7339.52,Net Banking,2026-05-12 00:46:13.717371,Success,,307,13,7,6,40209.9
TXN005507,C1279,15407.8,Credit Card,2026-05-12 01:20:30.243024,Failed,Insufficient Balance,893,16,13,3,50763.25
TXN005508,C0171,22579.12,Debit Card,2026-05-12 01:54:46.768676,Success,,519,11,6,5,90003.65
TXN005509,C1752,24061.06,UPI,2026-05-12 02:29:03.294329,Success,,168,12,0,12,131213.8
TXN005510,C0170,16374.71,UPI,2026-05-12 03:03:19.819981,Success,,783,16,10,6,27657.71
TXN005511,C1788,20970.16,Wallet,2026-05-12 03:37:36.345634,Success,,796,19,0,19,115349.19
TXN005512,C0872,13177.53,Wallet,2026-05-12 04:11:52.871287,Success,,687,27,7,20,7810.88
TXN005513,C0322,5287.34,Wallet,2026-05-12 04:46:09.396939,Failed,Insufficient Balance,643,14,12,2,49346.01
TXN005514,C1591,13164.74,Wallet,2026-05-12 05:20:25.922592,Success,,426,28,25,3,33227.45
TXN005515,C0456,13921.56,Net Banking,2026-05-12 05:54:42.448244,Success,,369,8,7,1,137379.81
TXN005516,C0944,18587.19,Debit Card,2026-05-12 06:28:58.973897,Success,,355,25,16,9,27110.69
TXN005517,C1627,5575.09,Net Banking,2026-05-12 07:03:15.499549,Success,,702,9,7,2,87005.47
TXN005518,C0790,9270.93,Credit Card,2026-05-12 07:37:32.025202,Success,,775,5,3,2,25135.08
TXN005519,C0613,9164.28,UPI,2026-05-12 08:11:48.550855,Success,,423,16,15,1,71285.82
TXN005520,C1179,23990.05,UPI,2026-05-12 08:46:05.076507,Failed,Card Declined,135,11,9,2,62303.29
TXN005521,C0889,11154.23,Wallet,2026-05-12 09:20:21.602160,Failed,Technical Error,852,23,15,8,6682.9
TXN005522,C0349,18901.84,UPI,2026-05-12 09:54:38.127812,Success,,119,27,27,0,123967.21
TXN005523,C1475,18795.2,Net Banking,2026-05-12 10:28:54.653465,Success,,458,8,2,6,117126.85
TXN005524,C1900,6712.05,UPI,2026-05-12 11:03:11.179117,Success,,151,1,0,1,42039.83
TXN005525,C1677,14339.56,UPI,2026-05-12 11:37:27.704770,Abandoned,Checkout Abandoned,643,15,2,13,92292.27
TXN005526,C1197,22368.14,UPI,2026-05-12 12:11:44.230423,Success,,19,15,7,8,54719.1
TXN005527,C0010,11932.42,UPI,2026-05-12 12:46:00.756075,Success,,776,21,7,14,115499.46
TXN005528,C0740,23633.43,UPI,2026-05-12 13:20:17.281728,Success,,26,30,15,15,104026.43
TXN005529,C1289,5440.01,UPI,2026-05-12 13:54:33.807380,Success,,724,22,14,8,14024.81
TXN005530,C1462,1946.56,Net Banking,2026-05-12 14:28:50.333033,Success,,499,26,6,20,126706.13
TXN005531,C1784,22297.2,UPI,2026-05-12 15:03:06.858685,Success,,536,28,1,27,27324.2
TXN005532,C1271,21207.26,UPI,2026-05-12 15:37:23.384338,Success,,12,0,0,0,26529.4
TXN005533,C0667,24815.49,UPI,2026-05-12 16:11:39.909991,Success,,251,29,12,17,110195.16
TXN005534,C0546,17016.9,Debit Card,2026-05-12 16:45:56.435643,Success,,833,26,4,22,27896.03
TXN005535,C1523,23423.53,Credit Card,2026-05-12 17:20:12.961296,Success,,196,20,9,11,18798.34
TXN005536,C0129,20691.03,Credit Card,2026-05-12 17:54:29.486948,Success,,803,26,7,19,50669.63
TXN005537,C1696,21126.22,UPI,2026-05-12 18:28:46.012601,Success,,624,10,2,8,125887.52
TXN005538,C0601,14271.63,UPI,2026-05-12 19:03:02.538253,Success,,244,20,5,15,26932.91
TXN005539,C0605,9620.88,Debit Card,2026-05-12 19:37:19.063906,Success,,187,2,1,1,51191.41
TXN005540,C0327,23370.5,Net Banking,2026-05-12 20:11:35.589558,Success,,608,1,1,0,43294.97
TXN005541,C1777,10859.72,UPI,2026-05-12 20:45:52.115211,Success,,326,13,8,5,53731.1
TXN005542,C1859,13516.6,Credit Card,2026-05-12 21:20:08.640864,Success,,262,0,0,0,107283.63
TXN005543,C0980,11208.25,UPI,2026-05-12 21:54:25.166516,Success,,320,30,16,14,61117.1
TXN005544,C0404,14163.98,UPI,2026-05-12 22:28:41.692169,Success,,201,5,3,2,114056.71
TXN005545,C0629,11815.58,Debit Card,2026-05-12 23:02:58.217821,Abandoned,Checkout Abandoned,12,6,5,1,96240.27
TXN005546,C1630,1294.39,Credit Card,2026-05-12 23:37:14.743474,Success,,167,1,1,0,54484.33
TXN005547,C1699,22063.0,UPI,2026-05-13 00:11:31.269126,Abandoned,Checkout Abandoned,195,1,1,0,65120.0
TXN005548,C1635,11165.41,UPI,2026-05-13 00:45:47.794779,Failed,Bank Timeout,150,14,5,9,105691.6
TXN005549,C1649,14764.7,Wallet,2026-05-13 01:20:04.320432,Success,,846,20,10,10,80445.93
TXN005550,C1383,3565.78,Net Banking,2026-05-13 01:54:20.846084,Abandoned,Checkout Abandoned,60,4,1,3,130316.85
TXN005551,C1627,184.36,Net Banking,2026-05-13 02:28:37.371737,Success,,831,12,9,3,140010.92
TXN005552,C1882,6207.72,Credit Card,2026-05-13 03:02:53.897389,Success,,700,18,10,8,107797.25
TXN005553,C0718,17644.19,Credit Card,2026-05-13 03:37:10.423042,Success,,676,18,7,11,148386.46
TXN005554,C1041,2569.94,UPI,2026-05-13 04:11:26.948694,Success,,789,14,4,10,89682.25
TXN005555,C0274,22731.3,UPI,2026-05-13 04:45:43.474347,Success,,434,0,0,0,6454.7
TXN005556,C0685,5454.06,UPI,2026-05-13 05:20:00.000000,Success,,384,2,2,0,75975.38
TXN005557,C0116,5194.38,Credit Card,2026-05-13 05:54:16.525652,Success,,634,24,1,23,34886.39
TXN005558,C0861,4619.55,UPI,2026-05-13 06:28:33.051305,Success,,129,17,17,0,50390.12
TXN005559,C0693,448.14,Net Banking,2026-05-13 07:02:49.576957,Success,,610,16,1,15,73765.47
TXN005560,C1115,19317.96,UPI,2026-05-13 07:37:06.102610,Success,,627,24,11,13,44610.1
TXN005561,C1106,21888.36,UPI,2026-05-13 08:11:22.628262,Abandoned,Checkout Abandoned,379,20,4,16,46788.43
TXN005562,C0324,15392.65,UPI,2026-05-13 08:45:39.153915,Success,,426,7,1,6,60601.44
TXN005563,C0961,4786.18,UPI,2026-05-13 09:19:55.679567,Success,,216,10,3,7,43325.37
TXN005564,C0114,7203.42,UPI,2026-05-13 09:54:12.205220,Success,,552,19,15,4,25840.4
TXN005565,C1793,11950.57,UPI,2026-05-13 10:28:28.730873,Failed,Technical Error,788,7,5,2,114951.26
TXN005566,C1082,23863.21,UPI,2026-05-13 11:02:45.256525,Success,,173,27,1,26,59584.16
TXN005567,C0154,6259.05,Credit Card,2026-05-13 11:37:01.782178,Abandoned,Checkout Abandoned,642,20,20,0,124847.72
TXN005568,C1901,18317.98,Credit Card,2026-05-13 12:11:18.307830,Success,,143,5,4,1,132466.19
TXN005569,C1428,11042.26,UPI,2026-05-13 12:45:34.833483,Success,,644,5,2,3,112769.04
TXN005570,C1652,7516.4,Credit Card,2026-05-13 13:19:51.359135,Abandoned,Checkout Abandoned,310,5,3,2,59802.64
TXN005571,C1879,11452.31,Credit Card,2026-05-13 13:54:07.884788,Abandoned,Checkout Abandoned,99,1,1,0,108337.66
TXN005572,C1290,1873.05,UPI,2026-05-13 14:28:24.410441,Success,,81,9,8,1,23705.47
TXN005573,C0315,19987.32,Net Banking,2026-05-13 15:02:40.936093,Success,,368,9,9,0,99336.81
TXN005574,C1739,6158.22,Credit Card,2026-05-13 15:36:57.461746,Failed,Network Error,558,8,4,4,61201.79
TXN005575,C1065,18162.76,UPI,2026-05-13 16:11:13.987398,Success,,110,22,15,7,98518.84
TXN005576,C0105,1801.87,Wallet,2026-05-13 16:45:30.513051,Success,,633,2,1,1,113341.19
TXN005577,C1925,23881.95,Net Banking,2026-05-13 17:19:47.038703,Success,,39,1,1,0,84621.63
TXN005578,C1914,4906.07,Wallet,2026-05-13 17:54:03.564356,Success,,559,3,2,1,96550.55
TXN005579,C1217,22080.28,Debit Card,2026-05-13 18:28:20.090009,Failed,Bank Timeout,728,7,3,4,32422.43
TXN005580,C1425,20255.88,UPI,2026-05-13 19:02:36.615661,Success,,175,8,7,1,89108.58
TXN005581,C1302,24199.71,UPI,2026-05-13 19:36:53.141314,Abandoned,Checkout Abandoned,401,25,3,22,69340.91
TXN005582,C0354,11999.48,Debit Card,2026-05-13 20:11:09.666966,Success,,530,1,1,0,64493.9
TXN005583,C1016,18212.19,Wallet,2026-05-13 20:45:26.192619,Success,,286,15,10,5,61842.21
TXN005584,C1773,9330.7,Credit Card,2026-05-13 21:19:42.718271,Success,,178,29,5,24,46983.14
TXN005585,C1961,4690.77,Net Banking,2026-05-13 21:53:59.243924,Failed,Insufficient Balance,846,5,1,4,46147.53
TXN005586,C0733,11132.59,UPI,2026-05-13 22:28:15.769576,Abandoned,Checkout Abandoned,284,7,0,7,105106.11
TXN005587,C1604,4227.15,UPI,2026-05-13 23:02:32.295229,Failed,Bank Timeout,258,2,1,1,83891.06
TXN005588,C0709,24552.91,Net Banking,2026-05-13 23:36:48.820882,Success,,521,10,0,10,4977.84
TXN005589,C1280,2496.54,Debit Card,2026-05-14 00:11:05.346534,Abandoned,Checkout Abandoned,121,24,19,5,7754.52
TXN005590,C0651,14771.37,Wallet,2026-05-14 00:45:21.872187,Abandoned,Checkout Abandoned,601,19,3,16,85732.79
TXN005591,C0824,15698.95,Debit Card,2026-05-14 01:19:38.397839,Success,,27,4,1,3,127019.38
TXN005592,C0947,13498.18,UPI,2026-05-14 01:53:54.923492,Success,,469,29,4,25,7074.68
TXN005593,C0661,16588.43,Credit Card,2026-05-14 02:28:11.449144,Success,,89,11,11,0,76327.44
TXN005594,C0099,2992.9,Net Banking,2026-05-14 03:02:27.974797,Success,,716,22,2,20,127744.74
TXN005595,C0588,13919.96,Credit Card,2026-05-14 03:36:44.500450,Abandoned,Checkout Abandoned,208,29,18,11,1164.97
TXN005596,C0282,7251.59,UPI,2026-05-14 04:11:01.026102,Success,,125,26,11,15,41731.19
TXN005597,C1907,23510.38,UPI,2026-05-14 04:45:17.551755,Success,,553,10,9,1,138028.07
TXN005598,C0403,19075.58,Credit Card,2026-05-14 05:19:34.077407,Success,,232,4,3,1,12679.71
TXN005599,C1133,24315.61,UPI,2026-05-14 05:53:50.603060,Success,,471,19,18,1,91245.97
TXN005600,C0700,1035.15,Debit Card,2026-05-14 06:28:07.128712,Failed,Network Error,97,19,19,0,76353.56
TXN005601,C0199,7199.82,UPI,2026-05-14 07:02:23.654365,Success,,441,20,10,10,23176.06
TXN005602,C1327,4966.02,UPI,2026-05-14 07:36:40.180018,Success,,682,2,0,2,6851.81
TXN005603,C0327,377.75,Net Banking,2026-05-14 08:10:56.705670,Abandoned,Checkout Abandoned,337,8,3,5,75636.77
TXN005604,C0154,6133.91,Credit Card,2026-05-14 08:45:13.231323,Failed,Bank Timeout,831,27,8,19,110401.96
TXN005605,C0552,17001.52,Net Banking,2026-05-14 09:19:29.756975,Success,,112,17,4,13,26997.8
TXN005606,C1669,5854.11,UPI,2026-05-14 09:53:46.282628,Success,,307,11,9,2,103852.31
TXN005607,C0405,12774.19,Wallet,2026-05-14 10:28:02.808280,Success,,684,22,8,14,82184.31
TXN005608,C0462,22206.67,UPI,2026-05-14 11:02:19.333933,Failed,Insufficient Balance,623,3,0,3,53998.04
TXN005609,C0132,17374.57,UPI,2026-05-14 11:36:35.859585,Failed,Network Error,896,23,12,11,99832.36
TXN005610,C0791,9926.26,Net Banking,2026-05-14 12:10:52.385238,Success,,198,6,4,2,29200.53
TXN005611,C0874,9374.48,Debit Card,2026-05-14 12:45:08.910891,Success,,380,23,7,16,68811.23
TXN005612,C0084,11447.82,UPI,2026-05-14 13:19:25.436543,Success,,837,19,12,7,82621.09
TXN005613,C1423,4508.33,Wallet,2026-05-14 13:53:41.962196,Success,,259,10,10,0,69074.98
TXN005614,C0754,15886.62,Credit Card,2026-05-14 14:27:58.487848,Success,,235,1,1,0,59926.46
TXN005615,C0628,9167.41,Wallet,2026-05-14 15:02:15.013501,Success,,133,22,17,5,111266.59
TXN005616,C1133,21323.9,Credit Card,2026-05-14 15:36:31.539153,Success,,314,11,6,5,98587.09
TXN005617,C0221,18938.16,Credit Card,2026-05-14 16:10:48.064806,Failed,Card Declined,800,8,8,0,96099.58
TXN005618,C1928,15301.78,UPI,2026-05-14 16:45:04.590459,Success,,845,5,0,5,133824.2
TXN005619,C0553,9168.64,UPI,2026-05-14 17:19:21.116111,Failed,Technical Error,812,6,1,5,149028.35
TXN005620,C1392,5327.3,Credit Card,2026-05-14 17:53:37.641764,Success,,407,5,0,5,85297.08
TXN005621,C1171,19426.18,Credit Card,2026-05-14 18:27:54.167416,Failed,Card Declined,287,17,6,11,52566.05
TXN005622,C0112,12211.59,UPI,2026-05-14 19:02:10.693069,Success,,167,12,4,8,116941.86
TXN005623,C0615,5696.28,UPI,2026-05-14 19:36:27.218721,Success,,12,8,4,4,21743.81
TXN005624,C1582,4959.85,UPI,2026-05-14 20:10:43.744374,Success,,340,20,5,15,77179.92
TXN005625,C0924,4218.48,Net Banking,2026-05-14 20:45:00.270027,Success,,19,27,12,15,78914.02
TXN005626,C1518,19451.31,Credit Card,2026-05-14 21:19:16.795679,Failed,Network Error,588,30,23,7,147528.45
TXN005627,C1529,5801.78,Debit Card,2026-05-14 21:53:33.321332,Success,,690,18,17,1,148655.52
TXN005628,C0475,13213.39,Wallet,2026-05-14 22:27:49.846984,Success,,571,3,2,1,119982.51
TXN005629,C0836,11343.5,Credit Card,2026-05-14 23:02:06.372637,Success,,648,3,1,2,71215.85
TXN005630,C1914,14532.31,Wallet,2026-05-14 23:36:22.898289,Abandoned,Checkout Abandoned,206,12,6,6,82310.26
TXN005631,C0271,21941.16,UPI,2026-05-15 00:10:39.423942,Success,,451,27,2,25,48301.37
TXN005632,C0421,21706.91,UPI,2026-05-15 00:44:55.949594,Success,,24,24,0,24,124561.93
TXN005633,C1921,11331.79,UPI,2026-05-15 01:19:12.475247,Failed,Network Error,131,10,5,5,112108.66
TXN005634,C0707,482.62,Credit Card,2026-05-15 01:53:29.000900,Success,,569,20,15,5,115828.08
TXN005635,C1391,10718.45,Net Banking,2026-05-15 02:27:45.526552,Success,,635,1,0,1,21232.11
TXN005636,C1304,15194.22,Credit Card,2026-05-15 03:02:02.052205,Success,,15,5,0,5,60095.78
TXN005637,C1307,13988.34,UPI,2026-05-15 03:36:18.577857,Success,,525,11,10,1,80834.08
TXN005638,C0040,16318.27,Debit Card,2026-05-15 04:10:35.103510,Success,,288,29,15,14,19136.37
TXN005639,C1983,3936.49,Credit Card,2026-05-15 04:44:51.629162,Success,,694,22,9,13,55609.14
TXN005640,C0189,16198.72,UPI,2026-05-15 05:19:08.154815,Abandoned,Checkout Abandoned,842,7,6,1,13571.16
TXN005641,C1188,4648.03,Credit Card,2026-05-15 05:53:24.680468,Failed,Network Error,65,4,2,2,143846.76
TXN005642,C0994,18788.05,Net Banking,2026-05-15 06:27:41.206120,Abandoned,Checkout Abandoned,24,23,4,19,112813.87
TXN005643,C1560,8543.28,Net Banking,2026-05-15 07:01:57.731773,Success,,397,23,18,5,93301.84
TXN005644,C0536,17776.4,Credit Card,2026-05-15 07:36:14.257425,Success,,100,29,6,23,31126.04
TXN005645,C1028,1291.85,UPI,2026-05-15 08:10:30.783078,Abandoned,Checkout Abandoned,726,19,17,2,50452.05
TXN005646,C1859,10255.71,UPI,2026-05-15 08:44:47.308730,Success,,768,22,21,1,22100.49
TXN005647,C0290,17655.36,Credit Card,2026-05-15 09:19:03.834383,Failed,Insufficient Balance,503,27,25,2,80649.88
TXN005648,C1977,5749.08,Debit Card,2026-05-15 09:53:20.360036,Success,,248,28,17,11,123167.14
TXN005649,C0433,19902.65,UPI,2026-05-15 10:27:36.885688,Failed,Network Error,881,8,8,0,3345.96
TXN005650,C0471,15806.42,UPI,2026-05-15 11:01:53.411341,Abandoned,Checkout Abandoned,530,25,5,20,15944.65
TXN005651,C1205,14730.29,Wallet,2026-05-15 11:36:09.936993,Success,,750,3,0,3,34787.79
TXN005652,C1272,8903.37,Net Banking,2026-05-15 12:10:26.462646,Success,,226,8,5,3,107252.98
TXN005653,C0628,12113.04,Credit Card,2026-05-15 12:44:42.988298,Success,,194,11,11,0,134149.99
TXN005654,C0279,14974.0,UPI,2026-05-15 13:18:59.513951,Success,,204,3,1,2,113075.34
TXN005655,C0877,11864.31,UPI,2026-05-15 13:53:16.039603,Success,,48,16,10,6,78979.66
TXN005656,C0581,17488.0,UPI,2026-05-15 14:27:32.565256,Success,,49,19,16,3,16214.3
TXN005657,C0863,10899.05,Credit Card,2026-05-15 15:01:49.090909,Success,,25,1,1,0,113359.7
TXN005658,C0254,5136.6,UPI,2026-05-15 15:36:05.616561,Success,,90,21,8,13,16293.14
TXN005659,C0181,5426.95,Net Banking,2026-05-15 16:10:22.142214,Success,,612,12,5,7,52479.63
TXN005660,C1854,244.51,Wallet,2026-05-15 16:44:38.667866,Success,,659,30,15,15,46544.73
TXN005661,C0681,7593.85,UPI,2026-05-15 17:18:55.193519,Success,,702,14,9,5,54203.91
TXN005662,C0825,18748.05,Credit Card,2026-05-15 17:53:11.719171,Success,,74,7,6,1,49764.59
TXN005663,C1533,19874.65,Debit Card,2026-05-15 18:27:28.244824,Failed,Technical Error,124,5,5,0,115492.37
TXN005664,C1785,5141.44,Wallet,2026-05-15 19:01:44.770477,Success,,571,8,2,6,26172.7
TXN005665,C0700,23980.2,Net Banking,2026-05-15 19:36:01.296129,Success,,294,21,2,19,126953.98
TXN005666,C0566,12609.83,UPI,2026-05-15 20:10:17.821782,Failed,Insufficient Balance,155,10,8,2,128809.91
TXN005667,C1350,22932.77,UPI,2026-05-15 20:44:34.347434,Success,,701,22,11,11,73893.41
TXN005668,C1381,17698.46,Debit Card,2026-05-15 21:18:50.873087,Success,,425,11,8,3,16369.24
TXN005669,C1849,18088.59,Debit Card,2026-05-15 21:53:07.398739,Success,,884,20,4,16,86523.38
TXN005670,C1674,2217.59,UPI,2026-05-15 22:27:23.924392,Success,,682,23,20,3,123229.24
TXN005671,C0680,5577.78,Credit Card,2026-05-15 23:01:40.450045,Success,,388,1,0,1,43776.29
TXN005672,C0391,319.49,Debit Card,2026-05-15 23:35:56.975697,Abandoned,Checkout Abandoned,479,1,0,1,125743.24
TXN005673,C1639,17931.58,UPI,2026-05-16 00:10:13.501350,Success,,884,10,6,4,101699.37
TXN005674,C1958,8676.51,Net Banking,2026-05-16 00:44:30.027002,Abandoned,Checkout Abandoned,276,7,2,5,148093.34
TXN005675,C1109,19687.65,UPI,2026-05-16 01:18:46.552655,Success,,622,5,5,0,123794.35
TXN005676,C1341,8539.51,Debit Card,2026-05-16 01:53:03.078307,Failed,Network Error,422,17,2,15,30624.32
TXN005677,C0212,20501.41,Credit Card,2026-05-16 02:27:19.603960,Success,,669,21,21,0,67626.11
TXN005678,C1539,3354.39,UPI,2026-05-16 03:01:36.129612,Success,,671,28,0,28,15974.52
TXN005679,C0384,4416.99,Debit Card,2026-05-16 03:35:52.655265,Failed,Insufficient Balance,745,10,5,5,10915.75
TXN005680,C1715,8587.83,Debit Card,2026-05-16 04:10:09.180918,Failed,Technical Error,721,23,22,1,106055.11
TXN005681,C0342,10271.34,Wallet,2026-05-16 04:44:25.706570,Success,,408,5,3,2,136983.3
TXN005682,C1839,8782.7,UPI,2026-05-16 05:18:42.232223,Failed,Technical Error,300,8,3,5,146049.54
TXN005683,C1988,19114.81,Debit Card,2026-05-16 05:52:58.757875,Success,,89,21,18,3,40934.72
TXN005684,C0844,2514.09,Credit Card,2026-05-16 06:27:15.283528,Failed,Insufficient Balance,381,13,4,9,30664.82
TXN005685,C1062,8845.3,Credit Card,2026-05-16 07:01:31.809180,Success,,629,18,12,6,84252.87
TXN005686,C1535,20947.28,Net Banking,2026-05-16 07:35:48.334833,Success,,486,24,16,8,30528.58
TXN005687,C0420,1763.25,UPI,2026-05-16 08:10:04.860486,Success,,171,25,21,4,44738.11
TXN005688,C0751,23564.35,UPI,2026-05-16 08:44:21.386138,Success,,157,30,17,13,125665.34
TXN005689,C1193,24659.29,Credit Card,2026-05-16 09:18:37.911791,Abandoned,Checkout Abandoned,514,20,19,1,121664.2
TXN005690,C1989,2305.35,UPI,2026-05-16 09:52:54.437443,Success,,214,5,5,0,134313.45
TXN005691,C1933,7352.69,Net Banking,2026-05-16 10:27:10.963096,Success,,833,19,5,14,72595.41
TXN005692,C1367,9372.78,Credit Card,2026-05-16 11:01:27.488748,Success,,828,18,10,8,84830.82
TXN005693,C1850,19432.15,Credit Card,2026-05-16 11:35:44.014401,Success,,872,9,5,4,115703.13
TXN005694,C0306,14938.58,Net Banking,2026-05-16 12:10:00.540054,Success,,606,13,11,2,36270.2
TXN005695,C1566,16144.71,Credit Card,2026-05-16 12:44:17.065706,Success,,59,4,1,3,123552.49
TXN005696,C0702,18961.99,Credit Card,2026-05-16 13:18:33.591359,Abandoned,Checkout Abandoned,423,11,6,5,3124.84
TXN005697,C0869,3037.68,UPI,2026-05-16 13:52:50.117011,Success,,130,18,0,18,119750.15
TXN005698,C0537,20846.92,UPI,2026-05-16 14:27:06.642664,Success,,674,28,27,1,116498.24
TXN005699,C1136,17669.93,UPI,2026-05-16 15:01:23.168316,Abandoned,Checkout Abandoned,871,1,1,0,45616.1
TXN005700,C1435,14475.81,Debit Card,2026-05-16 15:35:39.693969,Success,,467,14,5,9,109322.9
TXN005701,C1971,22254.41,Credit Card,2026-05-16 16:09:56.219621,Failed,Bank Timeout,208,5,0,5,32492.05
TXN005702,C0206,17537.63,UPI,2026-05-16 16:44:12.745274,Failed,Card Declined,235,29,23,6,86646.78
TXN005703,C1209,5122.33,Credit Card,2026-05-16 17:18:29.270927,Success,,269,7,7,0,105237.72
TXN005704,C1406,10800.66,UPI,2026-05-16 17:52:45.796579,Success,,584,13,10,3,107347.48
TXN005705,C0496,12401.67,Wallet,2026-05-16 18:27:02.322232,Success,,287,2,1,1,147448.8
TXN005706,C1403,1474.92,UPI,2026-05-16 19:01:18.847884,Success,,834,5,5,0,27709.85
TXN005707,C1071,23870.47,Net Banking,2026-05-16 19:35:35.373537,Success,,703,10,3,7,72379.4
TXN005708,C1910,3301.57,Credit Card,2026-05-16 20:09:51.899189,Success,,13,29,0,29,132075.63
TXN005709,C1764,17466.79,Credit Card,2026-05-16 20:44:08.424842,Success,,202,8,4,4,84446.13
TXN005710,C1575,12705.15,UPI,2026-05-16 21:18:24.950495,Success,,776,30,28,2,131520.16
TXN005711,C1552,738.24,Wallet,2026-05-16 21:52:41.476147,Success,,313,29,4,25,65391.79
TXN005712,C0504,23126.21,UPI,2026-05-16 22:26:58.001800,Abandoned,Checkout Abandoned,160,16,13,3,119405.04
TXN005713,C1046,21310.74,Credit Card,2026-05-16 23:01:14.527452,Success,,15,18,6,12,130572.37
TXN005714,C0213,13154.02,Wallet,2026-05-16 23:35:31.053105,Success,,892,28,16,12,127042.69
TXN005715,C0310,5800.66,Net Banking,2026-05-17 00:09:47.578757,Abandoned,Checkout Abandoned,462,1,0,1,130769.07
TXN005716,C0661,3128.41,Credit Card,2026-05-17 00:44:04.104410,Success,,224,27,10,17,33323.43
TXN005717,C1992,9148.47,Wallet,2026-05-17 01:18:20.630063,Abandoned,Checkout Abandoned,751,7,5,2,66128.13
TXN005718,C0753,6460.16,Debit Card,2026-05-17 01:52:37.155715,Success,,336,24,6,18,26598.49
TXN005719,C0272,12716.61,UPI,2026-05-17 02:26:53.681368,Failed,Network Error,654,9,0,9,27490.91
TXN005720,C1595,24163.59,UPI,2026-05-17 03:01:10.207020,Success,,94,21,14,7,73430.18
TXN005721,C1823,14416.34,UPI,2026-05-17 03:35:26.732673,Failed,Card Declined,427,2,2,0,144033.12
TXN005722,C0938,22259.28,UPI,2026-05-17 04:09:43.258325,Failed,Technical Error,163,9,9,0,88990.74
TXN005723,C1226,16306.88,Debit Card,2026-05-17 04:43:59.783978,Success,,723,23,8,15,128149.84
TXN005724,C0032,11933.64,Credit Card,2026-05-17 05:18:16.309630,Success,,715,25,12,13,140609.01
TXN005725,C0443,21379.73,UPI,2026-05-17 05:52:32.835283,Failed,Card Declined,541,30,23,7,13443.02
TXN005726,C0162,11837.07,Net Banking,2026-05-17 06:26:49.360936,Success,,279,22,12,10,24728.57
TXN005727,C0767,21728.84,UPI,2026-05-17 07:01:05.886588,Failed,Bank Timeout,255,29,29,0,43980.85
TXN005728,C0254,7360.26,Wallet,2026-05-17 07:35:22.412241,Success,,382,1,1,0,92708.17
TXN005729,C0521,3307.45,Wallet,2026-05-17 08:09:38.937893,Abandoned,Checkout Abandoned,80,26,5,21,9728.52
TXN005730,C0977,21397.33,Wallet,2026-05-17 08:43:55.463546,Success,,211,6,3,3,118104.85
TXN005731,C1675,14726.64,Net Banking,2026-05-17 09:18:11.989198,Success,,360,0,0,0,10036.41
TXN005732,C1504,22238.4,UPI,2026-05-17 09:52:28.514851,Success,,67,23,1,22,24185.56
TXN005733,C0010,23451.9,Credit Card,2026-05-17 10:26:45.040504,Success,,778,11,11,0,57565.33
TXN005734,C0726,1435.35,UPI,2026-05-17 11:01:01.566156,Success,,230,4,1,3,83879.12
TXN005735,C0505,12574.14,UPI,2026-05-17 11:35:18.091809,Success,,168,8,2,6,132284.95
TXN005736,C0785,9436.62,Credit Card,2026-05-17 12:09:34.617461,Success,,657,11,1,10,144577.6
TXN005737,C1860,15683.87,UPI,2026-05-17 12:43:51.143114,Failed,Card Declined,217,10,10,0,132754.0
TXN005738,C1584,19860.42,Wallet,2026-05-17 13:18:07.668766,Success,,247,11,4,7,16503.18
TXN005739,C0436,7086.7,Net Banking,2026-05-17 13:52:24.194419,Failed,Card Declined,860,2,0,2,94868.81
TXN005740,C1135,13964.28,UPI,2026-05-17 14:26:40.720072,Success,,739,11,9,2,66536.33
TXN005741,C0153,17747.34,Credit Card,2026-05-17 15:00:57.245724,Success,,197,22,20,2,19305.94
TXN005742,C1659,3447.33,Credit Card,2026-05-17 15:35:13.771377,Success,,711,23,21,2,83489.3
TXN005743,C0917,20370.27,Net Banking,2026-05-17 16:09:30.297029,Success,,403,0,0,0,53820.42
TXN005744,C0869,15192.13,Debit Card,2026-05-17 16:43:46.822682,Success,,795,29,14,15,52195.28
TXN005745,C1126,23743.48,UPI,2026-05-17 17:18:03.348334,Success,,263,5,5,0,14619.55
TXN005746,C0753,8554.27,UPI,2026-05-17 17:52:19.873987,Success,,715,29,15,14,146838.52
TXN005747,C1857,2792.83,UPI,2026-05-17 18:26:36.399639,Success,,358,10,6,4,109031.01
TXN005748,C1215,12711.88,Wallet,2026-05-17 19:00:52.925292,Success,,331,1,1,0,42409.96
TXN005749,C1753,2236.69,UPI,2026-05-17 19:35:09.450945,Success,,189,7,7,0,137662.54
TXN005750,C0563,24241.21,UPI,2026-05-17 20:09:25.976597,Success,,844,21,19,2,142239.04
TXN005751,C1828,1063.26,Net Banking,2026-05-17 20:43:42.502250,Success,,609,10,8,2,121651.04
TXN005752,C1105,18862.25,Net Banking,2026-05-17 21:17:59.027902,Success,,786,30,2,28,99067.62
TXN005753,C0489,13175.05,Net Banking,2026-05-17 21:52:15.553555,Success,,372,26,4,22,56768.3
TXN005754,C0895,9278.65,Credit Card,2026-05-17 22:26:32.079207,Success,,313,11,2,9,65434.8
TXN005755,C1112,1739.47,Debit Card,2026-05-17 23:00:48.604860,Success,,391,18,14,4,68524.18
TXN005756,C1218,15591.96,Credit Card,2026-05-17 23:35:05.130513,Success,,837,19,1,18,142340.02
TXN005757,C0104,14671.99,UPI,2026-05-18 00:09:21.656165,Success,,855,22,11,11,114140.12
TXN005758,C1807,7093.99,Credit Card,2026-05-18 00:43:38.181818,Failed,Technical Error,135,8,4,4,44156.14
TXN005759,C1120,22764.52,UPI,2026-05-18 01:17:54.707470,Success,,383,10,8,2,93883.77
TXN005760,C1447,7672.34,UPI,2026-05-18 01:52:11.233123,Success,,189,25,21,4,89288.13
TXN005761,C1915,11298.16,Wallet,2026-05-18 02:26:27.758775,Success,,564,17,3,14,121912.99
TXN005762,C1222,13639.69,UPI,2026-05-18 03:00:44.284428,Success,,724,8,6,2,14748.61
TXN005763,C1025,2595.77,Wallet,2026-05-18 03:35:00.810081,Abandoned,Checkout Abandoned,827,14,9,5,105340.1
TXN005764,C1007,23310.83,UPI,2026-05-18 04:09:17.335733,Failed,Technical Error,628,21,20,1,50009.89
TXN005765,C0407,9425.95,UPI,2026-05-18 04:43:33.861386,Success,,97,17,6,11,19879.99
TXN005766,C1402,2111.4,Credit Card,2026-05-18 05:17:50.387038,Abandoned,Checkout Abandoned,535,7,7,0,109900.11
TXN005767,C0167,9743.55,Debit Card,2026-05-18 05:52:06.912691,Success,,252,3,0,3,50081.08
TXN005768,C0509,15045.04,Credit Card,2026-05-18 06:26:23.438343,Success,,539,26,1,25,109653.5
TXN005769,C1662,12889.95,Net Banking,2026-05-18 07:00:39.963996,Success,,237,12,1,11,24784.32
TXN005770,C0313,17394.1,UPI,2026-05-18 07:34:56.489648,Success,,86,14,8,6,147896.21
TXN005771,C1617,1481.55,Wallet,2026-05-18 08:09:13.015301,Failed,Network Error,299,7,6,1,120609.5
TXN005772,C1442,7185.06,UPI,2026-05-18 08:43:29.540954,Failed,Insufficient Balance,860,15,14,1,43728.19
TXN005773,C0763,20498.84,Net Banking,2026-05-18 09:17:46.066606,Success,,562,10,3,7,111208.38
TXN005774,C0681,2089.35,UPI,2026-05-18 09:52:02.592259,Success,,128,22,16,6,20802.08
TXN005775,C0477,21401.6,Net Banking,2026-05-18 10:26:19.117911,Success,,596,22,8,14,98188.9
TXN005776,C0073,2388.21,Debit Card,2026-05-18 11:00:35.643564,Failed,Network Error,186,26,14,12,9415.71
TXN005777,C1165,20877.91,UPI,2026-05-18 11:34:52.169216,Success,,227,12,0,12,50341.43
TXN005778,C0582,9083.63,Net Banking,2026-05-18 12:09:08.694869,Success,,590,29,29,0,146780.15
TXN005779,C0262,15344.01,UPI,2026-05-18 12:43:25.220522,Success,,734,6,6,0,18577.6
TXN005780,C1364,3906.89,UPI,2026-05-18 13:17:41.746174,Failed,Technical Error,825,17,1,16,89814.89
TXN005781,C1332,1747.6,Net Banking,2026-05-18 13:51:58.271827,Failed,Network Error,21,7,0,7,11055.51
TXN005782,C0245,5476.86,UPI,2026-05-18 14:26:14.797479,Success,,122,1,0,1,100575.48
TXN005783,C1539,3283.56,UPI,2026-05-18 15:00:31.323132,Success,,791,2,2,0,42159.99
TXN005784,C1361,7878.91,Credit Card,2026-05-18 15:34:47.848784,Failed,Card Declined,329,9,0,9,46841.35
TXN005785,C1599,12908.14,Net Banking,2026-05-18 16:09:04.374437,Failed,Card Declined,35,6,2,4,51001.48
TXN005786,C0561,14760.11,UPI,2026-05-18 16:43:20.900090,Success,,400,22,8,14,31170.94
TXN005787,C1100,19767.72,Credit Card,2026-05-18 17:17:37.425742,Success,,64,27,27,0,141277.78
TXN005788,C1904,16440.37,Debit Card,2026-05-18 17:51:53.951395,Abandoned,Checkout Abandoned,836,6,1,5,135921.86
TXN005789,C0175,15258.08,Net Banking,2026-05-18 18:26:10.477047,Abandoned,Checkout Abandoned,217,3,0,3,130567.28
TXN005790,C0109,10353.37,Wallet,2026-05-18 19:00:27.002700,Failed,Technical Error,600,20,16,4,16413.61
TXN005791,C0183,11897.83,Debit Card,2026-05-18 19:34:43.528352,Success,,449,22,0,22,35400.0
TXN005792,C0192,10421.57,Debit Card,2026-05-18 20:09:00.054005,Failed,Technical Error,845,7,5,2,92027.77
TXN005793,C0065,21069.93,UPI,2026-05-18 20:43:16.579657,Success,,160,18,11,7,145570.46
TXN005794,C1873,5827.01,UPI,2026-05-18 21:17:33.105310,Failed,Network Error,472,21,9,12,90920.2
TXN005795,C0963,242.45,Debit Card,2026-05-18 21:51:49.630963,Success,,337,11,2,9,49401.71
TXN005796,C1498,16317.87,Wallet,2026-05-18 22:26:06.156615,Success,,207,24,14,10,122701.91
TXN005797,C1807,5141.31,Debit Card,2026-05-18 23:00:22.682268,Success,,513,9,0,9,20746.87
TXN005798,C1124,22263.87,UPI,2026-05-18 23:34:39.207920,Failed,Network Error,229,13,0,13,132320.41
TXN005799,C1568,21490.25,Credit Card,2026-05-19 00:08:55.733573,Success,,313,26,10,16,146214.18
TXN005800,C0864,2010.51,Credit Card,2026-05-19 00:43:12.259225,Success,,520,11,10,1,145164.07
TXN005801,C1152,2749.07,Debit Card,2026-05-19 01:17:28.784878,Success,,782,20,4,16,22580.64
TXN005802,C1476,12429.77,Debit Card,2026-05-19 01:51:45.310531,Success,,542,19,2,17,82666.32
TXN005803,C1938,15269.64,Credit Card,2026-05-19 02:26:01.836183,Success,,699,24,10,14,87945.39
TXN005804,C0369,6945.22,UPI,2026-05-19 03:00:18.361836,Abandoned,Checkout Abandoned,413,3,3,0,29640.33
TXN005805,C0851,17948.26,Wallet,2026-05-19 03:34:34.887488,Success,,372,18,5,13,82243.21
TXN005806,C0043,14913.41,Debit Card,2026-05-19 04:08:51.413141,Success,,80,28,17,11,97157.37
TXN005807,C1908,8188.12,UPI,2026-05-19 04:43:07.938793,Success,,871,6,6,0,49679.78
TXN005808,C1443,731.75,UPI,2026-05-19 05:17:24.464446,Failed,Card Declined,103,20,20,0,47694.27
TXN005809,C0488,18778.74,Wallet,2026-05-19 05:51:40.990099,Failed,Insufficient Balance,728,0,0,0,9505.66
TXN005810,C0078,5447.37,Net Banking,2026-05-19 06:25:57.515751,Success,,484,7,7,0,143545.42
TXN005811,C0826,20878.4,UPI,2026-05-19 07:00:14.041404,Abandoned,Checkout Abandoned,594,10,3,7,120640.58
TXN005812,C1825,10565.23,UPI,2026-05-19 07:34:30.567056,Success,,676,0,0,0,114037.65
TXN005813,C1294,14469.23,UPI,2026-05-19 08:08:47.092709,Success,,779,24,13,11,3755.95
TXN005814,C0674,21836.42,UPI,2026-05-19 08:43:03.618361,Failed,Insufficient Balance,237,0,0,0,93834.21
TXN005815,C0701,21604.21,Credit Card,2026-05-19 09:17:20.144014,Success,,356,3,3,0,27503.97
TXN005816,C0759,9350.84,Credit Card,2026-05-19 09:51:36.669666,Success,,184,25,7,18,99426.77
TXN005817,C1924,5301.33,Credit Card,2026-05-19 10:25:53.195319,Abandoned,Checkout Abandoned,817,3,3,0,93362.75
TXN005818,C0728,19401.14,Debit Card,2026-05-19 11:00:09.720972,Success,,226,10,10,0,127862.84
TXN005819,C1339,10883.7,UPI,2026-05-19 11:34:26.246624,Success,,557,29,29,0,38687.4
TXN005820,C0925,4881.85,UPI,2026-05-19 12:08:42.772277,Success,,406,24,13,11,4605.54
TXN005821,C1875,22620.19,UPI,2026-05-19 12:42:59.297929,Success,,878,0,0,0,137159.58
TXN005822,C0902,5032.79,UPI,2026-05-19 13:17:15.823582,Failed,Technical Error,733,9,4,5,136341.09
TXN005823,C0889,742.6,UPI,2026-05-19 13:51:32.349234,Success,,671,28,2,26,68651.0
TXN005824,C0993,604.97,Credit Card,2026-05-19 14:25:48.874887,Success,,283,24,10,14,12174.16
TXN005825,C1969,15595.65,Net Banking,2026-05-19 15:00:05.400540,Failed,Network Error,124,3,3,0,74946.36
TXN005826,C1192,16575.71,Debit Card,2026-05-19 15:34:21.926192,Success,,212,22,3,19,78840.13
TXN005827,C0339,7844.94,Net Banking,2026-05-19 16:08:38.451845,Success,,527,24,8,16,123347.96
TXN005828,C0193,8068.27,Debit Card,2026-05-19 16:42:54.977497,Failed,Insufficient Balance,844,26,4,22,107706.67
TXN005829,C1477,8553.4,Debit Card,2026-05-19 17:17:11.503150,Failed,Network Error,134,6,4,2,11085.28
TXN005830,C0283,17035.95,UPI,2026-05-19 17:51:28.028802,Failed,Bank Timeout,317,1,1,0,105947.97
TXN005831,C1360,1547.53,Wallet,2026-05-19 18:25:44.554455,Success,,207,21,3,18,20793.05
TXN005832,C0390,23235.0,UPI,2026-05-19 19:00:01.080108,Success,,728,12,6,6,13876.07
TXN005833,C1000,5640.77,UPI,2026-05-19 19:34:17.605760,Success,,524,21,1,20,60091.77
TXN005834,C0525,24991.86,UPI,2026-05-19 20:08:34.131413,Success,,487,18,18,0,12065.86
TXN005835,C1264,4370.92,Wallet,2026-05-19 20:42:50.657065,Success,,75,3,2,1,124475.71
TXN005836,C1856,19311.51,Wallet,2026-05-19 21:17:07.182718,Success,,217,5,3,2,69737.81
TXN005837,C1982,5662.97,Debit Card,2026-05-19 21:51:23.708370,Success,,287,26,23,3,88257.06
TXN005838,C1507,2113.09,Credit Card,2026-05-19 22:25:40.234023,Success,,634,21,20,1,86741.25
TXN005839,C0659,21885.84,Credit Card,2026-05-19 22:59:56.759675,Success,,148,16,8,8,146727.41
TXN005840,C0716,21482.91,Wallet,2026-05-19 23:34:13.285328,Success,,685,25,18,7,137409.48
TXN005841,C1616,10148.9,Debit Card,2026-05-20 00:08:29.810981,Success,,318,23,19,4,127444.64
TXN005842,C0891,17589.66,Wallet,2026-05-20 00:42:46.336633,Success,,341,8,8,0,57798.75
TXN005843,C1579,13970.94,UPI,2026-05-20 01:17:02.862286,Success,,177,1,1,0,22192.41
TXN005844,C1482,21338.61,UPI,2026-05-20 01:51:19.387938,Failed,Card Declined,556,19,1,18,88984.12
TXN005845,C1113,7944.89,Net Banking,2026-05-20 02:25:35.913591,Failed,Network Error,52,26,20,6,66327.25
TXN005846,C1684,13139.44,UPI,2026-05-20 02:59:52.439243,Success,,822,5,5,0,34216.23
TXN005847,C1119,12185.77,Wallet,2026-05-20 03:34:08.964896,Success,,898,17,17,0,15104.97
TXN005848,C0452,8912.26,Credit Card,2026-05-20 04:08:25.490549,Success,,690,26,16,10,65695.95
TXN005849,C0428,22297.23,Wallet,2026-05-20 04:42:42.016201,Success,,841,22,10,12,97804.72
TXN005850,C1175,4230.36,UPI,2026-05-20 05:16:58.541854,Failed,Network Error,280,21,3,18,93995.78
TXN005851,C1538,3822.77,Debit Card,2026-05-20 05:51:15.067506,Success,,309,23,23,0,116201.26
TXN005852,C1400,14465.05,Credit Card,2026-05-20 06:25:31.593159,Success,,51,14,7,7,70249.92
TXN005853,C1046,16471.61,Credit Card,2026-05-20 06:59:48.118811,Success,,708,22,17,5,48585.12
TXN005854,C0883,4946.02,Credit Card,2026-05-20 07:34:04.644464,Success,,606,15,12,3,81035.71
TXN005855,C0313,9828.86,Wallet,2026-05-20 08:08:21.170117,Failed,Network Error,525,25,20,5,146263.41
TXN005856,C0840,23669.44,Debit Card,2026-05-20 08:42:37.695769,Success,,336,0,0,0,7241.04
TXN005857,C0519,6240.77,UPI,2026-05-20 09:16:54.221422,Success,,294,9,7,2,79535.54
TXN005858,C1230,16742.18,Net Banking,2026-05-20 09:51:10.747074,Success,,271,9,9,0,49725.04
TXN005859,C1976,18529.72,UPI,2026-05-20 10:25:27.272727,Success,,730,20,17,3,16249.86
TXN005860,C0375,11258.4,UPI,2026-05-20 10:59:43.798379,Failed,Insufficient Balance,264,5,1,4,65483.25
TXN005861,C0451,23444.4,UPI,2026-05-20 11:34:00.324032,Success,,203,29,16,13,96354.04
TXN005862,C1650,18442.75,Net Banking,2026-05-20 12:08:16.849684,Failed,Network Error,90,22,15,7,79460.75
TXN005863,C1808,11502.32,UPI,2026-05-20 12:42:33.375337,Success,,614,3,1,2,4861.88
TXN005864,C1015,14276.45,UPI,2026-05-20 13:16:49.900990,Success,,420,13,13,0,87078.06
TXN005865,C0595,17346.07,Wallet,2026-05-20 13:51:06.426642,Failed,Bank Timeout,148,24,4,20,35184.39
TXN005866,C1203,14845.54,Net Banking,2026-05-20 14:25:22.952295,Abandoned,Checkout Abandoned,739,16,14,2,51550.74
TXN005867,C1234,21979.57,UPI,2026-05-20 14:59:39.477947,Success,,765,2,0,2,47174.61
TXN005868,C0500,8986.53,Debit Card,2026-05-20 15:33:56.003600,Success,,891,25,15,10,128847.74
TXN005869,C0464,7567.15,Net Banking,2026-05-20 16:08:12.529252,Success,,510,1,1,0,7612.17
TXN005870,C1864,5424.59,UPI,2026-05-20 16:42:29.054905,Success,,112,29,16,13,52525.51
TXN005871,C1148,1040.8,Net Banking,2026-05-20 17:16:45.580558,Success,,553,17,4,13,59525.04
TXN005872,C0113,1171.05,Credit Card,2026-05-20 17:51:02.106210,Success,,379,16,10,6,93015.72
TXN005873,C1036,21764.37,Debit Card,2026-05-20 18:25:18.631863,Success,,864,12,2,10,118450.24
TXN005874,C1150,16991.99,Credit Card,2026-05-20 18:59:35.157515,Abandoned,Checkout Abandoned,60,18,7,11,109285.94
TXN005875,C1589,16547.26,Debit Card,2026-05-20 19:33:51.683168,Success,,247,9,2,7,113017.0
TXN005876,C0331,15404.61,UPI,2026-05-20 20:08:08.208820,Abandoned,Checkout Abandoned,49,20,3,17,29261.86
TXN005877,C1925,21245.56,Debit Card,2026-05-20 20:42:24.734473,Failed,Insufficient Balance,778,21,13,8,136804.72
TXN005878,C1307,12058.65,UPI,2026-05-20 21:16:41.260126,Failed,Technical Error,232,23,22,1,62415.23
TXN005879,C0140,21773.23,Credit Card,2026-05-20 21:50:57.785778,Abandoned,Checkout Abandoned,527,3,2,1,2160.8
TXN005880,C1425,9050.18,UPI,2026-05-20 22:25:14.311431,Failed,Technical Error,616,16,5,11,100380.38
TXN005881,C0902,23175.02,Net Banking,2026-05-20 22:59:30.837083,Failed,Card Declined,390,27,23,4,90798.42
TXN005882,C1121,17496.56,UPI,2026-05-20 23:33:47.362736,Success,,281,15,6,9,19330.67
TXN005883,C0517,6503.71,Credit Card,2026-05-21 00:08:03.888388,Success,,408,24,3,21,144000.21
TXN005884,C0569,14145.71,UPI,2026-05-21 00:42:20.414041,Abandoned,Checkout Abandoned,415,18,11,7,84453.88
TXN005885,C1948,13372.46,Debit Card,2026-05-21 01:16:36.939693,Success,,155,23,1,22,70654.97
TXN005886,C0846,3533.68,Credit Card,2026-05-21 01:50:53.465346,Success,,443,13,10,3,60019.27
TXN005887,C1093,14821.95,Debit Card,2026-05-21 02:25:09.990999,Failed,Bank Timeout,849,19,17,2,31872.78
TXN005888,C0118,7938.16,UPI,2026-05-21 02:59:26.516651,Success,,238,26,13,13,142945.51
TXN005889,C0888,1403.48,UPI,2026-05-21 03:33:43.042304,Failed,Network Error,752,30,7,23,105472.72
TXN005890,C1083,23721.54,Credit Card,2026-05-21 04:07:59.567956,Success,,570,14,7,7,85356.76
TXN005891,C1057,16073.11,Wallet,2026-05-21 04:42:16.093609,Success,,463,18,11,7,94864.43
TXN005892,C1342,21935.28,UPI,2026-05-21 05:16:32.619261,Success,,372,2,0,2,126142.86
TXN005893,C0050,16933.79,UPI,2026-05-21 05:50:49.144914,Abandoned,Checkout Abandoned,260,19,0,19,95540.18
TXN005894,C1904,8988.89,UPI,2026-05-21 06:25:05.670567,Success,,403,19,3,16,17631.31
TXN005895,C1513,12865.93,Credit Card,2026-05-21 06:59:22.196219,Failed,Bank Timeout,304,15,0,15,104745.63
TXN005896,C0019,16926.09,UPI,2026-05-21 07:33:38.721872,Success,,579,27,9,18,84947.97
TXN005897,C0726,24010.28,Net Banking,2026-05-21 08:07:55.247524,Success,,720,30,0,30,144968.44
TXN005898,C0197,6416.37,UPI,2026-05-21 08:42:11.773177,Success,,691,6,1,5,110191.02
TXN005899,C1915,21886.93,UPI,2026-05-21 09:16:28.298829,Success,,310,17,10,7,51928.44
TXN005900,C1474,23109.54,UPI,2026-05-21 09:50:44.824482,Success,,748,7,6,1,20741.98
TXN005901,C0559,16793.35,Credit Card,2026-05-21 10:25:01.350135,Success,,37,26,20,6,72600.95
TXN005902,C1703,23288.54,Debit Card,2026-05-21 10:59:17.875787,Success,,610,13,0,13,102063.46
TXN005903,C0452,10007.18,UPI,2026-05-21 11:33:34.401440,Success,,613,17,9,8,27002.69
TXN005904,C0289,23830.1,Wallet,2026-05-21 12:07:50.927092,Failed,Technical Error,82,0,0,0,97591.92
TXN005905,C1165,17599.29,UPI,2026-05-21 12:42:07.452745,Success,,782,23,5,18,123928.96
TXN005906,C1108,1145.94,Debit Card,2026-05-21 13:16:23.978397,Success,,322,30,30,0,23979.0
TXN005907,C1718,22681.13,Credit Card,2026-05-21 13:50:40.504050,Success,,89,19,3,16,106014.96
TXN005908,C0391,12163.37,UPI,2026-05-21 14:24:57.029702,Abandoned,Checkout Abandoned,38,5,1,4,10704.52
TXN005909,C1615,11562.14,Net Banking,2026-05-21 14:59:13.555355,Failed,Network Error,756,12,12,0,1688.54
TXN005910,C0215,14205.02,Net Banking,2026-05-21 15:33:30.081008,Failed,Bank Timeout,320,0,0,0,5378.89
TXN005911,C1550,3819.68,UPI,2026-05-21 16:07:46.606660,Success,,672,18,10,8,94909.93
TXN005912,C0215,11782.23,Credit Card,2026-05-21 16:42:03.132313,Failed,Insufficient Balance,66,6,4,2,146017.63
TXN005913,C1427,20795.07,UPI,2026-05-21 17:16:19.657965,Failed,Network Error,667,22,13,9,115820.15
TXN005914,C0128,485.51,Debit Card,2026-05-21 17:50:36.183618,Abandoned,Checkout Abandoned,419,26,24,2,38534.18
TXN005915,C1846,6895.64,UPI,2026-05-21 18:24:52.709270,Success,,504,23,1,22,11217.46
TXN005916,C1501,161.12,Net Banking,2026-05-21 18:59:09.234923,Abandoned,Checkout Abandoned,142,15,2,13,92689.79
TXN005917,C0760,10451.21,UPI,2026-05-21 19:33:25.760576,Success,,156,13,12,1,982.72
TXN005918,C0404,18235.06,UPI,2026-05-21 20:07:42.286228,Success,,238,1,0,1,118991.55
TXN005919,C1053,19989.42,UPI,2026-05-21 20:41:58.811881,Success,,717,6,2,4,36846.52
TXN005920,C1816,23635.23,UPI,2026-05-21 21:16:15.337533,Success,,605,19,8,11,45232.95
TXN005921,C0338,15251.76,Credit Card,2026-05-21 21:50:31.863186,Success,,571,30,18,12,51924.86
TXN005922,C0831,6440.21,UPI,2026-05-21 22:24:48.388838,Success,,863,21,9,12,114651.16
TXN005923,C0714,23111.28,Debit Card,2026-05-21 22:59:04.914491,Failed,Insufficient Balance,341,19,5,14,40228.41
TXN005924,C0361,19405.36,UPI,2026-05-21 23:33:21.440144,Success,,458,14,5,9,43028.4
TXN005925,C0569,14403.27,Debit Card,2026-05-22 00:07:37.965796,Success,,785,24,5,19,81378.29
TXN005926,C1416,17421.44,Credit Card,2026-05-22 00:41:54.491449,Success,,453,13,0,13,69718.58
TXN005927,C0218,23115.48,Wallet,2026-05-22 01:16:11.017101,Abandoned,Checkout Abandoned,451,0,0,0,143357.67
TXN005928,C1598,17838.61,Wallet,2026-05-22 01:50:27.542754,Success,,420,16,0,16,39877.79
TXN005929,C1693,9272.53,Net Banking,2026-05-22 02:24:44.068406,Success,,222,15,15,0,14237.74
TXN005930,C0202,17854.4,Debit Card,2026-05-22 02:59:00.594059,Failed,Bank Timeout,118,4,4,0,81376.73
TXN005931,C0017,1102.93,UPI,2026-05-22 03:33:17.119711,Success,,511,20,18,2,28085.68
TXN005932,C0322,9721.75,Debit Card,2026-05-22 04:07:33.645364,Success,,554,26,2,24,62337.19
TXN005933,C0518,10217.44,Wallet,2026-05-22 04:41:50.171017,Success,,111,23,5,18,28486.09
TXN005934,C1594,4254.27,UPI,2026-05-22 05:16:06.696669,Success,,490,22,1,21,132205.0
TXN005935,C1349,674.83,Credit Card,2026-05-22 05:50:23.222322,Success,,695,26,14,12,49453.72
TXN005936,C1436,3421.19,UPI,2026-05-22 06:24:39.747974,Success,,430,2,0,2,116342.69
TXN005937,C1342,16400.08,Credit Card,2026-05-22 06:58:56.273627,Abandoned,Checkout Abandoned,758,23,9,14,142316.21
TXN005938,C0681,20076.99,Credit Card,2026-05-22 07:33:12.799279,Success,,898,29,18,11,141112.31
TXN005939,C1989,24706.27,Credit Card,2026-05-22 08:07:29.324932,Success,,462,19,12,7,78957.76
TXN005940,C1106,8724.45,Credit Card,2026-05-22 08:41:45.850585,Abandoned,Checkout Abandoned,648,18,2,16,147496.64
TXN005941,C1498,15024.54,Wallet,2026-05-22 09:16:02.376237,Success,,743,1,1,0,98562.61
TXN005942,C1492,23434.91,Credit Card,2026-05-22 09:50:18.901890,Success,,716,24,19,5,19709.1
TXN005943,C0425,4259.34,Net Banking,2026-05-22 10:24:35.427542,Success,,421,13,4,9,133312.35
TXN005944,C1969,17969.38,UPI,2026-05-22 10:58:51.953195,Success,,712,27,21,6,70569.04
TXN005945,C1755,18898.97,UPI,2026-05-22 11:33:08.478847,Success,,103,22,12,10,23327.8
TXN005946,C1713,2315.49,Credit Card,2026-05-22 12:07:25.004500,Abandoned,Checkout Abandoned,493,20,13,7,118817.55
TXN005947,C1228,21545.11,UPI,2026-05-22 12:41:41.530153,Success,,780,24,14,10,93848.25
TXN005948,C1607,20346.32,UPI,2026-05-22 13:15:58.055805,Success,,829,18,17,1,132377.09
TXN005949,C1019,931.73,Credit Card,2026-05-22 13:50:14.581458,Abandoned,Checkout Abandoned,53,12,12,0,124184.71
TXN005950,C0387,2368.0,Credit Card,2026-05-22 14:24:31.107110,Abandoned,Checkout Abandoned,325,12,2,10,48356.51
TXN005951,C0778,1323.26,Credit Card,2026-05-22 14:58:47.632763,Success,,67,28,2,26,38819.03
TXN005952,C0098,8435.11,UPI,2026-05-22 15:33:04.158415,Failed,Network Error,616,5,5,0,110207.37
TXN005953,C1369,12781.3,UPI,2026-05-22 16:07:20.684068,Success,,151,23,0,23,86210.27
TXN005954,C1827,13355.46,Credit Card,2026-05-22 16:41:37.209720,Success,,399,8,6,2,10946.28
TXN005955,C0208,6764.9,UPI,2026-05-22 17:15:53.735373,Success,,796,19,6,13,27654.85
TXN005956,C1538,22798.76,UPI,2026-05-22 17:50:10.261026,Success,,455,0,0,0,23127.34
TXN005957,C1660,9269.74,UPI,2026-05-22 18:24:26.786678,Success,,14,23,19,4,88674.63
TXN005958,C1816,1234.2,UPI,2026-05-22 18:58:43.312331,Success,,768,9,6,3,13321.46
TXN005959,C0586,7575.66,UPI,2026-05-22 19:32:59.837983,Success,,442,2,0,2,31551.29
TXN005960,C0166,13324.62,UPI,2026-05-22 20:07:16.363636,Success,,444,5,4,1,82033.79
TXN005961,C0022,10264.72,UPI,2026-05-22 20:41:32.889288,Success,,132,15,14,1,20391.99
TXN005962,C0154,6918.68,Debit Card,2026-05-22 21:15:49.414941,Abandoned,Checkout Abandoned,803,19,12,7,37616.64
TXN005963,C1963,3369.95,UPI,2026-05-22 21:50:05.940594,Success,,635,5,5,0,136065.26
TXN005964,C1463,20497.2,UPI,2026-05-22 22:24:22.466246,Success,,768,11,9,2,104719.07
TXN005965,C1319,24904.02,Net Banking,2026-05-22 22:58:38.991899,Abandoned,Checkout Abandoned,885,2,2,0,46378.77
TXN005966,C0219,8305.6,Debit Card,2026-05-22 23:32:55.517551,Success,,27,22,2,20,131664.59
TXN005967,C0669,9602.36,UPI,2026-05-23 00:07:12.043204,Success,,494,17,16,1,37917.58
TXN005968,C1519,15489.13,Wallet,2026-05-23 00:41:28.568856,Success,,694,20,15,5,88567.87
TXN005969,C0230,17989.19,UPI,2026-05-23 01:15:45.094509,Success,,520,2,1,1,55589.9
TXN005970,C0020,9861.54,UPI,2026-05-23 01:50:01.620162,Failed,Card Declined,749,4,0,4,112946.34
TXN005971,C0553,22632.74,Wallet,2026-05-23 02:24:18.145814,Abandoned,Checkout Abandoned,232,18,13,5,56052.31
TXN005972,C0950,14044.1,Net Banking,2026-05-23 02:58:34.671467,Success,,731,24,2,22,37704.82
TXN005973,C0148,11314.71,Credit Card,2026-05-23 03:32:51.197119,Success,,253,23,19,4,91351.84
TXN005974,C1132,16202.15,Debit Card,2026-05-23 04:07:07.722772,Success,,18,29,27,2,111928.4
TXN005975,C0403,23824.82,Debit Card,2026-05-23 04:41:24.248424,Success,,355,17,3,14,80686.37
TXN005976,C0596,19884.35,UPI,2026-05-23 05:15:40.774077,Failed,Card Declined,131,7,5,2,107585.1
TXN005977,C1507,1096.33,UPI,2026-05-23 05:49:57.299729,Success,,489,29,23,6,63591.42
TXN005978,C0367,8374.52,Credit Card,2026-05-23 06:24:13.825382,Success,,307,23,8,15,119419.2
TXN005979,C1858,11816.56,Net Banking,2026-05-23 06:58:30.351035,Failed,Technical Error,374,9,4,5,87961.19
TXN005980,C1438,7931.49,UPI,2026-05-23 07:32:46.876687,Success,,335,18,0,18,29839.37
TXN005981,C1333,17534.67,Debit Card,2026-05-23 08:07:03.402340,Abandoned,Checkout Abandoned,861,9,7,2,133667.38
TXN005982,C0802,20674.1,UPI,2026-05-23 08:41:19.927992,Success,,849,20,13,7,125605.18
TXN005983,C0918,18310.49,Credit Card,2026-05-23 09:15:36.453645,Success,,118,1,0,1,144604.88
TXN005984,C1859,24734.4,Credit Card,2026-05-23 09:49:52.979297,Success,,845,9,1,8,85566.77
TXN005985,C1158,6886.44,Debit Card,2026-05-23 10:24:09.504950,Success,,866,21,15,6,101523.28
TXN005986,C1743,21887.24,UPI,2026-05-23 10:58:26.030603,Failed,Network Error,552,17,5,12,129605.1
TXN005987,C1307,19188.9,UPI,2026-05-23 11:32:42.556255,Success,,131,30,21,9,8362.4
TXN005988,C1802,9118.25,Credit Card,2026-05-23 12:06:59.081908,Abandoned,Checkout Abandoned,284,3,3,0,136874.59
TXN005989,C0073,18379.7,UPI,2026-05-23 12:41:15.607560,Success,,80,30,10,20,41038.93
TXN005990,C0481,2691.49,UPI,2026-05-23 13:15:32.133213,Abandoned,Checkout Abandoned,184,2,2,0,9028.03
TXN005991,C1376,19754.4,Debit Card,2026-05-23 13:49:48.658865,Abandoned,Checkout Abandoned,302,16,8,8,36022.24
TXN005992,C0560,13355.03,Credit Card,2026-05-23 14:24:05.184518,Success,,871,23,0,23,88160.81
TXN005993,C1350,7378.03,UPI,2026-05-23 14:58:21.710171,Success,,484,23,9,14,7653.13
TXN005994,C0745,16428.85,Credit Card,2026-05-23 15:32:38.235823,Failed,Bank Timeout,730,16,7,9,614.33
TXN005995,C1467,16076.34,Net Banking,2026-05-23 16:06:54.761476,Success,,745,27,10,17,96084.72
TXN005996,C0100,5316.21,UPI,2026-05-23 16:41:11.287128,Failed,Card Declined,28,21,4,17,68281.41
TXN005997,C1083,856.9,Credit Card,2026-05-23 17:15:27.812781,Success,,738,11,5,6,126727.37
TXN005998,C0508,10897.2,UPI,2026-05-23 17:49:44.338433,Failed,Technical Error,102,16,11,5,39003.32
TXN005999,C0258,14280.85,UPI,2026-05-23 18:24:00.864086,Success,,418,12,10,2,42465.79
TXN006000,C0413,21927.47,UPI,2026-05-23 18:58:17.389738,Failed,Network Error,62,8,6,2,12093.19
TXN006001,C1476,23212.6,UPI,2026-05-23 19:32:33.915391,Success,,494,0,0,0,81007.5
TXN006002,C1089,13267.25,Net Banking,2026-05-23 20:06:50.441044,Failed,Card Declined,596,14,6,8,55202.71
TXN006003,C0595,18869.71,UPI,2026-05-23 20:41:06.966696,Success,,653,18,11,7,51286.32
TXN006004,C1178,11038.65,Credit Card,2026-05-23 21:15:23.492349,Success,,567,8,0,8,68916.08
TXN006005,C0266,18677.45,UPI,2026-05-23 21:49:40.018001,Abandoned,Checkout Abandoned,424,16,3,13,127528.26
TXN006006,C0821,5199.56,UPI,2026-05-23 22:23:56.543654,Failed,Network Error,557,14,9,5,16225.7
TXN006007,C1103,9339.51,Credit Card,2026-05-23 22:58:13.069306,Abandoned,Checkout Abandoned,141,1,0,1,78777.25
TXN006008,C1339,15892.28,Debit Card,2026-05-23 23:32:29.594959,Success,,651,3,1,2,29867.03
TXN006009,C0662,552.13,Net Banking,2026-05-24 00:06:46.120612,Success,,688,6,4,2,32252.48
TXN006010,C0947,18089.29,Net Banking,2026-05-24 00:41:02.646264,Success,,252,7,2,5,38881.91
TXN006011,C0560,20904.83,UPI,2026-05-24 01:15:19.171917,Success,,746,0,0,0,69180.55
TXN006012,C0917,10038.63,Debit Card,2026-05-24 01:49:35.697569,Success,,821,0,0,0,74412.81
TXN006013,C0891,11253.77,UPI,2026-05-24 02:23:52.223222,Success,,100,4,0,4,130790.93
TXN006014,C1272,21296.93,Debit Card,2026-05-24 02:58:08.748874,Abandoned,Checkout Abandoned,355,7,7,0,133870.77
TXN006015,C1814,19413.8,Wallet,2026-05-24 03:32:25.274527,Success,,898,30,10,20,88206.3
TXN006016,C0868,7274.92,UPI,2026-05-24 04:06:41.800180,Abandoned,Checkout Abandoned,373,0,0,0,42569.92
TXN006017,C0610,8167.01,UPI,2026-05-24 04:40:58.325832,Success,,818,2,0,2,122856.33
TXN006018,C0414,17004.07,Credit Card,2026-05-24 05:15:14.851485,Abandoned,Checkout Abandoned,131,21,8,13,119035.86
TXN006019,C0025,14123.63,Debit Card,2026-05-24 05:49:31.377137,Success,,368,28,12,16,119794.04
TXN006020,C0284,4139.52,UPI,2026-05-24 06:23:47.902790,Failed,Technical Error,874,16,4,12,2946.95
TXN006021,C1473,7817.25,Wallet,2026-05-24 06:58:04.428442,Success,,815,29,10,19,113202.65
TXN006022,C0881,22509.58,Credit Card,2026-05-24 07:32:20.954095,Abandoned,Checkout Abandoned,714,2,0,2,127981.56
TXN006023,C0301,17235.54,UPI,2026-05-24 08:06:37.479747,Success,,123,27,2,25,90952.42
TXN006024,C1092,24650.76,UPI,2026-05-24 08:40:54.005400,Success,,428,0,0,0,112811.01
TXN006025,C1031,19198.61,Debit Card,2026-05-24 09:15:10.531053,Success,,532,3,0,3,116537.45
TXN006026,C0817,23555.16,UPI,2026-05-24 09:49:27.056705,Success,,196,8,1,7,76234.22
TXN006027,C1161,5483.1,UPI,2026-05-24 10:23:43.582358,Failed,Bank Timeout,87,12,1,11,122136.3
TXN006028,C1188,19309.97,Credit Card,2026-05-24 10:58:00.108010,Success,,591,4,1,3,118947.5
TXN006029,C0083,603.42,Credit Card,2026-05-24 11:32:16.633663,Failed,Technical Error,820,13,11,2,137457.6
TXN006030,C1921,16801.92,Debit Card,2026-05-24 12:06:33.159315,Success,,496,18,5,13,138245.36
TXN006031,C1674,11785.13,UPI,2026-05-24 12:40:49.684968,Abandoned,Checkout Abandoned,625,25,18,7,79692.33
TXN006032,C1444,8734.33,Debit Card,2026-05-24 13:15:06.210621,Abandoned,Checkout Abandoned,866,22,9,13,5208.33
TXN006033,C1097,21573.87,Wallet,2026-05-24 13:49:22.736273,Success,,736,13,4,9,3356.48
TXN006034,C1261,21371.27,UPI,2026-05-24 14:23:39.261926,Success,,639,21,7,14,140869.54
TXN006035,C0046,655.31,Debit Card,2026-05-24 14:57:55.787578,Success,,14,26,4,22,50935.48
TXN006036,C0618,15276.68,Wallet,2026-05-24 15:32:12.313231,Success,,675,24,1,23,56941.21
TXN006037,C0928,9259.02,Debit Card,2026-05-24 16:06:28.838883,Success,,731,3,1,2,70751.25
TXN006038,C1824,10449.96,Debit Card,2026-05-24 16:40:45.364536,Success,,809,3,1,2,40236.95
TXN006039,C0262,20817.81,UPI,2026-05-24 17:15:01.890189,Success,,312,8,7,1,88766.92
TXN006040,C0176,7815.01,Credit Card,2026-05-24 17:49:18.415841,Success,,99,1,1,0,117800.75
TXN006041,C1190,23581.92,Credit Card,2026-05-24 18:23:34.941494,Success,,571,9,6,3,38972.57
TXN006042,C0657,4572.88,Debit Card,2026-05-24 18:57:51.467146,Success,,364,17,3,14,111587.66
TXN006043,C0842,16601.79,Wallet,2026-05-24 19:32:07.992799,Success,,211,24,14,10,100966.86
TXN006044,C0370,16835.42,UPI,2026-05-24 20:06:24.518451,Success,,677,6,5,1,79074.73
TXN006045,C1819,6379.66,UPI,2026-05-24 20:40:41.044104,Success,,104,20,19,1,49153.59
TXN006046,C0054,8186.29,UPI,2026-05-24 21:14:57.569756,Success,,600,13,7,6,130979.78
TXN006047,C0690,20886.48,Debit Card,2026-05-24 21:49:14.095409,Failed,Bank Timeout,704,20,8,12,60718.01
TXN006048,C1443,19068.95,UPI,2026-05-24 22:23:30.621062,Success,,835,24,23,1,56512.13
TXN006049,C1780,8294.49,Credit Card,2026-05-24 22:57:47.146714,Failed,Insufficient Balance,177,28,19,9,96384.94
TXN006050,C1531,13395.52,UPI,2026-05-24 23:32:03.672367,Success,,707,14,4,10,138089.58
TXN006051,C1365,1635.84,Credit Card,2026-05-25 00:06:20.198019,Success,,849,9,5,4,76448.68
TXN006052,C1151,5297.77,UPI,2026-05-25 00:40:36.723672,Success,,439,4,0,4,108542.25
TXN006053,C1433,12196.93,Net Banking,2026-05-25 01:14:53.249324,Success,,851,24,12,12,68804.01
TXN006054,C1948,2240.75,Credit Card,2026-05-25 01:49:09.774977,Failed,Card Declined,694,7,4,3,33211.74
TXN006055,C0367,21098.98,Wallet,2026-05-25 02:23:26.300630,Success,,659,21,13,8,19030.87
TXN006056,C1295,17978.35,Credit Card,2026-05-25 02:57:42.826282,Abandoned,Checkout Abandoned,367,20,13,7,20880.8
TXN006057,C0644,23596.48,UPI,2026-05-25 03:31:59.351935,Success,,731,28,17,11,3688.19
TXN006058,C1629,17367.33,UPI,2026-05-25 04:06:15.877587,Success,,825,4,2,2,83158.89
TXN006059,C0379,23515.99,Wallet,2026-05-25 04:40:32.403240,Success,,741,4,3,1,20100.34
TXN006060,C0073,13907.36,Debit Card,2026-05-25 05:14:48.928892,Success,,711,13,13,0,129921.9
TXN006061,C1947,15045.44,UPI,2026-05-25 05:49:05.454545,Success,,805,0,0,0,147443.18
TXN006062,C1946,24426.58,Debit Card,2026-05-25 06:23:21.980198,Success,,123,26,18,8,74632.37
TXN006063,C0915,16089.02,UPI,2026-05-25 06:57:38.505850,Failed,Insufficient Balance,541,4,2,2,67726.25
TXN006064,C1272,866.59,UPI,2026-05-25 07:31:55.031503,Failed,Bank Timeout,609,18,9,9,52536.84
TXN006065,C0860,18122.69,UPI,2026-05-25 08:06:11.557155,Success,,514,21,10,11,95885.03
TXN006066,C1809,22646.17,Net Banking,2026-05-25 08:40:28.082808,Success,,335,24,3,21,91400.05
TXN006067,C0043,19909.95,UPI,2026-05-25 09:14:44.608460,Success,,306,11,8,3,51835.63
TXN006068,C0377,14637.45,UPI,2026-05-25 09:49:01.134113,Success,,377,14,12,2,51803.41
TXN006069,C1065,16815.46,UPI,2026-05-25 10:23:17.659765,Failed,Network Error,873,2,1,1,96898.17
TXN006070,C0170,24755.78,UPI,2026-05-25 10:57:34.185418,Success,,783,0,0,0,83404.65
TXN006071,C1970,2357.49,Credit Card,2026-05-25 11:31:50.711071,Failed,Bank Timeout,404,23,8,15,107924.04
TXN006072,C0212,16714.4,UPI,2026-05-25 12:06:07.236723,Abandoned,Checkout Abandoned,39,11,9,2,141238.16
TXN006073,C1517,7156.6,UPI,2026-05-25 12:40:23.762376,Success,,396,12,7,5,117048.94
TXN006074,C1704,16038.25,Wallet,2026-05-25 13:14:40.288028,Success,,63,29,3,26,45999.68
TXN006075,C0039,15229.83,UPI,2026-05-25 13:48:56.813681,Success,,696,13,12,1,113988.8
TXN006076,C0369,3921.08,UPI,2026-05-25 14:23:13.339333,Success,,771,24,5,19,67778.67
TXN006077,C0757,5247.99,Credit Card,2026-05-25 14:57:29.864986,Success,,19,9,5,4,116759.63
TXN006078,C0151,15578.58,Credit Card,2026-05-25 15:31:46.390639,Failed,Bank Timeout,796,19,1,18,133042.4
TXN006079,C1135,3292.93,Net Banking,2026-05-25 16:06:02.916291,Success,,274,25,8,17,37865.93
TXN006080,C1504,6703.0,UPI,2026-05-25 16:40:19.441944,Failed,Network Error,144,13,5,8,36177.43
TXN006081,C1460,20897.61,Net Banking,2026-05-25 17:14:35.967596,Failed,Insufficient Balance,582,13,4,9,65177.42
TXN006082,C1071,8244.58,Debit Card,2026-05-25 17:48:52.493249,Failed,Card Declined,535,12,1,11,8204.31
TXN006083,C1024,12252.7,Debit Card,2026-05-25 18:23:09.018901,Success,,267,20,13,7,103010.05
TXN006084,C1599,23534.39,UPI,2026-05-25 18:57:25.544554,Failed,Bank Timeout,415,2,1,1,112580.31
TXN006085,C0737,5756.01,UPI,2026-05-25 19:31:42.070207,Success,,453,29,14,15,52141.79
TXN006086,C1390,9801.69,Credit Card,2026-05-25 20:05:58.595859,Success,,310,28,16,12,70060.15
TXN006087,C0069,15200.8,Net Banking,2026-05-25 20:40:15.121512,Abandoned,Checkout Abandoned,797,23,6,17,88758.31
TXN006088,C0299,18907.94,Credit Card,2026-05-25 21:14:31.647164,Abandoned,Checkout Abandoned,35,18,10,8,11502.88
TXN006089,C0944,22551.17,UPI,2026-05-25 21:48:48.172817,Success,,452,19,12,7,106838.98
TXN006090,C0802,22895.28,UPI,2026-05-25 22:23:04.698469,Failed,Bank Timeout,48,9,6,3,79241.9
TXN006091,C0296,19438.34,Debit Card,2026-05-25 22:57:21.224122,Success,,255,11,4,7,93827.21
TXN006092,C0203,5785.44,Debit Card,2026-05-25 23:31:37.749774,Success,,672,22,16,6,108712.67
TXN006093,C0061,717.75,UPI,2026-05-26 00:05:54.275427,Success,,217,1,0,1,101496.03
TXN006094,C0946,9655.97,UPI,2026-05-26 00:40:10.801080,Success,,674,0,0,0,14750.58
TXN006095,C0963,3624.57,UPI,2026-05-26 01:14:27.326732,Success,,637,3,3,0,117497.52
TXN006096,C1854,17788.65,Credit Card,2026-05-26 01:48:43.852385,Success,,210,7,3,4,91701.96
TXN006097,C1338,16562.15,Debit Card,2026-05-26 02:23:00.378037,Success,,190,30,0,30,107374.69
TXN006098,C1185,1194.89,Net Banking,2026-05-26 02:57:16.903690,Success,,390,16,9,7,39594.51
TXN006099,C0331,20931.19,Credit Card,2026-05-26 03:31:33.429342,Success,,802,25,1,24,33603.37
TXN006100,C1552,6293.71,UPI,2026-05-26 04:05:49.954995,Success,,183,13,12,1,124000.8
TXN006101,C0338,10862.45,Debit Card,2026-05-26 04:40:06.480648,Success,,676,13,12,1,58863.18
TXN006102,C1630,16731.55,Wallet,2026-05-26 05:14:23.006300,Success,,877,18,11,7,86514.33
TXN006103,C1328,10792.53,Net Banking,2026-05-26 05:48:39.531953,Success,,328,3,0,3,82963.52
TXN006104,C1527,11088.07,Net Banking,2026-05-26 06:22:56.057605,Success,,124,19,9,10,87982.44
TXN006105,C1674,1734.14,UPI,2026-05-26 06:57:12.583258,Success,,312,15,3,12,10891.21
TXN006106,C1362,10095.94,Debit Card,2026-05-26 07:31:29.108910,Success,,151,18,4,14,45719.81
TXN006107,C1574,19144.71,Net Banking,2026-05-26 08:05:45.634563,Abandoned,Checkout Abandoned,800,18,9,9,10438.84
TXN006108,C0639,22887.89,Debit Card,2026-05-26 08:40:02.160216,Success,,537,12,6,6,72284.07
TXN006109,C0275,10396.08,UPI,2026-05-26 09:14:18.685868,Success,,157,6,6,0,135363.75
TXN006110,C1188,10647.29,Wallet,2026-05-26 09:48:35.211521,Success,,510,23,17,6,58681.84
TXN006111,C1467,17595.41,Credit Card,2026-05-26 10:22:51.737173,Success,,396,13,3,10,117476.24
TXN006112,C0319,23575.02,UPI,2026-05-26 10:57:08.262826,Success,,783,28,3,25,43443.33
TXN006113,C0589,6749.82,UPI,2026-05-26 11:31:24.788478,Abandoned,Checkout Abandoned,38,9,0,9,128511.73
TXN006114,C0504,11059.59,Credit Card,2026-05-26 12:05:41.314131,Success,,269,13,11,2,63215.71
TXN006115,C1710,19919.73,UPI,2026-05-26 12:39:57.839783,Success,,123,19,7,12,53605.0
TXN006116,C0387,15281.37,UPI,2026-05-26 13:14:14.365436,Success,,17,10,10,0,104773.2
TXN006117,C1994,2853.6,Debit Card,2026-05-26 13:48:30.891089,Success,,313,10,2,8,77157.21
TXN006118,C0870,15730.55,Debit Card,2026-05-26 14:22:47.416741,Abandoned,Checkout Abandoned,264,14,14,0,50929.35
TXN006119,C0833,4749.98,Debit Card,2026-05-26 14:57:03.942394,Success,,93,7,3,4,9184.79
TXN006120,C1015,12804.38,UPI,2026-05-26 15:31:20.468046,Success,,25,23,11,12,25412.58
TXN006121,C1912,13274.67,Debit Card,2026-05-26 16:05:36.993699,Success,,312,21,12,9,115962.4
TXN006122,C0603,21917.46,UPI,2026-05-26 16:39:53.519351,Success,,808,16,11,5,138149.39
TXN006123,C1774,11616.11,UPI,2026-05-26 17:14:10.045004,Success,,105,22,9,13,25741.32
TXN006124,C1800,7058.12,UPI,2026-05-26 17:48:26.570657,Success,,131,22,20,2,85631.46
TXN006125,C0691,5851.06,Net Banking,2026-05-26 18:22:43.096309,Success,,235,20,20,0,5608.97
TXN006126,C0494,21868.87,UPI,2026-05-26 18:56:59.621962,Success,,38,5,2,3,43981.1
TXN006127,C0490,4358.17,UPI,2026-05-26 19:31:16.147614,Success,,597,13,13,0,67593.8
TXN006128,C0721,10704.13,UPI,2026-05-26 20:05:32.673267,Abandoned,Checkout Abandoned,333,8,7,1,110513.74
TXN006129,C1097,4760.61,Credit Card,2026-05-26 20:39:49.198919,Success,,128,2,2,0,7094.12
TXN006130,C0509,19355.27,Wallet,2026-05-26 21:14:05.724572,Success,,180,11,0,11,117293.98
TXN006131,C0390,11911.88,Wallet,2026-05-26 21:48:22.250225,Success,,43,3,0,3,30795.84
TXN006132,C1643,8843.48,UPI,2026-05-26 22:22:38.775877,Success,,783,24,15,9,114050.0
TXN006133,C1881,9091.38,UPI,2026-05-26 22:56:55.301530,Success,,314,14,1,13,94007.89
TXN006134,C0295,21320.13,UPI,2026-05-26 23:31:11.827182,Success,,197,12,0,12,51266.59
TXN006135,C1393,13888.97,Debit Card,2026-05-27 00:05:28.352835,Success,,60,25,21,4,108700.85
TXN006136,C1980,17974.91,UPI,2026-05-27 00:39:44.878487,Success,,530,29,3,26,35830.23
TXN006137,C0796,22436.26,UPI,2026-05-27 01:14:01.404140,Success,,142,27,25,2,33349.33
TXN006138,C0865,22553.37,Credit Card,2026-05-27 01:48:17.929792,Success,,375,17,16,1,9730.84
TXN006139,C1718,8279.88,UPI,2026-05-27 02:22:34.455445,Success,,201,13,6,7,59265.04
TXN006140,C0549,23816.04,UPI,2026-05-27 02:56:50.981098,Success,,537,12,8,4,15107.14
TXN006141,C0649,719.41,UPI,2026-05-27 03:31:07.506750,Failed,Card Declined,196,8,4,4,63215.39
TXN006142,C1874,9483.21,UPI,2026-05-27 04:05:24.032403,Success,,193,30,22,8,1965.63
TXN006143,C0568,22405.39,Credit Card,2026-05-27 04:39:40.558055,Success,,202,4,3,1,23684.96
TXN006144,C1211,6938.46,Wallet,2026-05-27 05:13:57.083708,Success,,93,18,4,14,139889.61
TXN006145,C0853,6899.73,UPI,2026-05-27 05:48:13.609360,Success,,403,7,7,0,119436.49
TXN006146,C0770,7635.29,UPI,2026-05-27 06:22:30.135013,Success,,696,12,3,9,35806.46
TXN006147,C0445,15346.6,Wallet,2026-05-27 06:56:46.660666,Success,,512,8,6,2,107884.66
TXN006148,C1594,11014.49,Net Banking,2026-05-27 07:31:03.186318,Success,,613,16,8,8,100438.03
TXN006149,C0363,18195.7,UPI,2026-05-27 08:05:19.711971,Success,,812,4,3,1,26950.38
TXN006150,C0123,22383.27,Debit Card,2026-05-27 08:39:36.237623,Abandoned,Checkout Abandoned,71,29,4,25,55973.25
TXN006151,C1212,16887.56,UPI,2026-05-27 09:13:52.763276,Success,,42,8,7,1,137099.01
TXN006152,C0742,5191.22,Debit Card,2026-05-27 09:48:09.288928,Success,,502,10,3,7,110938.32
TXN006153,C0680,23323.78,Wallet,2026-05-27 10:22:25.814581,Success,,152,1,0,1,114172.2
TXN006154,C0420,6685.87,Credit Card,2026-05-27 10:56:42.340234,Success,,350,12,3,9,84800.96
TXN006155,C1650,3832.37,Credit Card,2026-05-27 11:30:58.865886,Success,,371,0,0,0,99998.2
TXN006156,C1276,2340.19,UPI,2026-05-27 12:05:15.391539,Success,,132,7,6,1,76556.4
TXN006157,C1643,14128.26,Credit Card,2026-05-27 12:39:31.917191,Success,,507,14,5,9,111263.62
TXN006158,C1573,2932.69,Credit Card,2026-05-27 13:13:48.442844,Success,,124,21,0,21,110042.78
TXN006159,C1359,3555.52,Debit Card,2026-05-27 13:48:04.968496,Failed,Bank Timeout,894,29,8,21,5146.94
TXN006160,C0092,7570.76,UPI,2026-05-27 14:22:21.494149,Abandoned,Checkout Abandoned,366,29,28,1,94950.27
TXN006161,C1554,7113.16,Credit Card,2026-05-27 14:56:38.019801,Success,,403,1,0,1,94657.14
TXN006162,C1890,15145.56,Credit Card,2026-05-27 15:30:54.545454,Failed,Card Declined,513,2,1,1,10564.33
TXN006163,C0063,20436.96,UPI,2026-05-27 16:05:11.071107,Failed,Card Declined,601,20,10,10,61852.0
TXN006164,C1686,19057.61,UPI,2026-05-27 16:39:27.596759,Abandoned,Checkout Abandoned,763,16,4,12,134868.97
TXN006165,C0512,6635.86,UPI,2026-05-27 17:13:44.122412,Success,,145,17,3,14,143039.1
TXN006166,C1163,6208.23,Debit Card,2026-05-27 17:48:00.648064,Failed,Card Declined,374,26,25,1,117440.54
TXN006167,C1722,24148.21,Credit Card,2026-05-27 18:22:17.173717,Success,,616,27,18,9,23144.94
TXN006168,C1209,305.08,Net Banking,2026-05-27 18:56:33.699369,Success,,273,16,15,1,56520.63
TXN006169,C1229,22005.04,UPI,2026-05-27 19:30:50.225022,Success,,150,29,1,28,27791.73
TXN006170,C0772,5073.24,Net Banking,2026-05-27 20:05:06.750675,Failed,Network Error,97,13,8,5,97994.35
TXN006171,C1238,23687.38,Debit Card,2026-05-27 20:39:23.276327,Success,,469,10,0,10,116085.1
TXN006172,C0256,8623.45,UPI,2026-05-27 21:13:39.801980,Failed,Insufficient Balance,246,22,1,21,132622.97
TXN006173,C0135,11064.76,UPI,2026-05-27 21:47:56.327632,Success,,519,22,21,1,129166.95
TXN006174,C1597,17707.3,UPI,2026-05-27 22:22:12.853285,Success,,580,25,5,20,15331.88
TXN006175,C0875,14732.96,Wallet,2026-05-27 22:56:29.378937,Success,,858,30,27,3,19288.26
TXN006176,C0822,8016.69,UPI,2026-05-27 23:30:45.904590,Failed,Insufficient Balance,184,13,0,13,136495.94
TXN006177,C0088,13890.39,UPI,2026-05-28 00:05:02.430243,Abandoned,Checkout Abandoned,581,4,2,2,126645.77
TXN006178,C1860,18294.6,UPI,2026-05-28 00:39:18.955895,Failed,Technical Error,178,25,19,6,69326.54
TXN006179,C0988,1154.14,Net Banking,2026-05-28 01:13:35.481548,Success,,61,5,5,0,64792.79
TXN006180,C1231,378.86,UPI,2026-05-28 01:47:52.007200,Success,,237,28,22,6,83143.55
TXN006181,C1153,11505.87,UPI,2026-05-28 02:22:08.532853,Success,,257,18,14,4,89697.06
TXN006182,C0823,3382.73,UPI,2026-05-28 02:56:25.058505,Success,,341,10,8,2,38505.38
TXN006183,C1027,16642.17,UPI,2026-05-28 03:30:41.584158,Success,,897,1,1,0,60859.39
TXN006184,C0974,5429.91,UPI,2026-05-28 04:04:58.109810,Success,,447,9,1,8,93144.1
TXN006185,C0934,10877.99,Credit Card,2026-05-28 04:39:14.635463,Success,,45,12,6,6,31336.97
TXN006186,C1778,5022.01,Net Banking,2026-05-28 05:13:31.161116,Failed,Network Error,342,30,16,14,149825.57
TXN006187,C0121,13757.24,Net Banking,2026-05-28 05:47:47.686768,Success,,108,24,2,22,42799.45
TXN006188,C1409,2989.73,Debit Card,2026-05-28 06:22:04.212421,Failed,Technical Error,78,1,1,0,83086.08
TXN006189,C1638,675.36,UPI,2026-05-28 06:56:20.738073,Success,,150,13,2,11,83346.86
TXN006190,C1062,1373.18,Debit Card,2026-05-28 07:30:37.263726,Success,,503,16,7,9,67997.04
TXN006191,C1365,23861.04,UPI,2026-05-28 08:04:53.789378,Success,,721,8,6,2,36610.75
TXN006192,C1008,3642.93,UPI,2026-05-28 08:39:10.315031,Success,,276,7,2,5,85020.28
TXN006193,C0925,17741.11,Wallet,2026-05-28 09:13:26.840684,Success,,17,7,6,1,14106.66
TXN006194,C0645,1791.36,Net Banking,2026-05-28 09:47:43.366336,Success,,424,6,1,5,58345.45
TXN006195,C0714,2793.19,Credit Card,2026-05-28 10:21:59.891989,Failed,Insufficient Balance,583,24,11,13,34025.7
TXN006196,C0860,12771.02,Net Banking,2026-05-28 10:56:16.417641,Abandoned,Checkout Abandoned,149,26,10,16,19064.58
TXN006197,C0021,11675.29,Wallet,2026-05-28 11:30:32.943294,Success,,410,15,15,0,138859.7
TXN006198,C0242,23794.35,Credit Card,2026-05-28 12:04:49.468946,Success,,420,18,10,8,105141.47
TXN006199,C0455,23626.4,Credit Card,2026-05-28 12:39:05.994599,Abandoned,Checkout Abandoned,854,23,2,21,25739.92
TXN006200,C0963,19512.26,Debit Card,2026-05-28 13:13:22.520252,Failed,Insufficient Balance,882,16,9,7,142434.68
TXN006201,C0621,15092.34,UPI,2026-05-28 13:47:39.045904,Success,,863,0,0,0,32790.82
TXN006202,C0303,11428.51,UPI,2026-05-28 14:21:55.571557,Failed,Insufficient Balance,119,26,4,22,35724.18
TXN006203,C1620,8968.85,Debit Card,2026-05-28 14:56:12.097209,Success,,181,12,11,1,20423.92
TXN006204,C1619,23682.48,UPI,2026-05-28 15:30:28.622862,Success,,579,30,30,0,109314.04
TXN006205,C0803,15112.43,UPI,2026-05-28 16:04:45.148514,Success,,865,30,12,18,85845.88
TXN006206,C0964,14518.91,UPI,2026-05-28 16:39:01.674167,Success,,423,15,8,7,9208.54
TXN006207,C0069,5874.34,UPI,2026-05-28 17:13:18.199819,Success,,17,5,5,0,4282.34
TXN006208,C1153,1262.78,Wallet,2026-05-28 17:47:34.725472,Success,,372,14,11,3,80132.59
TXN006209,C0196,23635.2,Debit Card,2026-05-28 18:21:51.251125,Failed,Bank Timeout,385,11,3,8,97903.91
TXN006210,C0140,7912.01,Credit Card,2026-05-28 18:56:07.776777,Success,,585,23,2,21,123519.61
TXN006211,C1468,11120.47,Wallet,2026-05-28 19:30:24.302430,Success,,829,7,5,2,72001.8
TXN006212,C0283,2954.53,Net Banking,2026-05-28 20:04:40.828082,Success,,336,25,8,17,101641.31
TXN006213,C0312,20939.42,Credit Card,2026-05-28 20:38:57.353735,Success,,287,0,0,0,110181.52
TXN006214,C0746,788.03,Net Banking,2026-05-28 21:13:13.879387,Success,,200,10,4,6,92151.38
TXN006215,C1559,20866.37,UPI,2026-05-28 21:47:30.405040,Failed,Technical Error,513,14,11,3,53156.33
TXN006216,C1689,3593.1,UPI,2026-05-28 22:21:46.930693,Failed,Network Error,743,0,0,0,20218.37
TXN006217,C0277,22175.45,UPI,2026-05-28 22:56:03.456345,Success,,88,24,6,18,97307.01
TXN006218,C0061,18271.34,Debit Card,2026-05-28 23:30:19.981998,Success,,558,15,6,9,115420.1
TXN006219,C1343,4200.29,Credit Card,2026-05-29 00:04:36.507650,Failed,Technical Error,709,24,6,18,28879.15
TXN006220,C1914,14188.87,Debit Card,2026-05-29 00:38:53.033303,Success,,669,6,0,6,74482.57
TXN006221,C0052,7885.14,Debit Card,2026-05-29 01:13:09.558955,Success,,104,0,0,0,59888.19
TXN006222,C1880,4538.0,UPI,2026-05-29 01:47:26.084608,Success,,636,28,1,27,31252.61
TXN006223,C0153,21493.64,UPI,2026-05-29 02:21:42.610261,Abandoned,Checkout Abandoned,462,25,7,18,37174.32
TXN006224,C1773,10147.72,Credit Card,2026-05-29 02:55:59.135913,Success,,694,1,1,0,36032.29
TXN006225,C1335,10023.74,UPI,2026-05-29 03:30:15.661566,Abandoned,Checkout Abandoned,643,7,6,1,63130.18
TXN006226,C1838,4330.18,Credit Card,2026-05-29 04:04:32.187218,Success,,323,23,0,23,58874.06
TXN006227,C0544,9638.34,Credit Card,2026-05-29 04:38:48.712871,Success,,213,10,9,1,83349.72
TXN006228,C0567,21803.26,Credit Card,2026-05-29 05:13:05.238523,Success,,686,12,5,7,14435.0
TXN006229,C1888,9141.9,UPI,2026-05-29 05:47:21.764176,Success,,231,4,1,3,87396.93
TXN006230,C1413,23794.93,Credit Card,2026-05-29 06:21:38.289828,Success,,780,17,12,5,3765.99
TXN006231,C1572,23663.09,Net Banking,2026-05-29 06:55:54.815481,Success,,598,18,0,18,38977.58
TXN006232,C0622,3707.98,Wallet,2026-05-29 07:30:11.341134,Success,,596,20,0,20,75569.63
TXN006233,C1201,4515.05,Net Banking,2026-05-29 08:04:27.866786,Success,,743,2,0,2,103196.98
TXN006234,C1386,21580.58,Credit Card,2026-05-29 08:38:44.392439,Failed,Insufficient Balance,210,25,4,21,115804.21
TXN006235,C0314,9879.75,UPI,2026-05-29 09:13:00.918091,Success,,231,0,0,0,5816.42
TXN006236,C0807,208.91,Debit Card,2026-05-29 09:47:17.443744,Abandoned,Checkout Abandoned,614,29,2,27,80854.29
TXN006237,C0848,6919.41,Wallet,2026-05-29 10:21:33.969396,Failed,Network Error,559,21,17,4,53488.27
TXN006238,C0097,14980.96,UPI,2026-05-29 10:55:50.495049,Success,,439,29,5,24,104388.88
TXN006239,C0881,20001.72,UPI,2026-05-29 11:30:07.020702,Success,,243,4,3,1,42925.07
TXN006240,C1237,3421.38,UPI,2026-05-29 12:04:23.546354,Failed,Technical Error,130,18,14,4,111686.68
TXN006241,C0829,2852.48,Debit Card,2026-05-29 12:38:40.072007,Success,,570,8,3,5,90534.42
TXN006242,C0137,23060.11,UPI,2026-05-29 13:12:56.597659,Success,,43,25,5,20,118556.02
TXN006243,C1030,18803.59,UPI,2026-05-29 13:47:13.123312,Failed,Insufficient Balance,675,23,17,6,147666.9
TXN006244,C1011,14785.51,Net Banking,2026-05-29 14:21:29.648964,Success,,139,6,1,5,136333.6
TXN006245,C0109,19252.75,Credit Card,2026-05-29 14:55:46.174617,Abandoned,Checkout Abandoned,388,11,9,2,89196.88
TXN006246,C0547,10778.47,UPI,2026-05-29 15:30:02.700270,Success,,577,13,9,4,134117.45
TXN006247,C1063,18985.55,UPI,2026-05-29 16:04:19.225922,Success,,621,28,12,16,23386.93
TXN006248,C0662,9357.89,UPI,2026-05-29 16:38:35.751575,Failed,Insufficient Balance,144,30,19,11,6933.76
TXN006249,C0425,6177.95,Credit Card,2026-05-29 17:12:52.277227,Success,,893,15,5,10,80203.42
TXN006250,C0630,18252.43,UPI,2026-05-29 17:47:08.802880,Abandoned,Checkout Abandoned,45,12,1,11,146168.28
TXN006251,C0261,10549.84,Credit Card,2026-05-29 18:21:25.328532,Abandoned,Checkout Abandoned,177,26,6,20,106605.6
TXN006252,C1450,24536.29,Debit Card,2026-05-29 18:55:41.854185,Success,,215,17,7,10,46118.79
TXN006253,C0087,8802.18,Debit Card,2026-05-29 19:29:58.379837,Success,,484,29,24,5,100481.32
TXN006254,C0465,23051.01,UPI,2026-05-29 20:04:14.905490,Success,,803,9,5,4,6466.2
TXN006255,C0076,23330.77,Credit Card,2026-05-29 20:38:31.431143,Success,,605,20,1,19,70857.63
TXN006256,C0471,6122.14,Net Banking,2026-05-29 21:12:47.956795,Failed,Network Error,84,20,7,13,35969.72
TXN006257,C2000,19975.71,UPI,2026-05-29 21:47:04.482448,Success,,99,5,1,4,7855.12
TXN006258,C1987,10883.56,UPI,2026-05-29 22:21:21.008100,Success,,642,21,16,5,37861.6
TXN006259,C0414,22946.37,Credit Card,2026-05-29 22:55:37.533753,Success,,620,2,2,0,108507.83
TXN006260,C0825,11308.09,Credit Card,2026-05-29 23:29:54.059405,Success,,334,26,21,5,82902.72
TXN006261,C0895,18633.16,UPI,2026-05-30 00:04:10.585058,Failed,Card Declined,281,3,3,0,4003.52
TXN006262,C0726,11727.49,Debit Card,2026-05-30 00:38:27.110711,Success,,84,0,0,0,61755.79
TXN006263,C0457,5772.24,Credit Card,2026-05-30 01:12:43.636363,Success,,874,10,10,0,112949.58
TXN006264,C1309,5063.82,Wallet,2026-05-30 01:47:00.162016,Success,,146,16,16,0,143213.4
TXN006265,C1263,10693.24,UPI,2026-05-30 02:21:16.687668,Failed,Network Error,270,4,1,3,131216.46
TXN006266,C1701,18911.82,Debit Card,2026-05-30 02:55:33.213321,Failed,Card Declined,221,11,3,8,727.2
TXN006267,C1623,15166.28,UPI,2026-05-30 03:29:49.738973,Failed,Bank Timeout,897,19,2,17,33195.95
TXN006268,C0653,17246.87,Credit Card,2026-05-30 04:04:06.264626,Success,,564,30,18,12,31556.66
TXN006269,C0672,7129.93,Credit Card,2026-05-30 04:38:22.790279,Success,,619,22,3,19,62257.65
TXN006270,C1582,12087.74,UPI,2026-05-30 05:12:39.315931,Abandoned,Checkout Abandoned,807,6,2,4,97040.31
TXN006271,C1396,1205.44,Net Banking,2026-05-30 05:46:55.841584,Abandoned,Checkout Abandoned,595,3,0,3,23383.82
TXN006272,C0495,20456.56,UPI,2026-05-30 06:21:12.367236,Success,,649,25,19,6,137393.96
TXN006273,C1648,24748.31,Credit Card,2026-05-30 06:55:28.892889,Success,,494,29,16,13,116678.98
TXN006274,C1943,10231.29,UPI,2026-05-30 07:29:45.418541,Abandoned,Checkout Abandoned,553,15,3,12,63190.12
TXN006275,C1069,372.99,Debit Card,2026-05-30 08:04:01.944194,Success,,225,14,0,14,87807.02
TXN006276,C1425,4327.84,UPI,2026-05-30 08:38:18.469846,Success,,794,13,9,4,81499.4
TXN006277,C1271,16347.92,Net Banking,2026-05-30 09:12:34.995499,Success,,373,28,25,3,87543.39
TXN006278,C1640,15340.78,Net Banking,2026-05-30 09:46:51.521152,Abandoned,Checkout Abandoned,76,1,0,1,129087.23
TXN006279,C0597,19717.83,Net Banking,2026-05-30 10:21:08.046804,Success,,240,9,3,6,30417.89
TXN006280,C0450,6421.71,UPI,2026-05-30 10:55:24.572457,Failed,Network Error,392,19,3,16,102715.24
TXN006281,C0485,19114.43,Credit Card,2026-05-30 11:29:41.098109,Success,,244,23,8,15,16501.4
TXN006282,C0646,17230.8,UPI,2026-05-30 12:03:57.623762,Success,,163,1,1,0,69145.01
TXN006283,C0620,8138.08,Net Banking,2026-05-30 12:38:14.149414,Success,,21,4,2,2,95557.91
TXN006284,C1042,13682.65,Debit Card,2026-05-30 13:12:30.675067,Abandoned,Checkout Abandoned,46,12,6,6,2369.0
TXN006285,C1630,3767.12,Credit Card,2026-05-30 13:46:47.200720,Success,,691,22,15,7,16655.91
TXN006286,C0662,11368.86,Debit Card,2026-05-30 14:21:03.726372,Success,,322,9,3,6,14144.38
TXN006287,C0758,22041.81,UPI,2026-05-30 14:55:20.252025,Abandoned,Checkout Abandoned,21,21,1,20,56516.54
TXN006288,C0289,10587.67,Credit Card,2026-05-30 15:29:36.777677,Success,,183,12,6,6,93490.34
TXN006289,C1438,21005.21,UPI,2026-05-30 16:03:53.303330,Failed,Card Declined,234,13,7,6,149396.77
TXN006290,C0721,14797.31,Wallet,2026-05-30 16:38:09.828982,Success,,164,24,6,18,38484.79
TXN006291,C0638,4877.73,Net Banking,2026-05-30 17:12:26.354635,Success,,855,17,5,12,20825.95
TXN006292,C0235,14569.55,Debit Card,2026-05-30 17:46:42.880288,Success,,528,19,19,0,62507.02
TXN006293,C0416,12698.98,Wallet,2026-05-30 18:20:59.405940,Abandoned,Checkout Abandoned,245,22,8,14,22323.33
TXN006294,C0938,10026.17,UPI,2026-05-30 18:55:15.931593,Success,,47,27,16,11,4169.41
TXN006295,C0499,3078.8,Net Banking,2026-05-30 19:29:32.457245,Failed,Technical Error,307,7,4,3,84811.88
TXN006296,C0974,10476.05,UPI,2026-05-30 20:03:48.982898,Success,,253,4,2,2,131996.09
TXN006297,C0634,1911.78,Debit Card,2026-05-30 20:38:05.508550,Success,,132,20,15,5,129197.09
TXN006298,C1674,2559.35,Debit Card,2026-05-30 21:12:22.034203,Success,,501,19,0,19,15567.89
TXN006299,C1020,10456.32,UPI,2026-05-30 21:46:38.559855,Failed,Insufficient Balance,676,24,15,9,22547.8
TXN006300,C0115,7704.0,UPI,2026-05-30 22:20:55.085508,Success,,307,11,0,11,73922.59
TXN006301,C0932,23146.05,UPI,2026-05-30 22:55:11.611161,Success,,767,15,5,10,55473.62
TXN006302,C0674,9455.07,Wallet,2026-05-30 23:29:28.136813,Failed,Bank Timeout,884,25,21,4,105609.64
TXN006303,C1737,18970.67,UPI,2026-05-31 00:03:44.662466,Success,,50,19,10,9,74493.68
TXN006304,C1258,13303.16,Credit Card,2026-05-31 00:38:01.188118,Success,,274,18,6,12,3507.67
TXN006305,C1564,17631.73,Debit Card,2026-05-31 01:12:17.713771,Success,,117,24,15,9,43042.34
TXN006306,C1035,6576.89,UPI,2026-05-31 01:46:34.239423,Success,,235,6,1,5,135273.03
TXN006307,C0206,23553.43,Credit Card,2026-05-31 02:20:50.765076,Success,,183,24,24,0,76970.57
TXN006308,C1703,13299.2,Credit Card,2026-05-31 02:55:07.290729,Failed,Network Error,114,3,1,2,119793.34
TXN006309,C0247,20799.97,UPI,2026-05-31 03:29:23.816381,Success,,870,18,1,17,60643.27
TXN006310,C1583,9189.64,Debit Card,2026-05-31 04:03:40.342034,Success,,347,9,3,6,101706.07
TXN006311,C0758,2595.26,UPI,2026-05-31 04:37:56.867686,Failed,Card Declined,703,7,4,3,25765.98
TXN006312,C1151,16875.42,UPI,2026-05-31 05:12:13.393339,Success,,614,15,12,3,110611.72
TXN006313,C0147,293.22,Credit Card,2026-05-31 05:46:29.918991,Abandoned,Checkout Abandoned,640,3,2,1,118093.87
TXN006314,C0118,11934.8,UPI,2026-05-31 06:20:46.444644,Success,,130,9,8,1,13975.97
TXN006315,C1935,4900.77,Wallet,2026-05-31 06:55:02.970297,Success,,196,18,17,1,27904.96
TXN006316,C1406,15721.65,Net Banking,2026-05-31 07:29:19.495949,Success,,790,15,13,2,69701.95
TXN006317,C0412,24487.55,Credit Card,2026-05-31 08:03:36.021602,Success,,863,30,22,8,95796.79
TXN006318,C1688,11663.63,UPI,2026-05-31 08:37:52.547254,Success,,537,11,3,8,95804.95
TXN006319,C1608,20455.71,UPI,2026-05-31 09:12:09.072907,Success,,553,19,13,6,100396.35
TXN006320,C0363,12743.83,UPI,2026-05-31 09:46:25.598559,Success,,433,1,1,0,107305.08
TXN006321,C1533,12446.42,Credit Card,2026-05-31 10:20:42.124212,Success,,355,27,10,17,76112.11
TXN006322,C0137,23267.54,Net Banking,2026-05-31 10:54:58.649864,Success,,104,10,5,5,86440.9
TXN006323,C1199,22260.15,UPI,2026-05-31 11:29:15.175517,Success,,115,19,0,19,1756.72
TXN006324,C1313,19666.43,UPI,2026-05-31 12:03:31.701170,Success,,895,22,13,9,25406.81
TXN006325,C0958,7476.77,Credit Card,2026-05-31 12:37:48.226822,Success,,696,30,7,23,75035.32
TXN006326,C1505,13670.71,UPI,2026-05-31 13:12:04.752475,Success,,890,12,5,7,111966.16
TXN006327,C0019,5675.04,Debit Card,2026-05-31 13:46:21.278127,Success,,517,2,2,0,121434.27
TXN006328,C0195,11153.53,Credit Card,2026-05-31 14:20:37.803780,Success,,335,16,13,3,109477.08
TXN006329,C0330,12156.91,Credit Card,2026-05-31 14:54:54.329432,Success,,300,9,6,3,73217.21
TXN006330,C1960,20807.84,UPI,2026-05-31 15:29:10.855085,Success,,340,7,4,3,42550.99
TXN006331,C0175,22411.11,Net Banking,2026-05-31 16:03:27.380738,Success,,453,5,5,0,66985.07
TXN006332,C1002,10424.04,UPI,2026-05-31 16:37:43.906390,Failed,Technical Error,558,13,6,7,1889.59
TXN006333,C0449,540.84,Net Banking,2026-05-31 17:12:00.432043,Success,,543,18,18,0,89894.94
TXN006334,C1949,21558.17,UPI,2026-05-31 17:46:16.957695,Success,,739,23,21,2,11647.75
TXN006335,C0946,4439.54,Net Banking,2026-05-31 18:20:33.483348,Success,,607,21,9,12,22235.82
TXN006336,C1378,15584.86,Debit Card,2026-05-31 18:54:50.009000,Abandoned,Checkout Abandoned,325,0,0,0,94083.5
TXN006337,C1523,721.78,UPI,2026-05-31 19:29:06.534653,Failed,Card Declined,51,24,24,0,2495.63
TXN006338,C0141,10047.71,Net Banking,2026-05-31 20:03:23.060306,Success,,662,10,5,5,86246.52
TXN006339,C0758,24650.41,Debit Card,2026-05-31 20:37:39.585958,Success,,736,24,8,16,95937.82
TXN006340,C1921,2607.27,UPI,2026-05-31 21:11:56.111611,Failed,Network Error,681,24,17,7,118347.11
TXN006341,C0930,10649.96,UPI,2026-05-31 21:46:12.637263,Success,,288,13,10,3,10670.56
TXN006342,C0093,7748.03,Credit Card,2026-05-31 22:20:29.162916,Success,,692,12,0,12,938.28
TXN006343,C1968,22636.69,Debit Card,2026-05-31 22:54:45.688568,Success,,169,11,3,8,115145.26
TXN006344,C0239,21746.57,Debit Card,2026-05-31 23:29:02.214221,Success,,249,21,20,1,43863.05
TXN006345,C0205,6018.7,Debit Card,2026-06-01 00:03:18.739873,Success,,879,5,1,4,133137.18
TXN006346,C0560,2121.58,Debit Card,2026-06-01 00:37:35.265526,Success,,165,28,6,22,28152.8
TXN006347,C1457,15715.75,Debit Card,2026-06-01 01:11:51.791179,Abandoned,Checkout Abandoned,753,3,3,0,88033.11
TXN006348,C0245,8475.58,Credit Card,2026-06-01 01:46:08.316831,Success,,419,23,15,8,16856.74
TXN006349,C0832,16834.9,UPI,2026-06-01 02:20:24.842484,Failed,Card Declined,231,8,0,8,60702.18
TXN006350,C1341,899.78,Net Banking,2026-06-01 02:54:41.368136,Success,,346,27,5,22,132368.63
TXN006351,C0925,3421.64,UPI,2026-06-01 03:28:57.893789,Abandoned,Checkout Abandoned,691,6,0,6,91447.95
TXN006352,C0295,17190.67,UPI,2026-06-01 04:03:14.419441,Abandoned,Checkout Abandoned,294,6,3,3,103597.75
TXN006353,C0640,5388.03,Debit Card,2026-06-01 04:37:30.945094,Success,,395,12,0,12,34282.56
TXN006354,C0856,21453.93,UPI,2026-06-01 05:11:47.470747,Success,,764,1,1,0,138451.26
TXN006355,C1306,1558.91,UPI,2026-06-01 05:46:03.996399,Success,,367,1,0,1,93710.62
TXN006356,C0017,5465.5,UPI,2026-06-01 06:20:20.522052,Success,,683,27,17,10,16329.88
TXN006357,C0071,24964.15,Credit Card,2026-06-01 06:54:37.047704,Success,,635,14,7,7,2825.06
TXN006358,C1293,10883.59,Wallet,2026-06-01 07:28:53.573357,Failed,Network Error,887,25,5,20,2880.42
TXN006359,C1349,17603.85,Credit Card,2026-06-01 08:03:10.099009,Success,,431,15,12,3,8156.16
TXN006360,C1818,4648.31,Credit Card,2026-06-01 08:37:26.624662,Success,,277,26,19,7,136786.57
TXN006361,C0305,15285.73,UPI,2026-06-01 09:11:43.150315,Success,,100,1,0,1,54077.62
TXN006362,C1475,18180.04,UPI,2026-06-01 09:45:59.675967,Success,,305,19,14,5,45085.76
TXN006363,C1031,7930.47,UPI,2026-06-01 10:20:16.201620,Success,,366,24,5,19,62773.59
TXN006364,C1338,20739.54,UPI,2026-06-01 10:54:32.727272,Abandoned,Checkout Abandoned,317,4,4,0,61730.95
TXN006365,C0817,15125.1,UPI,2026-06-01 11:28:49.252925,Success,,327,1,0,1,36154.74
TXN006366,C1127,9789.16,UPI,2026-06-01 12:03:05.778577,Abandoned,Checkout Abandoned,846,19,9,10,14228.29
TXN006367,C0821,13985.3,UPI,2026-06-01 12:37:22.304230,Failed,Card Declined,887,6,0,6,16739.68
TXN006368,C0193,14461.35,Debit Card,2026-06-01 13:11:38.829882,Failed,Insufficient Balance,326,4,4,0,90078.71
TXN006369,C1777,4221.83,Net Banking,2026-06-01 13:45:55.355535,Success,,861,10,10,0,59826.84
TXN006370,C1598,10128.04,Wallet,2026-06-01 14:20:11.881188,Success,,311,7,6,1,135417.08
TXN006371,C0529,8651.42,Credit Card,2026-06-01 14:54:28.406840,Success,,242,16,16,0,69828.64
TXN006372,C0171,10082.48,UPI,2026-06-01 15:28:44.932493,Success,,593,13,6,7,75771.99
TXN006373,C1561,19051.65,Debit Card,2026-06-01 16:03:01.458145,Abandoned,Checkout Abandoned,628,28,16,12,139272.62
TXN006374,C0251,12115.21,UPI,2026-06-01 16:37:17.983798,Success,,422,29,8,21,75495.29
TXN006375,C1789,23513.87,Debit Card,2026-06-01 17:11:34.509450,Success,,59,30,21,9,75546.31
TXN006376,C1411,7412.54,Debit Card,2026-06-01 17:45:51.035103,Success,,370,4,0,4,54792.87
TXN006377,C1231,10451.02,Debit Card,2026-06-01 18:20:07.560756,Success,,523,3,1,2,106706.57
TXN006378,C0541,19695.22,Wallet,2026-06-01 18:54:24.086408,Success,,511,2,1,1,59138.04
TXN006379,C1653,13696.01,Debit Card,2026-06-01 19:28:40.612061,Success,,75,6,2,4,88454.16
TXN006380,C0416,13721.0,Debit Card,2026-06-01 20:02:57.137713,Failed,Network Error,495,25,7,18,67385.6
TXN006381,C0794,1428.17,UPI,2026-06-01 20:37:13.663366,Success,,879,10,8,2,79547.36
TXN006382,C1404,10025.13,Wallet,2026-06-01 21:11:30.189018,Success,,692,0,0,0,124140.58
TXN006383,C1168,6841.27,UPI,2026-06-01 21:45:46.714671,Success,,224,21,14,7,62353.09
TXN006384,C0025,24983.44,Net Banking,2026-06-01 22:20:03.240324,Success,,147,23,10,13,34896.63
TXN006385,C1846,7778.04,UPI,2026-06-01 22:54:19.765976,Success,,886,17,11,6,85762.9
TXN006386,C0668,22123.96,UPI,2026-06-01 23:28:36.291629,Abandoned,Checkout Abandoned,702,21,21,0,140657.57
TXN006387,C1097,16938.22,Net Banking,2026-06-02 00:02:52.817281,Success,,869,26,17,9,104135.2
TXN006388,C0632,8588.82,UPI,2026-06-02 00:37:09.342934,Success,,732,0,0,0,46600.3
TXN006389,C1848,13634.01,Net Banking,2026-06-02 01:11:25.868586,Abandoned,Checkout Abandoned,805,28,1,27,144467.58
TXN006390,C1857,21029.34,UPI,2026-06-02 01:45:42.394239,Failed,Network Error,393,15,13,2,51736.18
TXN006391,C1117,22095.87,Net Banking,2026-06-02 02:19:58.919891,Success,,488,12,12,0,147496.48
TXN006392,C0505,4093.81,Debit Card,2026-06-02 02:54:15.445544,Success,,11,5,3,2,29202.46
TXN006393,C1622,8555.37,Debit Card,2026-06-02 03:28:31.971197,Failed,Bank Timeout,678,5,1,4,149947.61
TXN006394,C0336,8447.06,UPI,2026-06-02 04:02:48.496849,Success,,829,20,6,14,11847.89
TXN006395,C0425,1146.92,UPI,2026-06-02 04:37:05.022502,Success,,518,22,8,14,107129.36
TXN006396,C0499,14996.12,Net Banking,2026-06-02 05:11:21.548154,Success,,151,13,5,8,111196.02
TXN006397,C1388,21385.02,UPI,2026-06-02 05:45:38.073807,Success,,37,4,0,4,102096.42
TXN006398,C0947,9601.2,UPI,2026-06-02 06:19:54.599459,Success,,266,30,13,17,116752.21
TXN006399,C0630,18526.9,Credit Card,2026-06-02 06:54:11.125112,Success,,821,29,8,21,71039.02
TXN006400,C1769,15729.74,Credit Card,2026-06-02 07:28:27.650765,Success,,769,7,5,2,8590.04
TXN006401,C1223,9453.65,UPI,2026-06-02 08:02:44.176417,Failed,Insufficient Balance,857,17,6,11,53984.12
TXN006402,C0718,3612.39,UPI,2026-06-02 08:37:00.702070,Success,,94,5,2,3,96526.02
TXN006403,C1437,17762.16,UPI,2026-06-02 09:11:17.227722,Success,,252,4,1,3,97113.93
TXN006404,C0339,21378.67,Net Banking,2026-06-02 09:45:33.753375,Success,,215,9,2,7,29681.48
TXN006405,C0659,17177.78,UPI,2026-06-02 10:19:50.279027,Success,,794,17,1,16,38324.28
TXN006406,C0962,545.17,Wallet,2026-06-02 10:54:06.804680,Success,,447,26,12,14,73261.37
TXN006407,C1961,5484.2,UPI,2026-06-02 11:28:23.330333,Failed,Network Error,280,12,10,2,109427.27
TXN006408,C0429,1830.05,UPI,2026-06-02 12:02:39.855985,Success,,569,22,12,10,127993.32
TXN006409,C1807,14302.61,Credit Card,2026-06-02 12:36:56.381638,Success,,488,19,1,18,13429.48
TXN006410,C0899,18936.29,UPI,2026-06-02 13:11:12.907290,Failed,Technical Error,567,5,3,2,138880.18
TXN006411,C0139,2853.42,Credit Card,2026-06-02 13:45:29.432943,Failed,Card Declined,186,20,18,2,139195.88
TXN006412,C1717,20974.61,Net Banking,2026-06-02 14:19:45.958595,Success,,429,3,0,3,1686.09
TXN006413,C0942,13932.17,UPI,2026-06-02 14:54:02.484248,Success,,791,12,4,8,76208.23
TXN006414,C0542,17280.23,Debit Card,2026-06-02 15:28:19.009900,Success,,749,17,6,11,88278.07
TXN006415,C0057,24287.91,UPI,2026-06-02 16:02:35.535553,Success,,484,12,8,4,83280.16
TXN006416,C1256,2183.66,UPI,2026-06-02 16:36:52.061206,Success,,396,12,12,0,92557.86
TXN006417,C0658,22540.48,UPI,2026-06-02 17:11:08.586858,Success,,877,6,0,6,75751.02
TXN006418,C0435,3239.96,Net Banking,2026-06-02 17:45:25.112511,Abandoned,Checkout Abandoned,263,4,0,4,44424.13
TXN006419,C0384,9884.67,UPI,2026-06-02 18:19:41.638163,Failed,Technical Error,255,28,1,27,14807.81
TXN006420,C0560,21300.82,Net Banking,2026-06-02 18:53:58.163816,Success,,399,2,2,0,31652.72
TXN006421,C0194,22665.73,Credit Card,2026-06-02 19:28:14.689468,Success,,391,5,3,2,111168.14
TXN006422,C1760,12708.65,UPI,2026-06-02 20:02:31.215121,Failed,Card Declined,484,7,4,3,36539.0
TXN006423,C1672,14893.21,Credit Card,2026-06-02 20:36:47.740774,Success,,543,26,25,1,124541.7
TXN006424,C0534,17732.87,Net Banking,2026-06-02 21:11:04.266426,Success,,543,25,11,14,60821.51
TXN006425,C0518,20835.69,Debit Card,2026-06-02 21:45:20.792079,Success,,745,25,3,22,62464.14
TXN006426,C0716,3125.63,Credit Card,2026-06-02 22:19:37.317731,Success,,356,11,4,7,130340.56
TXN006427,C0751,20270.73,Net Banking,2026-06-02 22:53:53.843384,Success,,208,1,0,1,32536.18
TXN006428,C0185,12083.78,UPI,2026-06-02 23:28:10.369036,Abandoned,Checkout Abandoned,240,10,9,1,28848.08
TXN006429,C1896,11320.52,Net Banking,2026-06-03 00:02:26.894689,Success,,443,25,20,5,147818.26
TXN006430,C0292,10655.1,Net Banking,2026-06-03 00:36:43.420342,Success,,341,27,11,16,81320.36
TXN006431,C1359,12779.37,Debit Card,2026-06-03 01:10:59.945994,Success,,345,19,4,15,28982.85
TXN006432,C0732,23631.76,Net Banking,2026-06-03 01:45:16.471647,Failed,Card Declined,239,2,1,1,25287.82
TXN006433,C0116,13750.27,Credit Card,2026-06-03 02:19:32.997299,Failed,Bank Timeout,718,22,13,9,129318.91
TXN006434,C0825,23834.12,Debit Card,2026-06-03 02:53:49.522952,Success,,243,9,9,0,90176.97
TXN006435,C1073,4589.22,Credit Card,2026-06-03 03:28:06.048604,Failed,Network Error,378,7,1,6,17698.22
TXN006436,C0685,18130.99,UPI,2026-06-03 04:02:22.574257,Success,,812,7,1,6,133092.76
TXN006437,C0082,20324.76,Credit Card,2026-06-03 04:36:39.099909,Success,,786,13,4,9,66863.8
TXN006438,C0834,17010.31,UPI,2026-06-03 05:10:55.625562,Success,,166,3,2,1,148408.91
TXN006439,C0333,15212.36,UPI,2026-06-03 05:45:12.151215,Success,,548,30,17,13,42623.17
TXN006440,C0557,14163.84,UPI,2026-06-03 06:19:28.676867,Success,,745,14,10,4,79558.18
TXN006441,C0335,21537.17,UPI,2026-06-03 06:53:45.202520,Success,,211,9,0,9,26378.49
TXN006442,C0532,20559.0,UPI,2026-06-03 07:28:01.728172,Success,,98,17,9,8,66236.04
TXN006443,C1984,3144.99,Net Banking,2026-06-03 08:02:18.253825,Success,,324,21,10,11,26892.36
TXN006444,C0221,21229.83,UPI,2026-06-03 08:36:34.779477,Success,,179,14,14,0,46431.05
TXN006445,C0635,10410.31,Debit Card,2026-06-03 09:10:51.305130,Success,,446,18,18,0,40844.93
TXN006446,C1770,6417.05,UPI,2026-06-03 09:45:07.830783,Success,,303,23,11,12,42822.54
TXN006447,C1757,21757.24,UPI,2026-06-03 10:19:24.356435,Success,,354,2,2,0,145489.03
TXN006448,C0323,10857.42,UPI,2026-06-03 10:53:40.882088,Failed,Card Declined,372,1,1,0,6247.75
TXN006449,C1875,20228.28,UPI,2026-06-03 11:27:57.407740,Abandoned,Checkout Abandoned,189,12,10,2,74780.8
TXN006450,C0003,6658.75,Credit Card,2026-06-03 12:02:13.933393,Success,,517,12,11,1,94572.25
TXN006451,C1718,197.84,Credit Card,2026-06-03 12:36:30.459045,Success,,498,24,21,3,99283.83
TXN006452,C0206,12436.93,UPI,2026-06-03 13:10:46.984698,Success,,309,8,5,3,113304.58
TXN006453,C1856,2595.68,Credit Card,2026-06-03 13:45:03.510351,Abandoned,Checkout Abandoned,544,24,18,6,114264.33
TXN006454,C0040,18883.96,Net Banking,2026-06-03 14:19:20.036003,Success,,723,2,0,2,143347.7
TXN006455,C0059,6974.27,UPI,2026-06-03 14:53:36.561656,Failed,Bank Timeout,335,1,0,1,113472.36
TXN006456,C0951,11146.78,UPI,2026-06-03 15:27:53.087308,Success,,86,13,12,1,123641.54
TXN006457,C0574,2267.14,Debit Card,2026-06-03 16:02:09.612961,Abandoned,Checkout Abandoned,232,15,4,11,80081.15
TXN006458,C0644,7237.82,UPI,2026-06-03 16:36:26.138613,Success,,846,13,5,8,98822.16
TXN006459,C1531,19559.11,Wallet,2026-06-03 17:10:42.664266,Abandoned,Checkout Abandoned,197,3,2,1,71979.59
TXN006460,C1596,3874.54,Credit Card,2026-06-03 17:44:59.189918,Success,,772,1,0,1,41824.35
TXN006461,C1908,16214.27,Credit Card,2026-06-03 18:19:15.715571,Abandoned,Checkout Abandoned,652,15,12,3,47350.77
TXN006462,C0843,22943.9,UPI,2026-06-03 18:53:32.241224,Success,,487,7,0,7,54399.65
TXN006463,C1146,17027.94,Credit Card,2026-06-03 19:27:48.766876,Success,,32,25,10,15,51426.18
TXN006464,C1503,20294.44,UPI,2026-06-03 20:02:05.292529,Failed,Technical Error,46,0,0,0,80207.58
TXN006465,C0619,2813.39,Wallet,2026-06-03 20:36:21.818181,Failed,Bank Timeout,27,17,11,6,37520.94
TXN006466,C0096,6343.22,Credit Card,2026-06-03 21:10:38.343834,Success,,876,21,16,5,77738.0
TXN006467,C1883,22374.02,UPI,2026-06-03 21:44:54.869486,Success,,782,8,5,3,137478.08
TXN006468,C1438,17906.13,Credit Card,2026-06-03 22:19:11.395139,Failed,Technical Error,562,25,22,3,61191.59
TXN006469,C1259,16024.89,UPI,2026-06-03 22:53:27.920792,Abandoned,Checkout Abandoned,869,11,4,7,33785.59
TXN006470,C0898,16627.79,UPI,2026-06-03 23:27:44.446444,Success,,900,4,4,0,52354.96
TXN006471,C1086,10413.59,Credit Card,2026-06-04 00:02:00.972097,Success,,347,20,4,16,131594.65
TXN006472,C1280,1209.46,Credit Card,2026-06-04 00:36:17.497749,Failed,Network Error,81,2,2,0,141283.84
TXN006473,C0561,19632.59,Credit Card,2026-06-04 01:10:34.023402,Success,,661,7,2,5,133059.69
TXN006474,C0905,16999.96,UPI,2026-06-04 01:44:50.549054,Failed,Card Declined,735,27,2,25,43458.47
TXN006475,C0348,11872.83,Credit Card,2026-06-04 02:19:07.074707,Failed,Insufficient Balance,527,21,16,5,58482.9
TXN006476,C0671,22504.01,UPI,2026-06-04 02:53:23.600360,Failed,Technical Error,454,25,23,2,146252.61
TXN006477,C1148,8470.38,Credit Card,2026-06-04 03:27:40.126012,Success,,487,27,1,26,48915.92
TXN006478,C1506,7428.61,Credit Card,2026-06-04 04:01:56.651665,Abandoned,Checkout Abandoned,465,15,14,1,21110.05
TXN006479,C0317,21832.63,Debit Card,2026-06-04 04:36:13.177317,Failed,Card Declined,128,17,9,8,42673.08
TXN006480,C1528,19944.99,Net Banking,2026-06-04 05:10:29.702970,Failed,Insufficient Balance,457,11,9,2,144614.64
TXN006481,C0719,12923.0,Net Banking,2026-06-04 05:44:46.228622,Success,,376,11,10,1,62673.38
TXN006482,C1072,3355.3,Wallet,2026-06-04 06:19:02.754275,Success,,377,20,8,12,140115.35
TXN006483,C1433,5455.28,Wallet,2026-06-04 06:53:19.279927,Success,,486,3,1,2,16060.29
TXN006484,C1956,16440.08,Debit Card,2026-06-04 07:27:35.805580,Success,,590,26,23,3,115025.31
TXN006485,C1160,9687.53,Wallet,2026-06-04 08:01:52.331233,Success,,898,9,6,3,14454.84
TXN006486,C1225,20928.18,Net Banking,2026-06-04 08:36:08.856885,Success,,86,8,0,8,30025.61
TXN006487,C0250,23753.88,Debit Card,2026-06-04 09:10:25.382538,Success,,285,3,0,3,92607.29
TXN006488,C0314,20160.36,UPI,2026-06-04 09:44:41.908190,Failed,Insufficient Balance,872,23,13,10,65454.49
TXN006489,C1893,9500.88,UPI,2026-06-04 10:18:58.433843,Failed,Technical Error,101,0,0,0,100167.8
TXN006490,C1392,19738.29,Net Banking,2026-06-04 10:53:14.959495,Abandoned,Checkout Abandoned,674,4,2,2,146024.24
TXN006491,C1453,8850.9,Credit Card,2026-06-04 11:27:31.485148,Success,,377,24,7,17,8380.7
TXN006492,C1854,4260.79,Net Banking,2026-06-04 12:01:48.010801,Success,,539,2,1,1,29148.19
TXN006493,C0807,931.49,UPI,2026-06-04 12:36:04.536453,Success,,502,10,6,4,96213.48
TXN006494,C1504,9704.35,UPI,2026-06-04 13:10:21.062106,Success,,489,12,1,11,134530.7
TXN006495,C1338,22598.63,Debit Card,2026-06-04 13:44:37.587758,Success,,332,21,8,13,119748.36
TXN006496,C1524,6050.77,Net Banking,2026-06-04 14:18:54.113411,Success,,556,10,10,0,70104.58
TXN006497,C1745,5242.18,UPI,2026-06-04 14:53:10.639063,Success,,111,25,14,11,111948.46
TXN006498,C1379,24248.54,Net Banking,2026-06-04 15:27:27.164716,Success,,280,5,0,5,31610.59
TXN006499,C0485,722.6,Debit Card,2026-06-04 16:01:43.690369,Success,,316,26,10,16,2552.72
TXN006500,C1235,19665.98,UPI,2026-06-04 16:36:00.216021,Success,,396,21,18,3,85717.49
TXN006501,C1728,8102.11,UPI,2026-06-04 17:10:16.741674,Success,,286,3,1,2,122080.08
TXN006502,C0044,1033.45,UPI,2026-06-04 17:44:33.267326,Success,,268,6,1,5,65299.81
TXN006503,C1565,22953.28,UPI,2026-06-04 18:18:49.792979,Success,,556,2,1,1,85602.69
TXN006504,C0571,3577.09,Credit Card,2026-06-04 18:53:06.318631,Success,,529,21,3,18,63616.09
TXN006505,C0583,13839.3,UPI,2026-06-04 19:27:22.844284,Success,,441,9,1,8,77348.67
TXN006506,C1116,6923.95,UPI,2026-06-04 20:01:39.369936,Abandoned,Checkout Abandoned,780,4,1,3,132709.77
TXN006507,C1289,1723.3,Net Banking,2026-06-04 20:35:55.895589,Success,,319,18,11,7,71981.95
TXN006508,C0895,1343.07,Credit Card,2026-06-04 21:10:12.421242,Success,,468,17,8,9,1617.6
TXN006509,C0220,2977.36,Credit Card,2026-06-04 21:44:28.946894,Abandoned,Checkout Abandoned,889,27,17,10,120077.37
TXN006510,C1926,1877.04,UPI,2026-06-04 22:18:45.472547,Success,,395,30,5,25,92848.74
TXN006511,C0925,19037.9,Net Banking,2026-06-04 22:53:01.998199,Success,,209,16,14,2,109693.8
TXN006512,C1466,12190.6,Net Banking,2026-06-04 23:27:18.523852,Success,,661,23,4,19,135212.54
TXN006513,C0401,8638.01,Credit Card,2026-06-05 00:01:35.049504,Success,,540,0,0,0,43289.03
TXN006514,C1424,10517.39,Net Banking,2026-06-05 00:35:51.575157,Success,,411,4,2,2,75708.95
TXN006515,C0727,23230.77,Net Banking,2026-06-05 01:10:08.100810,Success,,94,20,12,8,90571.29
TXN006516,C0991,22777.72,Debit Card,2026-06-05 01:44:24.626462,Failed,Card Declined,31,16,1,15,52135.98
TXN006517,C0899,17920.34,Debit Card,2026-06-05 02:18:41.152115,Success,,244,24,7,17,126987.04
TXN006518,C1813,22128.59,UPI,2026-06-05 02:52:57.677767,Abandoned,Checkout Abandoned,807,20,10,10,104786.14
TXN006519,C1600,8059.24,UPI,2026-06-05 03:27:14.203420,Abandoned,Checkout Abandoned,859,8,1,7,110144.43
TXN006520,C0858,9589.62,UPI,2026-06-05 04:01:30.729072,Abandoned,Checkout Abandoned,399,10,9,1,121297.09
TXN006521,C0804,15381.43,UPI,2026-06-05 04:35:47.254725,Failed,Insufficient Balance,138,21,9,12,39083.59
TXN006522,C0490,15628.29,UPI,2026-06-05 05:10:03.780378,Success,,402,6,0,6,111973.45
TXN006523,C1509,12094.33,Net Banking,2026-06-05 05:44:20.306030,Success,,573,6,3,3,116184.13
TXN006524,C1781,10076.38,UPI,2026-06-05 06:18:36.831683,Success,,473,1,0,1,126437.69
TXN006525,C1494,24655.89,Wallet,2026-06-05 06:52:53.357335,Failed,Bank Timeout,550,13,0,13,73536.41
TXN006526,C1598,20545.98,Credit Card,2026-06-05 07:27:09.882988,Success,,839,15,0,15,75876.35
TXN006527,C0938,10931.01,UPI,2026-06-05 08:01:26.408640,Success,,38,4,4,0,15177.64
TXN006528,C0844,18209.58,Credit Card,2026-06-05 08:35:42.934293,Abandoned,Checkout Abandoned,142,17,2,15,127892.08
TXN006529,C1706,6812.09,UPI,2026-06-05 09:09:59.459945,Success,,732,3,2,1,80256.48
TXN006530,C1469,2594.22,Wallet,2026-06-05 09:44:15.985598,Success,,543,11,4,7,89367.99
TXN006531,C1293,8875.53,Net Banking,2026-06-05 10:18:32.511251,Success,,698,18,9,9,18655.38
TXN006532,C0267,10134.02,UPI,2026-06-05 10:52:49.036903,Success,,640,27,26,1,90472.47
TXN006533,C0054,511.77,Wallet,2026-06-05 11:27:05.562556,Success,,657,12,7,5,6777.26
TXN006534,C0528,20388.32,Debit Card,2026-06-05 12:01:22.088208,Success,,892,26,6,20,138519.71
TXN006535,C1544,9043.92,UPI,2026-06-05 12:35:38.613861,Failed,Bank Timeout,91,5,0,5,129598.85
TXN006536,C0616,14552.41,Debit Card,2026-06-05 13:09:55.139513,Success,,885,10,0,10,29550.45
TXN006537,C1083,1941.68,Credit Card,2026-06-05 13:44:11.665166,Success,,589,14,6,8,89273.2
TXN006538,C1849,4457.42,UPI,2026-06-05 14:18:28.190819,Failed,Card Declined,561,20,5,15,90603.52
TXN006539,C1064,22253.37,Debit Card,2026-06-05 14:52:44.716471,Success,,100,16,8,8,120613.15
TXN006540,C1261,15256.32,UPI,2026-06-05 15:27:01.242124,Success,,673,30,7,23,113659.59
TXN006541,C0955,23762.07,Credit Card,2026-06-05 16:01:17.767776,Success,,743,1,0,1,148989.86
TXN006542,C0386,24968.88,UPI,2026-06-05 16:35:34.293429,Success,,85,12,5,7,52950.68
TXN006543,C1630,9359.32,Wallet,2026-06-05 17:09:50.819081,Success,,244,22,5,17,19132.55
TXN006544,C0734,7540.2,Debit Card,2026-06-05 17:44:07.344734,Success,,662,24,8,16,86234.02
TXN006545,C0716,21473.07,UPI,2026-06-05 18:18:23.870387,Success,,497,0,0,0,114716.76
TXN006546,C0650,24965.42,UPI,2026-06-05 18:52:40.396039,Success,,443,3,3,0,43226.11
TXN006547,C0300,15778.07,UPI,2026-06-05 19:26:56.921692,Success,,438,29,19,10,35812.85
TXN006548,C0395,19899.0,Debit Card,2026-06-05 20:01:13.447344,Failed,Network Error,99,30,24,6,120466.96
TXN006549,C1231,19565.47,UPI,2026-06-05 20:35:29.972997,Failed,Bank Timeout,456,14,10,4,113181.48
TXN006550,C1360,8947.96,Net Banking,2026-06-05 21:09:46.498649,Success,,586,15,10,5,30907.1
TXN006551,C0593,14399.33,Wallet,2026-06-05 21:44:03.024302,Success,,164,10,7,3,130455.96
TXN006552,C1754,20843.12,Debit Card,2026-06-05 22:18:19.549954,Abandoned,Checkout Abandoned,736,2,2,0,20642.05
TXN006553,C0514,17234.04,UPI,2026-06-05 22:52:36.075607,Success,,456,11,10,1,16831.35
TXN006554,C1202,626.98,UPI,2026-06-05 23:26:52.601260,Abandoned,Checkout Abandoned,883,11,3,8,52990.53
TXN006555,C0396,8483.97,Credit Card,2026-06-06 00:01:09.126912,Success,,879,10,6,4,133036.62
TXN006556,C0371,3697.44,Credit Card,2026-06-06 00:35:25.652565,Failed,Technical Error,148,15,2,13,104468.31
TXN006557,C0858,5901.01,Debit Card,2026-06-06 01:09:42.178217,Success,,240,28,12,16,59510.43
TXN006558,C0791,22646.69,Credit Card,2026-06-06 01:43:58.703870,Success,,51,20,18,2,24009.01
TXN006559,C0658,1018.64,UPI,2026-06-06 02:18:15.229522,Abandoned,Checkout Abandoned,245,20,7,13,107164.74
TXN006560,C1342,5573.04,Net Banking,2026-06-06 02:52:31.755175,Abandoned,Checkout Abandoned,478,12,4,8,90072.51
TXN006561,C0736,7808.28,UPI,2026-06-06 03:26:48.280828,Success,,607,11,11,0,148158.6
TXN006562,C1393,15460.41,Credit Card,2026-06-06 04:01:04.806480,Abandoned,Checkout Abandoned,357,9,4,5,114951.14
TXN006563,C0384,13399.13,Debit Card,2026-06-06 04:35:21.332133,Success,,687,25,23,2,15767.53
TXN006564,C0062,5534.91,UPI,2026-06-06 05:09:37.857785,Success,,207,10,5,5,109368.15
TXN006565,C1830,4189.6,Debit Card,2026-06-06 05:43:54.383438,Success,,354,17,0,17,38988.33
TXN006566,C0505,5996.27,Net Banking,2026-06-06 06:18:10.909090,Success,,71,4,4,0,144303.41
TXN006567,C0239,12612.99,Debit Card,2026-06-06 06:52:27.434743,Failed,Card Declined,397,19,7,12,3381.41
TXN006568,C0195,6852.33,UPI,2026-06-06 07:26:43.960396,Success,,43,12,8,4,36133.41
TXN006569,C0678,23695.3,UPI,2026-06-06 08:01:00.486048,Success,,291,16,5,11,75100.26
TXN006570,C1987,11650.24,UPI,2026-06-06 08:35:17.011701,Success,,240,11,10,1,12320.73
TXN006571,C1246,1564.02,UPI,2026-06-06 09:09:33.537353,Success,,382,16,9,7,51937.39
TXN006572,C0061,18258.73,Wallet,2026-06-06 09:43:50.063006,Success,,831,0,0,0,74836.63
TXN006573,C1153,8288.25,Debit Card,2026-06-06 10:18:06.588658,Success,,420,7,2,5,67316.52
TXN006574,C0990,16371.87,UPI,2026-06-06 10:52:23.114311,Failed,Insufficient Balance,688,15,7,8,69357.49
TXN006575,C0685,7061.9,Wallet,2026-06-06 11:26:39.639963,Success,,222,14,12,2,131913.95
TXN006576,C0156,14311.52,Debit Card,2026-06-06 12:00:56.165616,Success,,286,18,4,14,76040.99
TXN006577,C1941,19326.6,UPI,2026-06-06 12:35:12.691269,Success,,575,24,1,23,141186.5
TXN006578,C1402,23207.42,UPI,2026-06-06 13:09:29.216921,Success,,705,30,15,15,22585.89
TXN006579,C1646,6602.07,UPI,2026-06-06 13:43:45.742574,Success,,230,9,0,9,42398.29
TXN006580,C1805,8437.94,Wallet,2026-06-06 14:18:02.268226,Success,,619,1,0,1,98649.11
TXN006581,C0923,11660.23,Credit Card,2026-06-06 14:52:18.793879,Success,,584,24,23,1,42826.83
TXN006582,C0868,23186.65,Net Banking,2026-06-06 15:26:35.319531,Failed,Bank Timeout,563,26,1,25,52417.77
TXN006583,C0903,22544.53,UPI,2026-06-06 16:00:51.845184,Success,,770,24,2,22,135203.72
TXN006584,C1814,2337.97,Net Banking,2026-06-06 16:35:08.370837,Failed,Card Declined,119,30,8,22,81014.6
TXN006585,C1610,3385.05,UPI,2026-06-06 17:09:24.896489,Success,,675,3,0,3,50531.78
TXN006586,C0999,12438.18,Wallet,2026-06-06 17:43:41.422142,Success,,206,3,3,0,116618.41
TXN006587,C1461,2754.82,Net Banking,2026-06-06 18:17:57.947794,Success,,669,19,11,8,11064.38
TXN006588,C0975,8704.96,UPI,2026-06-06 18:52:14.473447,Success,,893,11,1,10,84767.56
TXN006589,C1231,3794.8,Debit Card,2026-06-06 19:26:30.999099,Success,,731,16,1,15,15400.62
TXN006590,C0388,15937.4,Debit Card,2026-06-06 20:00:47.524752,Abandoned,Checkout Abandoned,393,20,18,2,26939.19
TXN006591,C1504,23742.44,Net Banking,2026-06-06 20:35:04.050405,Success,,462,28,19,9,9835.6
TXN006592,C1815,24918.67,UPI,2026-06-06 21:09:20.576057,Success,,461,21,16,5,135301.61
TXN006593,C0887,9443.5,Credit Card,2026-06-06 21:43:37.101710,Success,,764,3,3,0,7706.57
TXN006594,C0838,15015.41,Net Banking,2026-06-06 22:17:53.627362,Success,,116,7,1,6,77704.26
TXN006595,C1364,21421.06,Debit Card,2026-06-06 22:52:10.153015,Success,,14,15,0,15,34134.12
TXN006596,C1893,3024.81,UPI,2026-06-06 23:26:26.678667,Failed,Card Declined,153,30,12,18,57846.5
TXN006597,C0340,17270.15,Net Banking,2026-06-07 00:00:43.204320,Success,,146,14,11,3,74301.6
TXN006598,C0204,10280.21,UPI,2026-06-07 00:34:59.729972,Failed,Network Error,802,29,10,19,67783.99
TXN006599,C0161,5233.04,Debit Card,2026-06-07 01:09:16.255625,Success,,450,13,9,4,112339.03
TXN006600,C1564,10128.57,UPI,2026-06-07 01:43:32.781278,Success,,175,18,10,8,136826.56
TXN006601,C0392,1991.41,UPI,2026-06-07 02:17:49.306930,Success,,657,10,7,3,45390.7
TXN006602,C0769,17415.64,Credit Card,2026-06-07 02:52:05.832583,Success,,649,24,7,17,4168.8
TXN006603,C1701,6393.29,UPI,2026-06-07 03:26:22.358235,Success,,74,12,1,11,134144.84
TXN006604,C0575,7854.0,Credit Card,2026-06-07 04:00:38.883888,Success,,424,22,3,19,146828.22
TXN006605,C0534,3114.92,Credit Card,2026-06-07 04:34:55.409540,Success,,810,7,1,6,65286.0
TXN006606,C1094,21630.01,UPI,2026-06-07 05:09:11.935193,Failed,Insufficient Balance,448,22,14,8,68640.44
TXN006607,C0893,12386.76,UPI,2026-06-07 05:43:28.460846,Success,,389,8,7,1,22051.34
TXN006608,C0405,14346.46,Debit Card,2026-06-07 06:17:44.986498,Failed,Insufficient Balance,137,1,0,1,71590.76
TXN006609,C0608,14278.87,UPI,2026-06-07 06:52:01.512151,Success,,206,30,22,8,45850.71
TXN006610,C1699,10321.28,Credit Card,2026-06-07 07:26:18.037803,Failed,Insufficient Balance,603,30,25,5,149159.82
TXN006611,C1615,4893.99,Credit Card,2026-06-07 08:00:34.563456,Success,,813,19,14,5,28134.77
TXN006612,C1541,18653.81,Net Banking,2026-06-07 08:34:51.089108,Success,,505,1,0,1,57098.72
TXN006613,C0828,3263.7,Debit Card,2026-06-07 09:09:07.614761,Abandoned,Checkout Abandoned,605,7,2,5,92667.05
TXN006614,C1144,2686.46,UPI,2026-06-07 09:43:24.140414,Success,,511,17,16,1,52095.97
TXN006615,C1838,17782.61,Net Banking,2026-06-07 10:17:40.666066,Success,,161,23,9,14,71426.32
TXN006616,C0690,5300.04,Wallet,2026-06-07 10:51:57.191719,Success,,710,21,10,11,146035.8
TXN006617,C1712,7738.64,Credit Card,2026-06-07 11:26:13.717371,Success,,732,6,5,1,76456.67
TXN006618,C0902,11933.16,Wallet,2026-06-07 12:00:30.243024,Abandoned,Checkout Abandoned,37,10,3,7,136592.91
TXN006619,C1241,11288.85,Credit Card,2026-06-07 12:34:46.768676,Failed,Technical Error,69,30,3,27,6940.89
TXN006620,C0056,17743.62,Credit Card,2026-06-07 13:09:03.294329,Failed,Card Declined,103,28,0,28,18412.84
TXN006621,C0366,15623.45,UPI,2026-06-07 13:43:19.819981,Abandoned,Checkout Abandoned,856,21,11,10,141704.48
TXN006622,C1723,16145.46,Debit Card,2026-06-07 14:17:36.345634,Success,,123,29,6,23,19745.3
TXN006623,C1528,17879.95,UPI,2026-06-07 14:51:52.871287,Success,,850,27,4,23,110614.4
TXN006624,C1768,7386.06,UPI,2026-06-07 15:26:09.396939,Failed,Technical Error,133,24,0,24,67177.54
TXN006625,C1791,8126.1,UPI,2026-06-07 16:00:25.922592,Success,,560,19,7,12,61308.88
TXN006626,C1949,11006.14,UPI,2026-06-07 16:34:42.448244,Success,,266,0,0,0,99053.43
TXN006627,C0455,7755.81,UPI,2026-06-07 17:08:58.973897,Success,,22,24,17,7,109276.32
TXN006628,C0104,24624.95,Credit Card,2026-06-07 17:43:15.499549,Abandoned,Checkout Abandoned,749,15,12,3,139829.41
TXN006629,C0077,20369.89,UPI,2026-06-07 18:17:32.025202,Success,,203,15,0,15,38904.38
TXN006630,C0230,4199.9,Wallet,2026-06-07 18:51:48.550855,Failed,Technical Error,563,28,1,27,104863.02
TXN006631,C1938,239.29,UPI,2026-06-07 19:26:05.076507,Success,,194,9,5,4,51671.73
TXN006632,C1282,1165.3,UPI,2026-06-07 20:00:21.602160,Success,,44,23,20,3,107782.66
TXN006633,C1288,6177.18,UPI,2026-06-07 20:34:38.127812,Failed,Card Declined,558,16,3,13,21746.36
TXN006634,C0331,2945.85,UPI,2026-06-07 21:08:54.653465,Abandoned,Checkout Abandoned,84,28,7,21,68902.61
TXN006635,C1206,13380.12,UPI,2026-06-07 21:43:11.179117,Success,,259,9,4,5,27952.64
TXN006636,C0893,21464.08,Credit Card,2026-06-07 22:17:27.704770,Success,,648,5,3,2,50798.71
TXN006637,C1792,18445.08,Debit Card,2026-06-07 22:51:44.230423,Success,,29,13,12,1,107486.6
TXN006638,C1574,5468.67,UPI,2026-06-07 23:26:00.756075,Failed,Insufficient Balance,737,25,10,15,35385.8
TXN006639,C0688,10042.55,UPI,2026-06-08 00:00:17.281728,Success,,256,27,7,20,102890.14
TXN006640,C0027,12746.57,UPI,2026-06-08 00:34:33.807380,Success,,729,27,27,0,74643.06
TXN006641,C1300,20274.13,Net Banking,2026-06-08 01:08:50.333033,Success,,672,14,0,14,14259.47
TXN006642,C1676,20994.13,Debit Card,2026-06-08 01:43:06.858685,Success,,448,3,0,3,58310.86
TXN006643,C0299,22751.99,UPI,2026-06-08 02:17:23.384338,Success,,834,30,17,13,130446.33
TXN006644,C0957,12780.21,UPI,2026-06-08 02:51:39.909991,Failed,Card Declined,443,30,29,1,148398.99
TXN006645,C0799,17387.44,Wallet,2026-06-08 03:25:56.435643,Abandoned,Checkout Abandoned,175,26,13,13,55653.7
TXN006646,C1115,2883.83,UPI,2026-06-08 04:00:12.961296,Abandoned,Checkout Abandoned,312,1,1,0,8703.77
TXN006647,C0480,14175.7,Credit Card,2026-06-08 04:34:29.486948,Success,,629,18,8,10,19963.07
TXN006648,C0573,6292.43,UPI,2026-06-08 05:08:46.012601,Abandoned,Checkout Abandoned,358,27,9,18,118328.19
TXN006649,C0458,10849.75,Credit Card,2026-06-08 05:43:02.538253,Failed,Network Error,137,12,7,5,98540.17
TXN006650,C1475,15887.86,Wallet,2026-06-08 06:17:19.063906,Success,,679,11,8,3,43109.29
TXN006651,C0365,6498.95,Wallet,2026-06-08 06:51:35.589558,Success,,358,24,19,5,58999.14
TXN006652,C0859,1399.41,Debit Card,2026-06-08 07:25:52.115211,Success,,245,20,1,19,121766.96
TXN006653,C1699,354.82,UPI,2026-06-08 08:00:08.640864,Success,,643,22,2,20,62259.94
TXN006654,C0351,651.77,Credit Card,2026-06-08 08:34:25.166516,Failed,Card Declined,820,30,28,2,113488.1
TXN006655,C1679,307.91,UPI,2026-06-08 09:08:41.692169,Failed,Card Declined,383,12,7,5,44633.25
TXN006656,C1424,2847.84,Wallet,2026-06-08 09:42:58.217821,Success,,242,14,4,10,108859.36
TXN006657,C0253,6063.27,Debit Card,2026-06-08 10:17:14.743474,Success,,603,1,0,1,70226.42
TXN006658,C0781,5608.42,UPI,2026-06-08 10:51:31.269126,Success,,73,7,3,4,82030.47
TXN006659,C1905,24671.24,UPI,2026-06-08 11:25:47.794779,Abandoned,Checkout Abandoned,15,2,2,0,90010.6
TXN006660,C0803,7719.55,Credit Card,2026-06-08 12:00:04.320432,Success,,873,0,0,0,67860.92
TXN006661,C1012,3272.78,Wallet,2026-06-08 12:34:20.846084,Success,,808,28,26,2,70187.28
TXN006662,C0459,13684.51,Credit Card,2026-06-08 13:08:37.371737,Success,,213,23,18,5,40223.44
TXN006663,C1723,21463.14,UPI,2026-06-08 13:42:53.897389,Success,,517,10,9,1,147871.77
TXN006664,C0917,16983.7,UPI,2026-06-08 14:17:10.423042,Success,,608,26,25,1,135919.35
TXN006665,C0499,7472.44,UPI,2026-06-08 14:51:26.948694,Failed,Bank Timeout,166,8,6,2,79343.73
TXN006666,C0950,14084.24,Net Banking,2026-06-08 15:25:43.474347,Success,,396,23,11,12,5677.1
TXN006667,C1995,17899.91,Wallet,2026-06-08 16:00:00.000000,Success,,618,16,7,9,25679.98
TXN006668,C1950,18229.8,Wallet,2026-06-08 16:34:16.525652,Success,,880,27,4,23,128163.31
TXN006669,C0508,16696.81,Debit Card,2026-06-08 17:08:33.051305,Success,,229,6,4,2,139656.4
TXN006670,C1328,21783.18,Credit Card,2026-06-08 17:42:49.576957,Abandoned,Checkout Abandoned,219,22,8,14,24613.17
TXN006671,C0501,21765.63,Credit Card,2026-06-08 18:17:06.102610,Success,,117,3,3,0,110310.54
TXN006672,C0803,14515.52,Credit Card,2026-06-08 18:51:22.628262,Success,,518,28,1,27,93641.98
TXN006673,C0598,10803.42,Debit Card,2026-06-08 19:25:39.153915,Abandoned,Checkout Abandoned,735,28,4,24,45856.05
TXN006674,C0166,16075.1,UPI,2026-06-08 19:59:55.679567,Success,,157,12,1,11,65695.66
TXN006675,C1439,20473.48,Debit Card,2026-06-08 20:34:12.205220,Success,,729,27,25,2,101751.78
TXN006676,C0462,240.74,UPI,2026-06-08 21:08:28.730873,Success,,67,23,17,6,15643.74
TXN006677,C0920,24800.73,UPI,2026-06-08 21:42:45.256525,Success,,253,4,1,3,28761.88
TXN006678,C0114,4654.05,Net Banking,2026-06-08 22:17:01.782178,Success,,66,28,10,18,5480.59
TXN006679,C1457,11809.2,Net Banking,2026-06-08 22:51:18.307830,Success,,80,11,9,2,135379.16
TXN006680,C0992,21813.54,Credit Card,2026-06-08 23:25:34.833483,Failed,Network Error,506,19,0,19,86297.48
TXN006681,C1380,5703.51,UPI,2026-06-08 23:59:51.359135,Failed,Bank Timeout,269,28,1,27,78752.4
TXN006682,C1952,11972.2,Wallet,2026-06-09 00:34:07.884788,Success,,563,4,4,0,106082.98
TXN006683,C1719,3401.3,Debit Card,2026-06-09 01:08:24.410441,Success,,367,10,9,1,148258.36
TXN006684,C0207,9937.4,UPI,2026-06-09 01:42:40.936093,Failed,Insufficient Balance,43,1,0,1,26249.47
TXN006685,C1792,4510.67,Credit Card,2026-06-09 02:16:57.461746,Success,,493,3,1,2,20399.35
TXN006686,C1259,9154.33,UPI,2026-06-09 02:51:13.987398,Success,,795,9,2,7,44571.23
TXN006687,C1466,9399.26,Credit Card,2026-06-09 03:25:30.513051,Success,,362,23,20,3,135639.65
TXN006688,C1379,24829.95,Net Banking,2026-06-09 03:59:47.038703,Success,,714,6,0,6,62013.36
TXN006689,C0515,24870.84,UPI,2026-06-09 04:34:03.564356,Success,,889,11,1,10,119127.77
TXN006690,C1232,2958.18,UPI,2026-06-09 05:08:20.090009,Success,,438,7,4,3,30837.76
TXN006691,C0709,18176.62,UPI,2026-06-09 05:42:36.615661,Success,,151,29,5,24,74294.01
TXN006692,C1877,1388.46,UPI,2026-06-09 06:16:53.141314,Failed,Insufficient Balance,788,22,14,8,19556.85
TXN006693,C1149,851.78,UPI,2026-06-09 06:51:09.666966,Success,,642,22,7,15,62228.31
TXN006694,C0138,2722.81,UPI,2026-06-09 07:25:26.192619,Success,,445,26,15,11,39711.15
TXN006695,C0339,24140.59,UPI,2026-06-09 07:59:42.718271,Success,,263,22,18,4,82640.02
TXN006696,C0537,23527.5,UPI,2026-06-09 08:33:59.243924,Failed,Network Error,774,15,13,2,117170.73
TXN006697,C0068,4928.8,UPI,2026-06-09 09:08:15.769576,Success,,785,1,1,0,140786.37
TXN006698,C1597,4125.64,UPI,2026-06-09 09:42:32.295229,Success,,325,2,2,0,42934.5
TXN006699,C1565,6089.32,Credit Card,2026-06-09 10:16:48.820882,Failed,Technical Error,307,16,16,0,111598.19
TXN006700,C0383,12937.12,Credit Card,2026-06-09 10:51:05.346534,Success,,665,14,12,2,132896.05
TXN006701,C0019,14285.65,UPI,2026-06-09 11:25:21.872187,Success,,772,17,0,17,19165.36
TXN006702,C0683,5617.68,Credit Card,2026-06-09 11:59:38.397839,Abandoned,Checkout Abandoned,176,9,3,6,88096.87
TXN006703,C1474,18939.91,Wallet,2026-06-09 12:33:54.923492,Success,,622,21,5,16,91971.02
TXN006704,C0074,7807.87,Wallet,2026-06-09 13:08:11.449144,Success,,360,1,0,1,41221.57
TXN006705,C0573,23061.07,UPI,2026-06-09 13:42:27.974797,Success,,51,16,7,9,3865.93
TXN006706,C0939,16452.4,Debit Card,2026-06-09 14:16:44.500450,Failed,Card Declined,411,30,23,7,38877.09
TXN006707,C1689,10965.14,UPI,2026-06-09 14:51:01.026102,Success,,898,15,9,6,87917.82
TXN006708,C1300,19768.81,UPI,2026-06-09 15:25:17.551755,Failed,Bank Timeout,400,23,16,7,29868.19
TXN006709,C1072,20466.07,UPI,2026-06-09 15:59:34.077407,Failed,Network Error,397,24,11,13,43458.1
TXN006710,C0211,7332.99,UPI,2026-06-09 16:33:50.603060,Success,,105,6,3,3,106334.41
TXN006711,C0855,8558.89,Credit Card,2026-06-09 17:08:07.128712,Failed,Bank Timeout,467,18,16,2,60048.18
TXN006712,C1944,23405.28,Debit Card,2026-06-09 17:42:23.654365,Success,,807,15,2,13,10281.1
TXN006713,C0651,4202.05,Debit Card,2026-06-09 18:16:40.180018,Success,,187,0,0,0,60175.3
TXN006714,C1646,1149.55,UPI,2026-06-09 18:50:56.705670,Success,,763,3,1,2,149965.46
TXN006715,C0994,11405.98,UPI,2026-06-09 19:25:13.231323,Success,,748,12,11,1,39527.21
TXN006716,C0695,20050.13,UPI,2026-06-09 19:59:29.756975,Success,,822,9,4,5,40155.85
TXN006717,C0540,19314.54,UPI,2026-06-09 20:33:46.282628,Success,,296,30,12,18,25898.02
TXN006718,C1733,22996.31,Wallet,2026-06-09 21:08:02.808280,Success,,488,10,10,0,41109.79
TXN006719,C1215,13376.7,Debit Card,2026-06-09 21:42:19.333933,Success,,567,18,15,3,86425.62
TXN006720,C1339,2591.61,Wallet,2026-06-09 22:16:35.859585,Failed,Card Declined,447,14,9,5,144708.02
TXN006721,C0901,14758.36,Debit Card,2026-06-09 22:50:52.385238,Success,,567,10,9,1,91350.44
TXN006722,C1587,19482.05,UPI,2026-06-09 23:25:08.910891,Failed,Technical Error,234,2,1,1,61772.22
TXN006723,C1685,2423.87,UPI,2026-06-09 23:59:25.436543,Failed,Bank Timeout,14,1,1,0,58750.23
TXN006724,C0780,4399.17,Credit Card,2026-06-10 00:33:41.962196,Success,,787,10,7,3,4121.77
TXN006725,C1586,406.04,UPI,2026-06-10 01:07:58.487848,Success,,119,9,7,2,880.07
TXN006726,C1924,14881.95,Net Banking,2026-06-10 01:42:15.013501,Success,,252,2,1,1,119680.44
TXN006727,C1782,22179.69,Credit Card,2026-06-10 02:16:31.539153,Failed,Network Error,160,26,19,7,73779.02
TXN006728,C1137,16799.52,UPI,2026-06-10 02:50:48.064806,Success,,528,4,3,1,5464.81
TXN006729,C0170,24552.8,Debit Card,2026-06-10 03:25:04.590459,Success,,323,14,7,7,43261.04
TXN006730,C1492,1669.54,Net Banking,2026-06-10 03:59:21.116111,Success,,824,3,2,1,53823.94
TXN006731,C1702,22584.73,UPI,2026-06-10 04:33:37.641764,Success,,869,16,2,14,117601.69
TXN006732,C1945,20370.3,Debit Card,2026-06-10 05:07:54.167416,Success,,286,0,0,0,65440.81
TXN006733,C1038,7924.61,UPI,2026-06-10 05:42:10.693069,Success,,168,0,0,0,118500.38
TXN006734,C1739,24340.81,Credit Card,2026-06-10 06:16:27.218721,Success,,164,11,7,4,95243.24
TXN006735,C0288,7269.65,UPI,2026-06-10 06:50:43.744374,Abandoned,Checkout Abandoned,403,9,3,6,5453.86
TXN006736,C1931,22243.69,UPI,2026-06-10 07:25:00.270027,Abandoned,Checkout Abandoned,81,8,8,0,145318.96
TXN006737,C0189,22030.64,Credit Card,2026-06-10 07:59:16.795679,Success,,658,8,1,7,27624.24
TXN006738,C0914,18965.67,UPI,2026-06-10 08:33:33.321332,Failed,Card Declined,660,24,9,15,41705.12
TXN006739,C1179,14130.41,Debit Card,2026-06-10 09:07:49.846984,Abandoned,Checkout Abandoned,671,30,12,18,121489.46
TXN006740,C1591,3088.07,Net Banking,2026-06-10 09:42:06.372637,Success,,881,25,13,12,28881.06
TXN006741,C0694,13346.1,UPI,2026-06-10 10:16:22.898289,Success,,867,19,0,19,60462.62
TXN006742,C1746,8984.23,Debit Card,2026-06-10 10:50:39.423942,Abandoned,Checkout Abandoned,571,19,19,0,129816.19
TXN006743,C0888,19826.2,Credit Card,2026-06-10 11:24:55.949594,Success,,110,29,14,15,95772.21
TXN006744,C0471,18977.42,UPI,2026-06-10 11:59:12.475247,Abandoned,Checkout Abandoned,177,13,8,5,45661.05
TXN006745,C1099,22774.25,Debit Card,2026-06-10 12:33:29.000900,Success,,587,25,11,14,96785.43
TXN006746,C0277,469.27,Credit Card,2026-06-10 13:07:45.526552,Success,,763,22,15,7,121987.36
TXN006747,C0940,20246.67,Credit Card,2026-06-10 13:42:02.052205,Success,,668,28,6,22,60881.45
TXN006748,C1669,23467.71,Wallet,2026-06-10 14:16:18.577857,Success,,251,18,13,5,85965.37
TXN006749,C1367,19753.58,Credit Card,2026-06-10 14:50:35.103510,Success,,125,9,8,1,148195.19
TXN006750,C1449,3341.84,Wallet,2026-06-10 15:24:51.629162,Success,,281,2,0,2,144702.15
TXN006751,C0571,2123.85,Credit Card,2026-06-10 15:59:08.154815,Success,,653,19,9,10,76601.08
TXN006752,C1535,619.05,UPI,2026-06-10 16:33:24.680468,Success,,314,26,8,18,14873.12
TXN006753,C0857,15755.76,Credit Card,2026-06-10 17:07:41.206120,Success,,47,21,15,6,105251.97
TXN006754,C1001,15778.85,UPI,2026-06-10 17:41:57.731773,Failed,Card Declined,656,16,7,9,40658.81
TXN006755,C1206,24674.15,Credit Card,2026-06-10 18:16:14.257425,Success,,704,26,1,25,100586.5
TXN006756,C0458,10011.28,Debit Card,2026-06-10 18:50:30.783078,Failed,Technical Error,535,29,24,5,53087.46
TXN006757,C0918,8364.47,Credit Card,2026-06-10 19:24:47.308730,Failed,Network Error,725,2,1,1,107954.39
TXN006758,C1875,15648.18,UPI,2026-06-10 19:59:03.834383,Success,,94,11,7,4,55414.72
TXN006759,C0833,20657.66,Credit Card,2026-06-10 20:33:20.360036,Success,,253,14,1,13,141208.69
TXN006760,C1088,23425.67,UPI,2026-06-10 21:07:36.885688,Abandoned,Checkout Abandoned,811,30,26,4,20932.59
TXN006761,C0839,20097.79,Debit Card,2026-06-10 21:41:53.411341,Failed,Card Declined,158,4,3,1,10726.52
TXN006762,C1284,10724.18,Debit Card,2026-06-10 22:16:09.936993,Success,,648,26,23,3,117289.27
TXN006763,C0193,15909.36,Wallet,2026-06-10 22:50:26.462646,Success,,328,14,2,12,60498.23
TXN006764,C1679,21421.85,UPI,2026-06-10 23:24:42.988298,Success,,307,19,1,18,70103.55
TXN006765,C0616,12316.18,Credit Card,2026-06-10 23:58:59.513951,Success,,80,23,5,18,140105.68
TXN006766,C1996,5495.5,Credit Card,2026-06-11 00:33:16.039603,Success,,606,15,5,10,88693.15
TXN006767,C0406,4326.11,Wallet,2026-06-11 01:07:32.565256,Success,,659,8,0,8,99195.51
TXN006768,C1750,103.93,Credit Card,2026-06-11 01:41:49.090909,Abandoned,Checkout Abandoned,286,7,7,0,3410.16
TXN006769,C1778,17984.13,UPI,2026-06-11 02:16:05.616561,Failed,Bank Timeout,122,10,6,4,100741.9
TXN006770,C0943,2866.32,UPI,2026-06-11 02:50:22.142214,Success,,584,26,12,14,58558.76
TXN006771,C0721,6171.59,Debit Card,2026-06-11 03:24:38.667866,Success,,98,8,0,8,69302.06
TXN006772,C0093,7517.12,Debit Card,2026-06-11 03:58:55.193519,Success,,86,15,3,12,121303.49
TXN006773,C0430,14053.46,Net Banking,2026-06-11 04:33:11.719171,Success,,128,13,12,1,78807.14
TXN006774,C0654,10009.14,UPI,2026-06-11 05:07:28.244824,Success,,827,14,5,9,148037.19
TXN006775,C1458,16899.38,Wallet,2026-06-11 05:41:44.770477,Success,,292,29,23,6,119623.26
TXN006776,C1428,1485.4,UPI,2026-06-11 06:16:01.296129,Success,,238,13,10,3,109424.44
TXN006777,C0434,3186.09,Wallet,2026-06-11 06:50:17.821782,Success,,145,23,7,16,88508.66
TXN006778,C1136,12530.37,Net Banking,2026-06-11 07:24:34.347434,Abandoned,Checkout Abandoned,423,9,9,0,62153.31
TXN006779,C1953,8490.42,Debit Card,2026-06-11 07:58:50.873087,Abandoned,Checkout Abandoned,132,12,6,6,8404.41
TXN006780,C0375,7465.75,Debit Card,2026-06-11 08:33:07.398739,Success,,720,0,0,0,3265.14
TXN006781,C1083,1769.0,UPI,2026-06-11 09:07:23.924392,Success,,39,22,10,12,7490.44
TXN006782,C1067,22403.41,UPI,2026-06-11 09:41:40.450045,Success,,27,29,20,9,143846.04
TXN006783,C0207,17326.28,UPI,2026-06-11 10:15:56.975697,Success,,32,8,5,3,48820.21
TXN006784,C0780,3128.29,UPI,2026-06-11 10:50:13.501350,Abandoned,Checkout Abandoned,47,16,7,9,105241.12
TXN006785,C1320,1719.64,Credit Card,2026-06-11 11:24:30.027002,Success,,758,25,18,7,89350.03
TXN006786,C1142,24374.33,UPI,2026-06-11 11:58:46.552655,Success,,257,16,5,11,85964.32
TXN006787,C0532,17061.2,Net Banking,2026-06-11 12:33:03.078307,Success,,370,9,3,6,87096.61
TXN006788,C1246,10494.66,UPI,2026-06-11 13:07:19.603960,Abandoned,Checkout Abandoned,551,12,12,0,45693.23
TXN006789,C0166,17573.1,Debit Card,2026-06-11 13:41:36.129612,Success,,128,17,3,14,133036.62
TXN006790,C0643,18932.66,Debit Card,2026-06-11 14:15:52.655265,Success,,807,12,5,7,137921.33
TXN006791,C1180,19521.06,UPI,2026-06-11 14:50:09.180918,Abandoned,Checkout Abandoned,469,20,14,6,96856.6
TXN006792,C1208,11999.14,UPI,2026-06-11 15:24:25.706570,Success,,83,28,26,2,129660.41
TXN006793,C0090,10804.08,UPI,2026-06-11 15:58:42.232223,Success,,592,27,16,11,9467.16
TXN006794,C1118,374.6,Debit Card,2026-06-11 16:32:58.757875,Success,,282,23,17,6,15508.49
TXN006795,C0013,23171.27,Credit Card,2026-06-11 17:07:15.283528,Failed,Insufficient Balance,489,12,12,0,84080.4
TXN006796,C0973,15122.37,UPI,2026-06-11 17:41:31.809180,Failed,Network Error,334,23,19,4,127052.8
TXN006797,C1858,5158.53,Net Banking,2026-06-11 18:15:48.334833,Success,,371,9,9,0,47656.7
TXN006798,C0805,22998.13,UPI,2026-06-11 18:50:04.860486,Success,,734,19,8,11,82434.36
TXN006799,C0945,22881.8,Debit Card,2026-06-11 19:24:21.386138,Success,,856,6,1,5,1989.1
TXN006800,C0742,24730.69,UPI,2026-06-11 19:58:37.911791,Success,,150,6,2,4,148001.19
TXN006801,C1858,21864.01,Debit Card,2026-06-11 20:32:54.437443,Success,,759,8,6,2,115163.64
TXN006802,C1828,24944.83,Wallet,2026-06-11 21:07:10.963096,Success,,16,15,13,2,54532.16
TXN006803,C1462,6192.69,Debit Card,2026-06-11 21:41:27.488748,Success,,737,14,11,3,147460.42
TXN006804,C1562,21072.01,UPI,2026-06-11 22:15:44.014401,Abandoned,Checkout Abandoned,510,24,21,3,14317.98
TXN006805,C1611,20593.4,UPI,2026-06-11 22:50:00.540054,Success,,77,2,1,1,69894.28
TXN006806,C1992,5850.41,Net Banking,2026-06-11 23:24:17.065706,Success,,837,12,6,6,9298.27
TXN006807,C0876,2551.09,Credit Card,2026-06-11 23:58:33.591359,Success,,626,30,5,25,50577.27
TXN006808,C1960,24487.57,UPI,2026-06-12 00:32:50.117011,Success,,476,10,2,8,33294.94
TXN006809,C1835,7471.01,Debit Card,2026-06-12 01:07:06.642664,Success,,439,7,6,1,47824.35
TXN006810,C1174,21785.21,UPI,2026-06-12 01:41:23.168316,Success,,556,20,5,15,142137.69
TXN006811,C0660,202.77,UPI,2026-06-12 02:15:39.693969,Failed,Bank Timeout,38,30,27,3,64364.46
TXN006812,C1032,623.52,Net Banking,2026-06-12 02:49:56.219621,Abandoned,Checkout Abandoned,365,20,6,14,49066.69
TXN006813,C1053,11700.2,Credit Card,2026-06-12 03:24:12.745274,Success,,640,23,5,18,96295.47
TXN006814,C0296,6044.0,UPI,2026-06-12 03:58:29.270927,Success,,43,30,26,4,102663.69
TXN006815,C0986,17277.05,Debit Card,2026-06-12 04:32:45.796579,Success,,269,5,1,4,147573.45
TXN006816,C0926,14182.55,Net Banking,2026-06-12 05:07:02.322232,Failed,Technical Error,843,9,5,4,82135.64
TXN006817,C1745,2029.4,UPI,2026-06-12 05:41:18.847884,Success,,871,25,1,24,113008.26
TXN006818,C0640,4149.44,Debit Card,2026-06-12 06:15:35.373537,Success,,322,16,0,16,57633.67
TXN006819,C0340,9762.43,Debit Card,2026-06-12 06:49:51.899189,Abandoned,Checkout Abandoned,870,19,14,5,26069.38
TXN006820,C0628,4721.54,UPI,2026-06-12 07:24:08.424842,Failed,Technical Error,653,8,4,4,64760.4
TXN006821,C0439,19826.34,Credit Card,2026-06-12 07:58:24.950495,Failed,Card Declined,350,20,3,17,63106.99
TXN006822,C1168,10460.15,UPI,2026-06-12 08:32:41.476147,Failed,Technical Error,722,13,8,5,63381.72
TXN006823,C0942,2426.45,Debit Card,2026-06-12 09:06:58.001800,Success,,459,19,14,5,104465.4
TXN006824,C0830,12160.14,Net Banking,2026-06-12 09:41:14.527452,Failed,Insufficient Balance,413,26,8,18,61188.38
TXN006825,C1771,2361.87,UPI,2026-06-12 10:15:31.053105,Success,,634,12,8,4,143147.33
TXN006826,C0519,3310.54,Net Banking,2026-06-12 10:49:47.578757,Abandoned,Checkout Abandoned,618,25,18,7,147421.08
TXN006827,C0976,6066.28,Debit Card,2026-06-12 11:24:04.104410,Success,,832,0,0,0,78742.53
TXN006828,C1069,21502.24,UPI,2026-06-12 11:58:20.630063,Success,,15,24,13,11,83987.38
TXN006829,C0955,23122.85,Debit Card,2026-06-12 12:32:37.155715,Success,,550,23,11,12,61440.14
TXN006830,C1263,20673.82,UPI,2026-06-12 13:06:53.681368,Success,,345,18,11,7,53661.24
TXN006831,C0952,8418.52,Wallet,2026-06-12 13:41:10.207020,Success,,877,8,2,6,147806.32
TXN006832,C0944,6883.92,Credit Card,2026-06-12 14:15:26.732673,Success,,686,16,10,6,6578.2
TXN006833,C0155,13773.98,Credit Card,2026-06-12 14:49:43.258325,Success,,402,14,9,5,61807.89
TXN006834,C1205,18074.14,Debit Card,2026-06-12 15:23:59.783978,Success,,558,19,4,15,23125.39
TXN006835,C1239,24834.98,Credit Card,2026-06-12 15:58:16.309630,Success,,491,4,2,2,109078.9
TXN006836,C0088,3376.11,Net Banking,2026-06-12 16:32:32.835283,Success,,432,3,1,2,29569.63
TXN006837,C1280,1327.37,Credit Card,2026-06-12 17:06:49.360936,Success,,584,3,3,0,132754.54
TXN006838,C1535,17389.46,Net Banking,2026-06-12 17:41:05.886588,Failed,Bank Timeout,248,24,11,13,56484.46
TXN006839,C1097,20822.42,Credit Card,2026-06-12 18:15:22.412241,Success,,259,14,1,13,137613.74
TXN006840,C0931,21174.08,UPI,2026-06-12 18:49:38.937893,Success,,706,4,4,0,147991.1
TXN006841,C0179,16993.74,Net Banking,2026-06-12 19:23:55.463546,Success,,256,16,8,8,115790.13
TXN006842,C0212,23854.99,Debit Card,2026-06-12 19:58:11.989198,Failed,Network Error,561,29,17,12,93662.13
TXN006843,C1829,12824.02,Debit Card,2026-06-12 20:32:28.514851,Success,,73,6,3,3,22910.3
TXN006844,C1258,22853.99,Wallet,2026-06-12 21:06:45.040504,Success,,744,5,2,3,139992.52
TXN006845,C0465,24198.52,UPI,2026-06-12 21:41:01.566156,Failed,Card Declined,131,14,10,4,116641.57
TXN006846,C1775,21194.22,UPI,2026-06-12 22:15:18.091809,Failed,Network Error,652,24,17,7,43562.84
TXN006847,C1247,7812.99,UPI,2026-06-12 22:49:34.617461,Failed,Bank Timeout,820,19,2,17,70541.04
TXN006848,C0631,4985.77,Credit Card,2026-06-12 23:23:51.143114,Success,,134,13,3,10,10615.92
TXN006849,C0825,13748.19,Net Banking,2026-06-12 23:58:07.668766,Failed,Insufficient Balance,546,9,8,1,99020.55
TXN006850,C1288,11380.07,Wallet,2026-06-13 00:32:24.194419,Success,,832,5,4,1,19227.07
TXN006851,C1231,21956.18,Credit Card,2026-06-13 01:06:40.720072,Failed,Bank Timeout,371,9,9,0,97903.93
TXN006852,C0607,2590.79,Debit Card,2026-06-13 01:40:57.245724,Failed,Bank Timeout,45,22,20,2,100897.27
TXN006853,C0885,6517.73,Net Banking,2026-06-13 02:15:13.771377,Failed,Card Declined,117,19,8,11,49032.04
TXN006854,C1758,18819.79,Debit Card,2026-06-13 02:49:30.297029,Success,,195,27,15,12,142325.07
TXN006855,C0366,2465.17,UPI,2026-06-13 03:23:46.822682,Failed,Network Error,470,8,4,4,116954.89
TXN006856,C0276,8087.03,Credit Card,2026-06-13 03:58:03.348334,Success,,624,12,9,3,74761.68
TXN006857,C0380,9740.17,Wallet,2026-06-13 04:32:19.873987,Success,,28,13,8,5,137826.09
TXN006858,C1767,15602.59,Wallet,2026-06-13 05:06:36.399639,Success,,708,0,0,0,128448.57
TXN006859,C1333,4037.5,Credit Card,2026-06-13 05:40:52.925292,Success,,755,0,0,0,103986.62
TXN006860,C1655,21529.05,Net Banking,2026-06-13 06:15:09.450945,Success,,103,18,0,18,23368.31
TXN006861,C1292,11243.8,UPI,2026-06-13 06:49:25.976597,Success,,752,8,2,6,74812.55
TXN006862,C0945,22933.84,UPI,2026-06-13 07:23:42.502250,Success,,364,4,4,0,129731.22
TXN006863,C1809,11749.96,Wallet,2026-06-13 07:57:59.027902,Success,,137,16,2,14,91529.29
TXN006864,C1088,6948.5,UPI,2026-06-13 08:32:15.553555,Failed,Bank Timeout,324,15,9,6,82053.96
TXN006865,C0810,3631.54,UPI,2026-06-13 09:06:32.079207,Failed,Bank Timeout,825,11,0,11,143306.02
TXN006866,C1374,193.25,UPI,2026-06-13 09:40:48.604860,Success,,391,4,2,2,2973.94
TXN006867,C0925,13350.72,Credit Card,2026-06-13 10:15:05.130513,Abandoned,Checkout Abandoned,780,5,1,4,2300.93
TXN006868,C1939,2768.2,Credit Card,2026-06-13 10:49:21.656165,Success,,869,19,12,7,133976.67
TXN006869,C0494,9854.02,UPI,2026-06-13 11:23:38.181818,Failed,Insufficient Balance,484,22,1,21,6261.31
TXN006870,C1547,14772.87,Wallet,2026-06-13 11:57:54.707470,Success,,407,10,3,7,50215.29
TXN006871,C1122,6964.58,Net Banking,2026-06-13 12:32:11.233123,Abandoned,Checkout Abandoned,251,18,17,1,138641.81
TXN006872,C1970,4463.08,UPI,2026-06-13 13:06:27.758775,Failed,Technical Error,636,20,13,7,103827.31
TXN006873,C1095,19390.57,UPI,2026-06-13 13:40:44.284428,Success,,161,5,5,0,97399.76
TXN006874,C0364,23675.1,Debit Card,2026-06-13 14:15:00.810081,Success,,428,22,10,12,98721.25
TXN006875,C0570,2600.97,Debit Card,2026-06-13 14:49:17.335733,Success,,637,9,0,9,47987.63
TXN006876,C1826,3974.2,UPI,2026-06-13 15:23:33.861386,Success,,520,14,7,7,79814.77
TXN006877,C0763,24004.32,UPI,2026-06-13 15:57:50.387038,Success,,481,17,2,15,94680.97
TXN006878,C0276,1040.83,UPI,2026-06-13 16:32:06.912691,Success,,271,20,2,18,46204.44
TXN006879,C0050,24443.05,UPI,2026-06-13 17:06:23.438343,Success,,770,28,16,12,119406.91
TXN006880,C1382,215.65,Credit Card,2026-06-13 17:40:39.963996,Success,,711,6,3,3,48601.38
TXN006881,C0728,21854.35,Debit Card,2026-06-13 18:14:56.489648,Failed,Insufficient Balance,488,22,18,4,11180.9
TXN006882,C0906,7752.4,Debit Card,2026-06-13 18:49:13.015301,Failed,Network Error,513,27,7,20,30617.46
TXN006883,C0928,23470.86,Debit Card,2026-06-13 19:23:29.540954,Success,,742,2,0,2,61557.36
TXN006884,C0564,7991.94,UPI,2026-06-13 19:57:46.066606,Success,,265,23,21,2,136254.36
TXN006885,C0783,16392.23,Debit Card,2026-06-13 20:32:02.592259,Success,,301,15,4,11,62656.37
TXN006886,C0485,2092.81,UPI,2026-06-13 21:06:19.117911,Success,,294,12,10,2,13925.67
TXN006887,C1108,6134.01,Credit Card,2026-06-13 21:40:35.643564,Success,,150,16,11,5,29870.29
TXN006888,C1923,19364.62,Debit Card,2026-06-13 22:14:52.169216,Failed,Network Error,664,3,0,3,81897.89
TXN006889,C1829,13264.28,Credit Card,2026-06-13 22:49:08.694869,Abandoned,Checkout Abandoned,298,18,14,4,27059.57
TXN006890,C1662,23206.43,Credit Card,2026-06-13 23:23:25.220522,Success,,772,3,3,0,10061.21
TXN006891,C1832,10775.91,Credit Card,2026-06-13 23:57:41.746174,Success,,866,26,21,5,107366.86
TXN006892,C0584,21758.33,Net Banking,2026-06-14 00:31:58.271827,Success,,153,24,6,18,117759.94
TXN006893,C1320,11278.99,Credit Card,2026-06-14 01:06:14.797479,Abandoned,Checkout Abandoned,94,26,23,3,127669.67
TXN006894,C0236,24483.28,Debit Card,2026-06-14 01:40:31.323132,Abandoned,Checkout Abandoned,701,11,2,9,126668.16
TXN006895,C0056,23999.88,Wallet,2026-06-14 02:14:47.848784,Success,,110,30,9,21,57199.31
TXN006896,C1943,8295.5,Debit Card,2026-06-14 02:49:04.374437,Success,,246,23,15,8,110303.26
TXN006897,C0360,22159.5,Credit Card,2026-06-14 03:23:20.900090,Success,,858,26,0,26,87739.06
TXN006898,C1931,21205.52,UPI,2026-06-14 03:57:37.425742,Success,,427,3,0,3,3992.96
TXN006899,C0110,5345.94,UPI,2026-06-14 04:31:53.951395,Success,,214,28,10,18,60538.92
TXN006900,C0192,15644.83,Credit Card,2026-06-14 05:06:10.477047,Success,,811,23,16,7,8405.4
TXN006901,C0904,1909.79,Debit Card,2026-06-14 05:40:27.002700,Failed,Card Declined,136,16,13,3,12961.73
TXN006902,C1117,20934.1,UPI,2026-06-14 06:14:43.528352,Success,,882,27,17,10,8872.37
TXN006903,C0862,4446.19,Wallet,2026-06-14 06:49:00.054005,Abandoned,Checkout Abandoned,799,23,11,12,144161.51
TXN006904,C0568,1863.29,UPI,2026-06-14 07:23:16.579657,Success,,316,25,15,10,126708.05
TXN006905,C1084,10065.46,Debit Card,2026-06-14 07:57:33.105310,Success,,269,17,7,10,66146.12
TXN006906,C0650,14465.36,UPI,2026-06-14 08:31:49.630963,Success,,774,21,2,19,37575.62
TXN006907,C0039,21387.43,Credit Card,2026-06-14 09:06:06.156615,Success,,186,5,2,3,11331.4
TXN006908,C1564,24358.64,Net Banking,2026-06-14 09:40:22.682268,Failed,Technical Error,760,18,14,4,64963.84
TXN006909,C1073,11043.36,UPI,2026-06-14 10:14:39.207920,Success,,688,28,3,25,90252.76
TXN006910,C1444,1605.13,UPI,2026-06-14 10:48:55.733573,Failed,Network Error,736,4,2,2,119666.95
TXN006911,C0637,18752.98,Credit Card,2026-06-14 11:23:12.259225,Success,,214,1,1,0,8208.37
TXN006912,C1037,14172.81,Credit Card,2026-06-14 11:57:28.784878,Success,,209,10,5,5,62971.57
TXN006913,C0036,11252.49,Debit Card,2026-06-14 12:31:45.310531,Failed,Technical Error,522,23,23,0,146540.19
TXN006914,C0101,7800.8,Wallet,2026-06-14 13:06:01.836183,Abandoned,Checkout Abandoned,178,23,16,7,18547.72
TXN006915,C1818,12609.72,UPI,2026-06-14 13:40:18.361836,Success,,443,12,1,11,60344.76
TXN006916,C1110,8533.12,Credit Card,2026-06-14 14:14:34.887488,Abandoned,Checkout Abandoned,518,4,2,2,41620.77
TXN006917,C1540,18949.6,Debit Card,2026-06-14 14:48:51.413141,Success,,474,22,21,1,20538.88
TXN006918,C1247,13642.95,Wallet,2026-06-14 15:23:07.938793,Success,,794,7,6,1,125922.38
TXN006919,C1362,21933.51,Wallet,2026-06-14 15:57:24.464446,Failed,Insufficient Balance,273,10,7,3,104718.72
TXN006920,C1984,13634.24,Debit Card,2026-06-14 16:31:40.990099,Success,,588,3,3,0,62027.69
TXN006921,C0166,6032.73,Credit Card,2026-06-14 17:05:57.515751,Success,,870,17,7,10,55675.56
TXN006922,C0383,21292.19,UPI,2026-06-14 17:40:14.041404,Success,,127,29,12,17,124248.44
TXN006923,C1880,13974.75,UPI,2026-06-14 18:14:30.567056,Success,,95,14,2,12,14072.18
TXN006924,C1919,5250.34,Credit Card,2026-06-14 18:48:47.092709,Success,,244,4,3,1,22451.58
TXN006925,C1400,15625.34,Debit Card,2026-06-14 19:23:03.618361,Success,,331,22,3,19,136029.23
TXN006926,C1495,9007.15,Credit Card,2026-06-14 19:57:20.144014,Failed,Network Error,267,30,3,27,122672.39
TXN006927,C0790,21125.7,Debit Card,2026-06-14 20:31:36.669666,Success,,26,11,1,10,116344.23
TXN006928,C1666,11387.16,UPI,2026-06-14 21:05:53.195319,Success,,594,3,0,3,93784.4
TXN006929,C0031,18188.39,Debit Card,2026-06-14 21:40:09.720972,Failed,Bank Timeout,682,3,1,2,44221.28
TXN006930,C1399,2478.85,UPI,2026-06-14 22:14:26.246624,Success,,486,19,7,12,140250.6
TXN006931,C0011,9961.01,UPI,2026-06-14 22:48:42.772277,Success,,742,8,8,0,74034.39
TXN006932,C1326,24582.71,UPI,2026-06-14 23:22:59.297929,Abandoned,Checkout Abandoned,703,8,0,8,42452.62
TXN006933,C0096,20230.66,Net Banking,2026-06-14 23:57:15.823582,Failed,Network Error,373,13,0,13,55153.4
TXN006934,C1214,4082.53,UPI,2026-06-15 00:31:32.349234,Success,,258,26,8,18,3017.73
TXN006935,C0453,7016.32,Net Banking,2026-06-15 01:05:48.874887,Success,,463,25,10,15,38646.28
TXN006936,C0192,8312.41,UPI,2026-06-15 01:40:05.400540,Success,,628,23,15,8,28599.44
TXN006937,C0486,16294.1,Credit Card,2026-06-15 02:14:21.926192,Success,,110,26,3,23,20765.72
TXN006938,C1290,18949.17,Net Banking,2026-06-15 02:48:38.451845,Success,,822,7,6,1,5304.93
TXN006939,C1448,18763.21,Credit Card,2026-06-15 03:22:54.977497,Success,,778,22,6,16,34417.88
TXN006940,C1152,12795.86,UPI,2026-06-15 03:57:11.503150,Success,,857,0,0,0,15976.05
TXN006941,C0238,20289.43,UPI,2026-06-15 04:31:28.028802,Success,,828,23,1,22,7248.49
TXN006942,C1944,10983.24,Wallet,2026-06-15 05:05:44.554455,Success,,404,10,9,1,21029.68
TXN006943,C1379,3184.63,UPI,2026-06-15 05:40:01.080108,Failed,Technical Error,799,26,16,10,30759.3
TXN006944,C1964,14154.6,Credit Card,2026-06-15 06:14:17.605760,Success,,683,3,2,1,62686.37
TXN006945,C1136,23812.3,Credit Card,2026-06-15 06:48:34.131413,Success,,342,28,22,6,87762.51
TXN006946,C1852,19845.54,UPI,2026-06-15 07:22:50.657065,Success,,58,16,9,7,48678.75
TXN006947,C1470,14509.65,UPI,2026-06-15 07:57:07.182718,Success,,375,16,3,13,21618.28
TXN006948,C1367,16205.46,Debit Card,2026-06-15 08:31:23.708370,Success,,826,18,12,6,141078.41
TXN006949,C1169,23270.99,Debit Card,2026-06-15 09:05:40.234023,Success,,515,12,0,12,77470.63
TXN006950,C1089,10765.74,UPI,2026-06-15 09:39:56.759675,Success,,691,18,6,12,111411.11
TXN006951,C1271,8351.71,Debit Card,2026-06-15 10:14:13.285328,Failed,Network Error,613,25,8,17,104318.05
TXN006952,C0735,24433.31,Net Banking,2026-06-15 10:48:29.810981,Success,,278,16,0,16,43092.07
TXN006953,C0991,21599.73,Wallet,2026-06-15 11:22:46.336633,Success,,239,23,17,6,84199.36
TXN006954,C1514,8143.79,UPI,2026-06-15 11:57:02.862286,Success,,871,19,17,2,90523.54
TXN006955,C0825,11648.14,UPI,2026-06-15 12:31:19.387938,Success,,771,11,5,6,53092.76
TXN006956,C1463,10435.45,Net Banking,2026-06-15 13:05:35.913591,Success,,237,19,15,4,100779.6
TXN006957,C0106,3812.48,UPI,2026-06-15 13:39:52.439243,Success,,717,13,4,9,118706.14
TXN006958,C0181,23949.7,UPI,2026-06-15 14:14:08.964896,Abandoned,Checkout Abandoned,151,21,13,8,54949.48
TXN006959,C0184,10167.38,Net Banking,2026-06-15 14:48:25.490549,Success,,705,8,5,3,2729.85
TXN006960,C0226,21895.69,UPI,2026-06-15 15:22:42.016201,Success,,224,24,0,24,52725.72
TXN006961,C0777,4814.97,UPI,2026-06-15 15:56:58.541854,Success,,590,11,5,6,17963.93
TXN006962,C0790,13741.98,UPI,2026-06-15 16:31:15.067506,Failed,Card Declined,55,23,5,18,23763.38
TXN006963,C1933,696.64,Net Banking,2026-06-15 17:05:31.593159,Success,,24,30,22,8,55209.45
TXN006964,C1113,19129.09,UPI,2026-06-15 17:39:48.118811,Success,,352,16,11,5,31539.35
TXN006965,C0688,14564.76,Net Banking,2026-06-15 18:14:04.644464,Failed,Bank Timeout,145,15,1,14,140265.9
TXN006966,C0530,15677.18,Credit Card,2026-06-15 18:48:21.170117,Abandoned,Checkout Abandoned,643,11,5,6,98094.04
TXN006967,C1395,1387.85,Credit Card,2026-06-15 19:22:37.695769,Success,,705,9,8,1,77995.44
TXN006968,C0972,5354.85,UPI,2026-06-15 19:56:54.221422,Success,,276,25,15,10,1953.79
TXN006969,C0936,1950.84,UPI,2026-06-15 20:31:10.747074,Success,,720,1,1,0,15990.85
TXN006970,C1937,7293.97,Credit Card,2026-06-15 21:05:27.272727,Success,,694,2,2,0,118377.44
TXN006971,C1423,15723.23,UPI,2026-06-15 21:39:43.798379,Success,,631,26,24,2,58766.69
TXN006972,C0106,14198.03,Net Banking,2026-06-15 22:14:00.324032,Failed,Card Declined,626,4,1,3,7301.23
TXN006973,C1295,15342.53,Credit Card,2026-06-15 22:48:16.849684,Failed,Insufficient Balance,420,15,4,11,123921.08
TXN006974,C1999,13776.36,Credit Card,2026-06-15 23:22:33.375337,Success,,808,20,20,0,45745.58
TXN006975,C0831,6898.42,UPI,2026-06-15 23:56:49.900990,Success,,184,12,12,0,58251.2
TXN006976,C1527,6188.24,Debit Card,2026-06-16 00:31:06.426642,Abandoned,Checkout Abandoned,510,25,18,7,146168.18
TXN006977,C0679,3512.79,UPI,2026-06-16 01:05:22.952295,Abandoned,Checkout Abandoned,881,23,0,23,2819.15
TXN006978,C1549,21241.86,UPI,2026-06-16 01:39:39.477947,Success,,331,17,15,2,108338.0
TXN006979,C0849,15450.34,Net Banking,2026-06-16 02:13:56.003600,Success,,885,1,0,1,142358.18
TXN006980,C1056,4744.12,Credit Card,2026-06-16 02:48:12.529252,Success,,377,23,12,11,10047.01
TXN006981,C0393,4512.51,Credit Card,2026-06-16 03:22:29.054905,Success,,582,0,0,0,129978.52
TXN006982,C0040,21838.59,Credit Card,2026-06-16 03:56:45.580558,Success,,785,8,7,1,62728.13
TXN006983,C0660,18594.0,Debit Card,2026-06-16 04:31:02.106210,Success,,842,17,15,2,131760.48
TXN006984,C1242,16519.04,UPI,2026-06-16 05:05:18.631863,Success,,418,27,27,0,46587.05
TXN006985,C1755,10230.92,UPI,2026-06-16 05:39:35.157515,Success,,794,4,3,1,147408.08
TXN006986,C0981,6623.19,Net Banking,2026-06-16 06:13:51.683168,Success,,679,2,2,0,97233.89
TXN006987,C1106,24488.32,UPI,2026-06-16 06:48:08.208820,Success,,417,4,0,4,94250.01
TXN006988,C0845,19951.27,Debit Card,2026-06-16 07:22:24.734473,Success,,744,11,1,10,120982.56
TXN006989,C1744,7614.3,UPI,2026-06-16 07:56:41.260126,Success,,636,7,4,3,65769.62
TXN006990,C0201,21204.36,UPI,2026-06-16 08:30:57.785778,Success,,775,7,2,5,39171.11
TXN006991,C0447,18997.41,UPI,2026-06-16 09:05:14.311431,Success,,317,21,12,9,39808.06
TXN006992,C1868,7497.31,Credit Card,2026-06-16 09:39:30.837083,Abandoned,Checkout Abandoned,72,24,1,23,49925.26
TXN006993,C1452,10721.17,Debit Card,2026-06-16 10:13:47.362736,Success,,70,6,2,4,92794.22
TXN006994,C1062,4730.24,UPI,2026-06-16 10:48:03.888388,Success,,516,1,1,0,125839.26
TXN006995,C1235,2865.21,UPI,2026-06-16 11:22:20.414041,Success,,265,0,0,0,75186.89
TXN006996,C0444,18096.77,Wallet,2026-06-16 11:56:36.939693,Success,,86,23,13,10,60815.51
TXN006997,C1351,6761.05,UPI,2026-06-16 12:30:53.465346,Success,,896,0,0,0,119180.24
TXN006998,C0761,20519.48,Net Banking,2026-06-16 13:05:09.990999,Success,,99,7,1,6,43805.35
TXN006999,C0227,24890.66,Wallet,2026-06-16 13:39:26.516651,Abandoned,Checkout Abandoned,809,27,17,10,103510.77
TXN007000,C0048,2007.83,Wallet,2026-06-16 14:13:43.042304,Failed,Network Error,374,24,23,1,16317.88
TXN007001,C1042,11878.57,Net Banking,2026-06-16 14:47:59.567956,Success,,812,16,3,13,17429.12
TXN007002,C0912,20071.36,UPI,2026-06-16 15:22:16.093609,Success,,281,22,20,2,96786.29
TXN007003,C1463,19744.88,Wallet,2026-06-16 15:56:32.619261,Success,,658,4,2,2,12871.2
TXN007004,C1831,19023.93,Net Banking,2026-06-16 16:30:49.144914,Success,,284,28,21,7,23680.15
TXN007005,C1732,8789.97,Net Banking,2026-06-16 17:05:05.670567,Failed,Network Error,49,13,9,4,93843.17
TXN007006,C0187,11400.95,UPI,2026-06-16 17:39:22.196219,Success,,183,7,2,5,66011.45
TXN007007,C0345,14914.71,Wallet,2026-06-16 18:13:38.721872,Success,,508,19,7,12,84413.82
TXN007008,C0224,24351.12,Debit Card,2026-06-16 18:47:55.247524,Success,,630,30,3,27,146552.97
TXN007009,C0830,8255.93,Debit Card,2026-06-16 19:22:11.773177,Success,,652,17,2,15,94978.18
TXN007010,C0488,23086.28,UPI,2026-06-16 19:56:28.298829,Failed,Insufficient Balance,675,22,4,18,88832.2
TXN007011,C1933,6806.99,UPI,2026-06-16 20:30:44.824482,Success,,366,28,10,18,57330.64
TXN007012,C0877,24727.95,Wallet,2026-06-16 21:05:01.350135,Success,,593,6,4,2,94816.2
TXN007013,C0849,16789.57,Credit Card,2026-06-16 21:39:17.875787,Success,,335,23,22,1,2443.43
TXN007014,C1253,11641.44,UPI,2026-06-16 22:13:34.401440,Success,,526,13,2,11,83819.38
TXN007015,C1414,15373.42,Net Banking,2026-06-16 22:47:50.927092,Success,,734,24,18,6,10800.16
TXN007016,C0979,6886.03,UPI,2026-06-16 23:22:07.452745,Success,,292,13,0,13,33415.75
TXN007017,C1613,6926.93,UPI,2026-06-16 23:56:23.978397,Success,,181,5,1,4,84686.59
TXN007018,C1017,2927.51,UPI,2026-06-17 00:30:40.504050,Success,,303,2,0,2,100358.61
TXN007019,C0188,2939.85,UPI,2026-06-17 01:04:57.029702,Success,,465,20,2,18,58027.08
TXN007020,C1882,8757.03,UPI,2026-06-17 01:39:13.555355,Success,,223,13,9,4,63137.5
TXN007021,C0270,19095.1,UPI,2026-06-17 02:13:30.081008,Success,,98,13,4,9,74954.35
TXN007022,C1631,15238.48,UPI,2026-06-17 02:47:46.606660,Success,,592,2,0,2,113981.65
TXN007023,C0310,2654.36,Credit Card,2026-06-17 03:22:03.132313,Abandoned,Checkout Abandoned,855,9,3,6,3135.35
TXN007024,C1156,21320.69,Net Banking,2026-06-17 03:56:19.657965,Success,,393,8,3,5,67336.67
TXN007025,C1575,15074.05,Credit Card,2026-06-17 04:30:36.183618,Success,,178,20,6,14,2633.9
TXN007026,C1096,24025.3,UPI,2026-06-17 05:04:52.709270,Failed,Card Declined,835,6,5,1,48211.71
TXN007027,C1817,16787.62,UPI,2026-06-17 05:39:09.234923,Success,,444,25,11,14,78217.37
TXN007028,C0845,4461.85,Net Banking,2026-06-17 06:13:25.760576,Failed,Bank Timeout,719,6,2,4,12447.93
TXN007029,C1696,11897.21,Wallet,2026-06-17 06:47:42.286228,Failed,Card Declined,617,6,5,1,73039.42
TXN007030,C1211,16247.59,UPI,2026-06-17 07:21:58.811881,Success,,328,11,10,1,138723.8
TXN007031,C0486,803.79,UPI,2026-06-17 07:56:15.337533,Abandoned,Checkout Abandoned,28,25,14,11,102958.68
TXN007032,C1215,471.27,Credit Card,2026-06-17 08:30:31.863186,Success,,676,3,3,0,117446.77
TXN007033,C1446,3322.13,Debit Card,2026-06-17 09:04:48.388838,Success,,103,19,13,6,87271.93
TXN007034,C0120,6366.44,Credit Card,2026-06-17 09:39:04.914491,Failed,Technical Error,379,12,6,6,134505.67
TXN007035,C0220,10795.77,Credit Card,2026-06-17 10:13:21.440144,Success,,62,2,2,0,22456.96
TXN007036,C0053,12237.27,Debit Card,2026-06-17 10:47:37.965796,Success,,874,19,13,6,67743.01
TXN007037,C1758,3536.89,Wallet,2026-06-17 11:21:54.491449,Failed,Card Declined,438,8,2,6,89756.47
TXN007038,C1475,16867.45,UPI,2026-06-17 11:56:11.017101,Abandoned,Checkout Abandoned,532,20,2,18,131084.56
TXN007039,C1436,14943.84,Wallet,2026-06-17 12:30:27.542754,Success,,897,29,11,18,46547.53
TXN007040,C1667,7432.16,UPI,2026-06-17 13:04:44.068406,Abandoned,Checkout Abandoned,114,21,12,9,668.63
TXN007041,C1261,440.13,Debit Card,2026-06-17 13:39:00.594059,Success,,531,19,6,13,146174.91
TXN007042,C0758,2033.43,Credit Card,2026-06-17 14:13:17.119711,Success,,742,12,11,1,4383.61
TXN007043,C0738,9853.2,Credit Card,2026-06-17 14:47:33.645364,Success,,351,0,0,0,23278.83
TXN007044,C0720,3933.96,Debit Card,2026-06-17 15:21:50.171017,Success,,29,28,21,7,63595.93
TXN007045,C0406,9482.81,UPI,2026-06-17 15:56:06.696669,Success,,668,22,1,21,74707.29
TXN007046,C0608,15741.75,UPI,2026-06-17 16:30:23.222322,Success,,865,28,0,28,125252.66
TXN007047,C1021,13726.21,Credit Card,2026-06-17 17:04:39.747974,Success,,264,22,5,17,67448.78
TXN007048,C0422,5856.28,Credit Card,2026-06-17 17:38:56.273627,Success,,651,5,0,5,82340.66
TXN007049,C0712,8661.18,UPI,2026-06-17 18:13:12.799279,Abandoned,Checkout Abandoned,433,19,18,1,30399.98
TXN007050,C0247,15389.38,Wallet,2026-06-17 18:47:29.324932,Success,,256,25,24,1,85589.23
TXN007051,C0072,21535.29,UPI,2026-06-17 19:21:45.850585,Success,,155,28,5,23,52583.37
TXN007052,C1854,18855.01,UPI,2026-06-17 19:56:02.376237,Failed,Bank Timeout,91,23,12,11,15260.48
TXN007053,C0185,13879.66,UPI,2026-06-17 20:30:18.901890,Success,,523,27,3,24,141996.2
TXN007054,C0006,9121.1,Credit Card,2026-06-17 21:04:35.427542,Failed,Network Error,824,29,25,4,12711.8
TXN007055,C1230,9189.78,UPI,2026-06-17 21:38:51.953195,Success,,442,7,1,6,101842.9
TXN007056,C1568,21997.49,Credit Card,2026-06-17 22:13:08.478847,Success,,384,16,13,3,136274.88
TXN007057,C1635,1077.17,UPI,2026-06-17 22:47:25.004500,Success,,769,30,29,1,27291.1
TXN007058,C0906,24700.77,UPI,2026-06-17 23:21:41.530153,Success,,56,24,15,9,35949.09
TXN007059,C0387,16642.95,Debit Card,2026-06-17 23:55:58.055805,Success,,509,23,1,22,64292.66
TXN007060,C1792,17060.33,Credit Card,2026-06-18 00:30:14.581458,Success,,516,17,8,9,44529.24
TXN007061,C0699,1046.15,UPI,2026-06-18 01:04:31.107110,Failed,Card Declined,600,24,12,12,113975.45
TXN007062,C1100,15177.68,UPI,2026-06-18 01:38:47.632763,Success,,133,3,0,3,51053.93
TXN007063,C1201,12170.97,Net Banking,2026-06-18 02:13:04.158415,Success,,354,25,13,12,147882.41
TXN007064,C0827,2733.89,UPI,2026-06-18 02:47:20.684068,Failed,Insufficient Balance,438,30,13,17,128888.69
TXN007065,C1823,7020.26,Wallet,2026-06-18 03:21:37.209720,Success,,603,29,4,25,134353.95
TXN007066,C0349,22268.83,Credit Card,2026-06-18 03:55:53.735373,Failed,Bank Timeout,798,11,1,10,10017.81
TXN007067,C1279,13794.71,UPI,2026-06-18 04:30:10.261026,Success,,440,21,4,17,26858.11
TXN007068,C1861,10394.07,Debit Card,2026-06-18 05:04:26.786678,Success,,41,15,5,10,25820.58
TXN007069,C1726,1909.79,Net Banking,2026-06-18 05:38:43.312331,Success,,796,29,1,28,100958.71
TXN007070,C0308,17881.63,UPI,2026-06-18 06:12:59.837983,Success,,155,17,0,17,2280.75
TXN007071,C1369,17600.99,UPI,2026-06-18 06:47:16.363636,Success,,801,9,5,4,121060.72
TXN007072,C1151,15389.69,UPI,2026-06-18 07:21:32.889288,Abandoned,Checkout Abandoned,627,3,0,3,82283.38
TXN007073,C1961,12805.54,Wallet,2026-06-18 07:55:49.414941,Success,,679,1,0,1,85163.8
TXN007074,C0287,10901.23,Debit Card,2026-06-18 08:30:05.940594,Success,,102,27,13,14,80831.8
TXN007075,C0766,14872.45,UPI,2026-06-18 09:04:22.466246,Success,,255,24,8,16,80534.21
TXN007076,C0725,5911.55,UPI,2026-06-18 09:38:38.991899,Success,,350,14,12,2,30083.97
TXN007077,C0762,23537.35,UPI,2026-06-18 10:12:55.517551,Success,,670,8,4,4,42835.37
TXN007078,C1620,14760.98,UPI,2026-06-18 10:47:12.043204,Success,,313,14,14,0,73398.81
TXN007079,C1511,7848.69,UPI,2026-06-18 11:21:28.568856,Success,,459,4,1,3,101837.75
TXN007080,C0383,11297.03,Debit Card,2026-06-18 11:55:45.094509,Success,,138,18,14,4,41157.09
TXN007081,C1430,20161.55,UPI,2026-06-18 12:30:01.620162,Failed,Network Error,543,2,0,2,121017.17
TXN007082,C0388,4124.24,UPI,2026-06-18 13:04:18.145814,Success,,577,16,2,14,121683.68
TXN007083,C0525,7391.61,Credit Card,2026-06-18 13:38:34.671467,Success,,433,12,7,5,41444.97
TXN007084,C1581,17019.75,UPI,2026-06-18 14:12:51.197119,Failed,Bank Timeout,47,23,3,20,84229.67
TXN007085,C0639,7955.68,UPI,2026-06-18 14:47:07.722772,Abandoned,Checkout Abandoned,540,2,2,0,52663.97
TXN007086,C0938,19833.29,UPI,2026-06-18 15:21:24.248424,Success,,715,27,27,0,29007.52
TXN007087,C1650,3348.29,UPI,2026-06-18 15:55:40.774077,Failed,Insufficient Balance,614,3,2,1,120996.99
TXN007088,C1969,19090.89,Net Banking,2026-06-18 16:29:57.299729,Success,,891,17,13,4,148726.44
TXN007089,C0276,1801.96,Debit Card,2026-06-18 17:04:13.825382,Success,,891,23,17,6,85075.02
TXN007090,C0500,413.56,UPI,2026-06-18 17:38:30.351035,Failed,Technical Error,224,2,2,0,137135.03
TXN007091,C0717,22465.77,UPI,2026-06-18 18:12:46.876687,Abandoned,Checkout Abandoned,696,13,4,9,96504.24
TXN007092,C0337,14575.35,UPI,2026-06-18 18:47:03.402340,Success,,835,15,1,14,85075.69
TXN007093,C1974,8860.49,Credit Card,2026-06-18 19:21:19.927992,Success,,265,11,10,1,72281.66
TXN007094,C0932,5891.61,Credit Card,2026-06-18 19:55:36.453645,Success,,515,10,8,2,35739.39
TXN007095,C0481,15460.46,Credit Card,2026-06-18 20:29:52.979297,Success,,775,1,1,0,13096.16
TXN007096,C1921,12774.15,UPI,2026-06-18 21:04:09.504950,Failed,Bank Timeout,441,0,0,0,66629.22
TXN007097,C0911,24790.78,UPI,2026-06-18 21:38:26.030603,Success,,484,12,10,2,84415.83
TXN007098,C1997,24582.08,Debit Card,2026-06-18 22:12:42.556255,Success,,566,29,24,5,76662.72
TXN007099,C1297,15912.11,Net Banking,2026-06-18 22:46:59.081908,Success,,224,25,12,13,104487.81
TXN007100,C1944,11127.48,Wallet,2026-06-18 23:21:15.607560,Failed,Bank Timeout,229,17,3,14,29218.77
TXN007101,C1082,12329.41,UPI,2026-06-18 23:55:32.133213,Success,,513,17,15,2,53453.35
TXN007102,C1352,17093.73,Debit Card,2026-06-19 00:29:48.658865,Success,,37,12,11,1,62627.31
TXN007103,C1755,2629.21,Debit Card,2026-06-19 01:04:05.184518,Abandoned,Checkout Abandoned,325,3,0,3,28385.23
TXN007104,C0109,8275.97,Wallet,2026-06-19 01:38:21.710171,Success,,782,26,15,11,136016.4
TXN007105,C1303,1974.28,UPI,2026-06-19 02:12:38.235823,Failed,Card Declined,217,0,0,0,102385.96
TXN007106,C1710,1926.68,Debit Card,2026-06-19 02:46:54.761476,Success,,802,14,14,0,14233.42
TXN007107,C0328,4976.4,UPI,2026-06-19 03:21:11.287128,Success,,431,16,16,0,107063.31
TXN007108,C1800,12182.81,Credit Card,2026-06-19 03:55:27.812781,Success,,518,5,1,4,82394.25
TXN007109,C0315,19640.88,UPI,2026-06-19 04:29:44.338433,Success,,650,4,0,4,78829.1
TXN007110,C1498,12188.85,Debit Card,2026-06-19 05:04:00.864086,Success,,177,0,0,0,148472.97
TXN007111,C1135,8453.37,Net Banking,2026-06-19 05:38:17.389738,Success,,752,21,11,10,92921.02
TXN007112,C0699,2150.59,UPI,2026-06-19 06:12:33.915391,Success,,872,15,14,1,134560.86
TXN007113,C0781,13802.36,Credit Card,2026-06-19 06:46:50.441044,Success,,176,13,12,1,137075.57
TXN007114,C1959,6854.59,UPI,2026-06-19 07:21:06.966696,Success,,616,23,13,10,15662.09
TXN007115,C1253,15411.86,UPI,2026-06-19 07:55:23.492349,Success,,597,28,11,17,1750.16
TXN007116,C1521,24431.97,UPI,2026-06-19 08:29:40.018001,Success,,256,4,2,2,65572.4
TXN007117,C0156,2871.73,UPI,2026-06-19 09:03:56.543654,Success,,416,2,1,1,115508.1
TXN007118,C1497,5381.92,Net Banking,2026-06-19 09:38:13.069306,Success,,692,2,0,2,123717.3
TXN007119,C1725,11880.05,UPI,2026-06-19 10:12:29.594959,Success,,390,28,15,13,118230.36
TXN007120,C1296,24218.48,Credit Card,2026-06-19 10:46:46.120612,Success,,313,26,17,9,67369.55
TXN007121,C0887,19318.06,Net Banking,2026-06-19 11:21:02.646264,Success,,229,11,8,3,112619.64
TXN007122,C1026,22465.91,Net Banking,2026-06-19 11:55:19.171917,Success,,490,17,2,15,107957.09
TXN007123,C0758,8409.5,Debit Card,2026-06-19 12:29:35.697569,Success,,303,8,5,3,47415.98
TXN007124,C0722,24801.76,UPI,2026-06-19 13:03:52.223222,Failed,Insufficient Balance,867,24,8,16,25723.72
TXN007125,C1535,2660.54,Net Banking,2026-06-19 13:38:08.748874,Success,,801,22,14,8,93402.1
TXN007126,C0913,1419.03,UPI,2026-06-19 14:12:25.274527,Success,,263,16,7,9,101724.42
TXN007127,C1310,21404.51,Wallet,2026-06-19 14:46:41.800180,Success,,142,16,9,7,85411.62
TXN007128,C0871,23188.9,Debit Card,2026-06-19 15:20:58.325832,Abandoned,Checkout Abandoned,757,19,2,17,32370.34
TXN007129,C0013,2355.58,Debit Card,2026-06-19 15:55:14.851485,Success,,453,27,4,23,41862.66
TXN007130,C0608,2924.34,UPI,2026-06-19 16:29:31.377137,Success,,174,17,5,12,106418.7
TXN007131,C0498,926.04,Credit Card,2026-06-19 17:03:47.902790,Abandoned,Checkout Abandoned,280,28,13,15,144412.04
TXN007132,C1757,2702.24,Net Banking,2026-06-19 17:38:04.428442,Success,,715,2,2,0,141752.92
TXN007133,C0238,5314.55,Net Banking,2026-06-19 18:12:20.954095,Success,,797,17,17,0,78188.89
TXN007134,C1118,24254.91,UPI,2026-06-19 18:46:37.479747,Success,,679,14,9,5,133040.64
TXN007135,C1362,16729.72,Wallet,2026-06-19 19:20:54.005400,Success,,565,0,0,0,4902.95
TXN007136,C0781,19485.97,UPI,2026-06-19 19:55:10.531053,Success,,708,2,0,2,129242.24
TXN007137,C1195,19425.87,Credit Card,2026-06-19 20:29:27.056705,Success,,141,6,6,0,71684.55
TXN007138,C0606,13423.34,Debit Card,2026-06-19 21:03:43.582358,Failed,Insufficient Balance,168,9,3,6,117338.34
TXN007139,C0661,19957.48,UPI,2026-06-19 21:38:00.108010,Success,,768,8,2,6,1334.64
TXN007140,C1648,14935.61,UPI,2026-06-19 22:12:16.633663,Failed,Technical Error,306,25,12,13,130349.84
TXN007141,C1591,7932.2,Debit Card,2026-06-19 22:46:33.159315,Failed,Insufficient Balance,516,8,3,5,89449.45
TXN007142,C0849,14071.64,UPI,2026-06-19 23:20:49.684968,Success,,597,7,0,7,36414.44
TXN007143,C0936,13384.36,UPI,2026-06-19 23:55:06.210621,Success,,395,5,0,5,52448.72
TXN007144,C1491,20603.98,Debit Card,2026-06-20 00:29:22.736273,Success,,529,0,0,0,30499.58
TXN007145,C0628,24545.01,Net Banking,2026-06-20 01:03:39.261926,Success,,87,15,11,4,63948.66
TXN007146,C0143,10334.96,Credit Card,2026-06-20 01:37:55.787578,Success,,628,23,5,18,49835.9
TXN007147,C1225,19108.43,UPI,2026-06-20 02:12:12.313231,Success,,49,23,10,13,80408.22
TXN007148,C1204,2584.1,UPI,2026-06-20 02:46:28.838883,Failed,Bank Timeout,626,29,27,2,122310.27
TXN007149,C0714,19443.1,Debit Card,2026-06-20 03:20:45.364536,Success,,674,27,8,19,147350.15
TXN007150,C1388,9348.28,Credit Card,2026-06-20 03:55:01.890189,Success,,327,24,8,16,38092.92
TXN007151,C0479,1080.82,Debit Card,2026-06-20 04:29:18.415841,Failed,Technical Error,579,9,5,4,16422.99
TXN007152,C0565,9144.83,Net Banking,2026-06-20 05:03:34.941494,Success,,336,10,4,6,59652.25
TXN007153,C0471,15305.0,UPI,2026-06-20 05:37:51.467146,Success,,425,11,10,1,21961.36
TXN007154,C0384,3069.33,UPI,2026-06-20 06:12:07.992799,Success,,894,21,18,3,125218.91
TXN007155,C1716,23108.46,Wallet,2026-06-20 06:46:24.518451,Success,,608,2,0,2,75418.17
TXN007156,C0926,2034.04,Credit Card,2026-06-20 07:20:41.044104,Success,,183,5,3,2,93184.38
TXN007157,C0417,23257.17,Credit Card,2026-06-20 07:54:57.569756,Abandoned,Checkout Abandoned,368,7,0,7,23016.58
TXN007158,C1849,17707.72,Wallet,2026-06-20 08:29:14.095409,Success,,675,22,12,10,112566.52
TXN007159,C0308,8309.83,Wallet,2026-06-20 09:03:30.621062,Success,,819,12,11,1,146050.48
TXN007160,C0649,9829.68,Credit Card,2026-06-20 09:37:47.146714,Success,,16,23,0,23,72616.6
TXN007161,C1718,18546.15,UPI,2026-06-20 10:12:03.672367,Success,,577,18,14,4,144387.37
TXN007162,C1391,15076.63,Wallet,2026-06-20 10:46:20.198019,Success,,443,7,5,2,5690.06
TXN007163,C1025,16823.91,Debit Card,2026-06-20 11:20:36.723672,Success,,438,20,4,16,5840.55
TXN007164,C1068,9790.2,UPI,2026-06-20 11:54:53.249324,Success,,589,22,22,0,144021.93
TXN007165,C0739,12246.56,Credit Card,2026-06-20 12:29:09.774977,Success,,309,12,0,12,105189.71
TXN007166,C1867,24747.7,UPI,2026-06-20 13:03:26.300630,Success,,317,3,0,3,28709.11
TXN007167,C1122,5426.68,Net Banking,2026-06-20 13:37:42.826282,Abandoned,Checkout Abandoned,667,2,1,1,54899.28
TXN007168,C1744,10504.62,Credit Card,2026-06-20 14:11:59.351935,Success,,400,21,7,14,76409.08
TXN007169,C1289,7366.4,Net Banking,2026-06-20 14:46:15.877587,Success,,287,24,21,3,105544.34
TXN007170,C1824,19151.28,Net Banking,2026-06-20 15:20:32.403240,Success,,781,19,14,5,126382.97
TXN007171,C1807,19123.91,Net Banking,2026-06-20 15:54:48.928892,Success,,166,27,22,5,12857.13
TXN007172,C0140,7381.89,Debit Card,2026-06-20 16:29:05.454545,Success,,737,24,11,13,98657.83
TXN007173,C1505,2126.62,Net Banking,2026-06-20 17:03:21.980198,Success,,383,2,1,1,71768.36
TXN007174,C1261,384.67,UPI,2026-06-20 17:37:38.505850,Abandoned,Checkout Abandoned,177,21,2,19,89844.53
TXN007175,C0974,10743.52,UPI,2026-06-20 18:11:55.031503,Failed,Insufficient Balance,445,11,11,0,76525.48
TXN007176,C1017,10317.41,Net Banking,2026-06-20 18:46:11.557155,Success,,379,4,4,0,67878.61
TXN007177,C0953,24710.91,Credit Card,2026-06-20 19:20:28.082808,Failed,Technical Error,837,24,3,21,31224.16
TXN007178,C0904,11798.07,UPI,2026-06-20 19:54:44.608460,Success,,178,5,5,0,71114.22
TXN007179,C0072,6484.82,UPI,2026-06-20 20:29:01.134113,Success,,594,17,0,17,28853.44
TXN007180,C1691,22291.61,UPI,2026-06-20 21:03:17.659765,Success,,792,19,19,0,7169.42
TXN007181,C1214,12327.59,Debit Card,2026-06-20 21:37:34.185418,Success,,521,13,0,13,56386.76
TXN007182,C1292,15019.47,Debit Card,2026-06-20 22:11:50.711071,Success,,388,4,0,4,4230.88
TXN007183,C1345,2482.15,UPI,2026-06-20 22:46:07.236723,Success,,86,10,5,5,84600.47
TXN007184,C0107,9634.62,Net Banking,2026-06-20 23:20:23.762376,Success,,578,26,17,9,11322.67
TXN007185,C1256,23611.17,UPI,2026-06-20 23:54:40.288028,Success,,871,8,0,8,65914.27
TXN007186,C1066,14778.68,Debit Card,2026-06-21 00:28:56.813681,Success,,108,28,25,3,147031.35
TXN007187,C1726,8678.1,Credit Card,2026-06-21 01:03:13.339333,Abandoned,Checkout Abandoned,172,16,1,15,1977.29
TXN007188,C0883,15679.11,Debit Card,2026-06-21 01:37:29.864986,Success,,867,11,6,5,55344.76
TXN007189,C0139,22769.24,UPI,2026-06-21 02:11:46.390639,Success,,284,24,15,9,101152.8
TXN007190,C0615,6922.37,UPI,2026-06-21 02:46:02.916291,Success,,406,25,13,12,24258.08
TXN007191,C1707,12677.41,Net Banking,2026-06-21 03:20:19.441944,Success,,798,0,0,0,84329.68
TXN007192,C0863,23971.4,UPI,2026-06-21 03:54:35.967596,Abandoned,Checkout Abandoned,353,0,0,0,39099.46
TXN007193,C0273,4392.66,Wallet,2026-06-21 04:28:52.493249,Success,,35,3,3,0,33803.92
TXN007194,C1505,18019.63,Credit Card,2026-06-21 05:03:09.018901,Success,,65,28,22,6,134300.04
TXN007195,C0416,15400.58,UPI,2026-06-21 05:37:25.544554,Success,,552,21,19,2,30890.43
TXN007196,C0506,17023.91,Credit Card,2026-06-21 06:11:42.070207,Failed,Insufficient Balance,39,29,28,1,56794.48
TXN007197,C0733,8845.37,UPI,2026-06-21 06:45:58.595859,Failed,Insufficient Balance,545,17,17,0,25854.83
TXN007198,C1749,7915.6,Credit Card,2026-06-21 07:20:15.121512,Abandoned,Checkout Abandoned,617,16,8,8,42941.22
TXN007199,C1877,17136.82,Wallet,2026-06-21 07:54:31.647164,Success,,167,11,9,2,44319.45
TXN007200,C0424,5467.03,UPI,2026-06-21 08:28:48.172817,Success,,130,19,13,6,49352.57
TXN007201,C1431,10549.4,Debit Card,2026-06-21 09:03:04.698469,Success,,163,23,18,5,96339.51
TXN007202,C1592,4785.55,UPI,2026-06-21 09:37:21.224122,Success,,879,21,16,5,111517.62
TXN007203,C0390,306.79,Debit Card,2026-06-21 10:11:37.749774,Success,,91,11,10,1,76845.12
TXN007204,C0342,24254.43,UPI,2026-06-21 10:45:54.275427,Success,,370,4,3,1,91766.16
TXN007205,C0946,10849.4,Credit Card,2026-06-21 11:20:10.801080,Failed,Card Declined,319,0,0,0,122083.68
TXN007206,C0614,24236.81,Wallet,2026-06-21 11:54:27.326732,Success,,890,18,8,10,149934.32
TXN007207,C1957,3594.06,UPI,2026-06-21 12:28:43.852385,Failed,Insufficient Balance,341,29,23,6,68747.64
TXN007208,C0493,14725.43,Credit Card,2026-06-21 13:03:00.378037,Success,,286,6,2,4,140496.96
TXN007209,C0192,5104.25,Credit Card,2026-06-21 13:37:16.903690,Success,,416,14,10,4,73810.33
TXN007210,C0499,19772.85,Credit Card,2026-06-21 14:11:33.429342,Success,,135,13,6,7,117408.96
TXN007211,C0822,19614.2,Credit Card,2026-06-21 14:45:49.954995,Success,,293,25,14,11,86196.85
TXN007212,C1736,2903.92,Credit Card,2026-06-21 15:20:06.480648,Success,,645,2,0,2,132663.86
TXN007213,C1257,22810.4,UPI,2026-06-21 15:54:23.006300,Failed,Technical Error,602,4,1,3,67581.13
TXN007214,C1969,4946.28,Net Banking,2026-06-21 16:28:39.531953,Success,,856,30,19,11,104524.34
TXN007215,C0227,15363.14,Net Banking,2026-06-21 17:02:56.057605,Failed,Bank Timeout,800,5,4,1,70214.13
TXN007216,C1395,24642.28,UPI,2026-06-21 17:37:12.583258,Failed,Card Declined,452,24,4,20,128625.6
TXN007217,C0139,22071.67,UPI,2026-06-21 18:11:29.108910,Success,,190,10,4,6,149158.12
TXN007218,C0856,23918.44,Debit Card,2026-06-21 18:45:45.634563,Abandoned,Checkout Abandoned,830,18,11,7,36875.59
TXN007219,C0817,8630.71,Wallet,2026-06-21 19:20:02.160216,Failed,Insufficient Balance,171,30,16,14,71413.67
TXN007220,C1173,2728.83,Wallet,2026-06-21 19:54:18.685868,Abandoned,Checkout Abandoned,485,21,14,7,12647.87
TXN007221,C1139,4789.84,Net Banking,2026-06-21 20:28:35.211521,Failed,Insufficient Balance,845,26,24,2,21578.82
TXN007222,C1474,12562.32,UPI,2026-06-21 21:02:51.737173,Failed,Technical Error,370,1,0,1,139407.95
TXN007223,C1087,19851.42,Net Banking,2026-06-21 21:37:08.262826,Success,,533,24,18,6,81770.26
TXN007224,C0104,3838.83,Net Banking,2026-06-21 22:11:24.788478,Success,,139,11,7,4,59569.84
TXN007225,C1875,16527.32,UPI,2026-06-21 22:45:41.314131,Abandoned,Checkout Abandoned,290,24,6,18,100886.64
TXN007226,C0871,8157.08,UPI,2026-06-21 23:19:57.839783,Failed,Card Declined,865,22,20,2,84244.11
TXN007227,C0668,8595.93,Credit Card,2026-06-21 23:54:14.365436,Success,,872,13,11,2,43663.3
TXN007228,C0273,16581.75,Debit Card,2026-06-22 00:28:30.891089,Success,,646,26,16,10,34378.87
TXN007229,C1030,11728.29,UPI,2026-06-22 01:02:47.416741,Success,,461,8,6,2,88740.84
TXN007230,C1171,20319.63,UPI,2026-06-22 01:37:03.942394,Success,,693,19,10,9,28645.69
TXN007231,C0184,3982.37,UPI,2026-06-22 02:11:20.468046,Success,,143,15,0,15,21306.23
TXN007232,C1052,19769.71,UPI,2026-06-22 02:45:36.993699,Success,,872,25,16,9,48098.94
TXN007233,C1986,1699.46,UPI,2026-06-22 03:19:53.519351,Failed,Insufficient Balance,560,16,6,10,129270.49
TXN007234,C1574,4931.94,Debit Card,2026-06-22 03:54:10.045004,Success,,699,16,1,15,6004.51
TXN007235,C1143,16438.13,UPI,2026-06-22 04:28:26.570657,Success,,801,1,0,1,125073.3
TXN007236,C0293,21387.65,Net Banking,2026-06-22 05:02:43.096309,Failed,Bank Timeout,482,9,7,2,93335.59
TXN007237,C1395,6391.72,Net Banking,2026-06-22 05:36:59.621962,Failed,Bank Timeout,14,29,14,15,6535.73
TXN007238,C1268,8247.07,Net Banking,2026-06-22 06:11:16.147614,Success,,575,10,6,4,90504.82
TXN007239,C1604,13474.31,Debit Card,2026-06-22 06:45:32.673267,Success,,831,2,0,2,64189.9
TXN007240,C1750,5368.16,UPI,2026-06-22 07:19:49.198919,Success,,787,29,7,22,126248.58
TXN007241,C1242,20297.79,UPI,2026-06-22 07:54:05.724572,Failed,Insufficient Balance,91,1,1,0,136126.21
TXN007242,C0177,19363.55,UPI,2026-06-22 08:28:22.250225,Success,,230,3,1,2,43330.73
TXN007243,C1323,3717.76,Wallet,2026-06-22 09:02:38.775877,Success,,852,7,3,4,117733.42
TXN007244,C1700,11649.36,UPI,2026-06-22 09:36:55.301530,Failed,Bank Timeout,762,18,6,12,46815.52
TXN007245,C0058,19393.21,Credit Card,2026-06-22 10:11:11.827182,Abandoned,Checkout Abandoned,615,19,5,14,44697.5
TXN007246,C1293,8499.51,Debit Card,2026-06-22 10:45:28.352835,Success,,884,17,4,13,29299.43
TXN007247,C0308,15864.36,Wallet,2026-06-22 11:19:44.878487,Success,,78,0,0,0,101934.11
TXN007248,C1594,1350.31,Debit Card,2026-06-22 11:54:01.404140,Success,,527,29,26,3,39621.98
TXN007249,C1312,15256.35,Debit Card,2026-06-22 12:28:17.929792,Success,,727,23,4,19,69996.32
TXN007250,C0977,3901.06,Credit Card,2026-06-22 13:02:34.455445,Success,,537,22,17,5,121913.15
TXN007251,C1129,20781.52,Credit Card,2026-06-22 13:36:50.981098,Success,,581,25,10,15,118890.97
TXN007252,C1252,8950.69,UPI,2026-06-22 14:11:07.506750,Success,,151,1,0,1,128388.67
TXN007253,C1271,7110.69,Net Banking,2026-06-22 14:45:24.032403,Success,,810,7,6,1,24579.14
TXN007254,C0700,21038.14,Credit Card,2026-06-22 15:19:40.558055,Failed,Card Declined,513,28,7,21,88240.47
TXN007255,C1518,1348.59,UPI,2026-06-22 15:53:57.083708,Success,,366,9,3,6,137268.56
TXN007256,C0083,9975.56,Net Banking,2026-06-22 16:28:13.609360,Success,,215,18,10,8,6786.49
TXN007257,C1210,9313.09,Credit Card,2026-06-22 17:02:30.135013,Abandoned,Checkout Abandoned,49,6,2,4,119281.75
TXN007258,C0252,7191.53,Net Banking,2026-06-22 17:36:46.660666,Success,,530,16,1,15,37312.46
TXN007259,C1379,22802.68,Net Banking,2026-06-22 18:11:03.186318,Abandoned,Checkout Abandoned,612,27,9,18,100613.21
TXN007260,C1774,18798.12,Net Banking,2026-06-22 18:45:19.711971,Success,,509,28,6,22,107752.05
TXN007261,C1896,1691.69,UPI,2026-06-22 19:19:36.237623,Success,,716,30,11,19,138874.98
TXN007262,C1720,17895.72,UPI,2026-06-22 19:53:52.763276,Success,,211,29,25,4,76565.51
TXN007263,C0796,13229.75,Net Banking,2026-06-22 20:28:09.288928,Success,,57,2,1,1,127310.55
TXN007264,C0897,22531.61,Net Banking,2026-06-22 21:02:25.814581,Success,,458,24,6,18,7275.04
TXN007265,C1962,7892.35,Credit Card,2026-06-22 21:36:42.340234,Success,,519,14,2,12,63371.15
TXN007266,C0210,14396.63,UPI,2026-06-22 22:10:58.865886,Success,,275,3,2,1,66208.08
TXN007267,C0816,12568.81,UPI,2026-06-22 22:45:15.391539,Success,,254,16,0,16,80972.63
TXN007268,C1832,12290.07,Wallet,2026-06-22 23:19:31.917191,Success,,271,10,10,0,72460.4
TXN007269,C0609,11457.02,UPI,2026-06-22 23:53:48.442844,Success,,327,29,7,22,145210.25
TXN007270,C0447,5220.17,UPI,2026-06-23 00:28:04.968496,Success,,552,5,5,0,12241.67
TXN007271,C0460,18917.18,Debit Card,2026-06-23 01:02:21.494149,Abandoned,Checkout Abandoned,783,16,12,4,40119.99
TXN007272,C0968,11338.27,UPI,2026-06-23 01:36:38.019801,Success,,360,9,9,0,145310.0
TXN007273,C0472,23967.06,Wallet,2026-06-23 02:10:54.545454,Abandoned,Checkout Abandoned,43,0,0,0,67072.73
TXN007274,C1744,6594.13,UPI,2026-06-23 02:45:11.071107,Success,,497,17,16,1,85888.04
TXN007275,C0370,17100.32,UPI,2026-06-23 03:19:27.596759,Success,,766,30,26,4,12613.32
TXN007276,C0900,23523.86,Credit Card,2026-06-23 03:53:44.122412,Success,,358,13,5,8,42965.61
TXN007277,C1958,16620.11,Credit Card,2026-06-23 04:28:00.648064,Failed,Insufficient Balance,844,18,13,5,6427.93
TXN007278,C1516,21794.7,UPI,2026-06-23 05:02:17.173717,Failed,Technical Error,455,28,23,5,21056.97
TXN007279,C0923,20704.28,Credit Card,2026-06-23 05:36:33.699369,Failed,Card Declined,479,17,7,10,95180.57
TXN007280,C0137,9066.93,UPI,2026-06-23 06:10:50.225022,Success,,789,23,6,17,114661.56
TXN007281,C0367,15043.09,Net Banking,2026-06-23 06:45:06.750675,Failed,Bank Timeout,303,21,4,17,130577.69
TXN007282,C0912,3990.91,UPI,2026-06-23 07:19:23.276327,Success,,220,30,5,25,38093.92
TXN007283,C0184,13434.59,Wallet,2026-06-23 07:53:39.801980,Success,,144,0,0,0,50263.14
TXN007284,C1612,5837.51,Credit Card,2026-06-23 08:27:56.327632,Success,,585,21,7,14,85625.06
TXN007285,C1311,18619.05,UPI,2026-06-23 09:02:12.853285,Success,,896,0,0,0,13011.04
TXN007286,C0472,13248.65,UPI,2026-06-23 09:36:29.378937,Failed,Insufficient Balance,897,8,4,4,121104.38
TXN007287,C1399,10339.56,Credit Card,2026-06-23 10:10:45.904590,Success,,388,13,2,11,72752.16
TXN007288,C0654,6793.05,UPI,2026-06-23 10:45:02.430243,Success,,768,2,0,2,144843.38
TXN007289,C0749,24967.59,UPI,2026-06-23 11:19:18.955895,Success,,342,11,8,3,18038.74
TXN007290,C0537,1885.59,UPI,2026-06-23 11:53:35.481548,Abandoned,Checkout Abandoned,397,16,9,7,20426.91
TXN007291,C1535,1184.66,Debit Card,2026-06-23 12:27:52.007200,Success,,286,16,0,16,52612.3
TXN007292,C0802,5509.71,Credit Card,2026-06-23 13:02:08.532853,Success,,599,1,0,1,31410.95
TXN007293,C1603,24279.7,UPI,2026-06-23 13:36:25.058505,Success,,685,28,19,9,104640.23
TXN007294,C1274,24483.03,Credit Card,2026-06-23 14:10:41.584158,Failed,Card Declined,507,5,5,0,142048.16
TXN007295,C0920,16407.7,Debit Card,2026-06-23 14:44:58.109810,Abandoned,Checkout Abandoned,400,0,0,0,13940.72
TXN007296,C0510,22014.66,UPI,2026-06-23 15:19:14.635463,Success,,86,22,12,10,36714.33
TXN007297,C0630,5427.65,Net Banking,2026-06-23 15:53:31.161116,Success,,428,26,6,20,36065.77
TXN007298,C1002,24303.85,Credit Card,2026-06-23 16:27:47.686768,Failed,Bank Timeout,390,11,7,4,76606.42
TXN007299,C1097,3655.34,Wallet,2026-06-23 17:02:04.212421,Abandoned,Checkout Abandoned,698,3,2,1,68077.8
TXN007300,C1306,2618.02,UPI,2026-06-23 17:36:20.738073,Success,,618,22,20,2,109166.5
TXN007301,C0916,2894.07,Wallet,2026-06-23 18:10:37.263726,Success,,386,15,4,11,110028.37
TXN007302,C1984,14370.89,Credit Card,2026-06-23 18:44:53.789378,Failed,Insufficient Balance,148,19,11,8,86126.79
TXN007303,C1384,19546.26,Credit Card,2026-06-23 19:19:10.315031,Success,,252,10,5,5,88857.83
TXN007304,C1034,9230.01,Credit Card,2026-06-23 19:53:26.840684,Success,,880,19,14,5,126426.3
TXN007305,C1235,24449.61,UPI,2026-06-23 20:27:43.366336,Success,,866,29,20,9,59842.0
TXN007306,C1859,10917.06,Wallet,2026-06-23 21:01:59.891989,Success,,503,19,3,16,2345.27
TXN007307,C0152,3846.17,Credit Card,2026-06-23 21:36:16.417641,Success,,368,25,16,9,32348.03
TXN007308,C1029,11702.57,UPI,2026-06-23 22:10:32.943294,Abandoned,Checkout Abandoned,260,27,13,14,5786.64
TXN007309,C1219,17008.03,UPI,2026-06-23 22:44:49.468946,Success,,801,9,6,3,59327.69
TXN007310,C1978,20822.42,UPI,2026-06-23 23:19:05.994599,Failed,Network Error,287,7,6,1,53996.43
TXN007311,C1307,11523.33,Credit Card,2026-06-23 23:53:22.520252,Failed,Technical Error,180,1,0,1,15245.18
TXN007312,C0464,14880.81,Credit Card,2026-06-24 00:27:39.045904,Success,,188,7,5,2,113376.33
TXN007313,C1137,6756.88,Credit Card,2026-06-24 01:01:55.571557,Failed,Bank Timeout,505,25,9,16,83182.58
TXN007314,C0271,16183.32,UPI,2026-06-24 01:36:12.097209,Success,,698,26,17,9,34242.41
TXN007315,C1187,24650.7,Credit Card,2026-06-24 02:10:28.622862,Success,,387,0,0,0,113989.35
TXN007316,C0460,1321.43,Credit Card,2026-06-24 02:44:45.148514,Success,,503,28,1,27,100355.71
TXN007317,C0105,22174.61,UPI,2026-06-24 03:19:01.674167,Success,,385,22,21,1,29143.47
TXN007318,C1717,14100.83,UPI,2026-06-24 03:53:18.199819,Success,,287,6,3,3,147441.81
TXN007319,C1580,6377.26,UPI,2026-06-24 04:27:34.725472,Success,,344,21,12,9,27025.2
TXN007320,C1306,23876.75,Net Banking,2026-06-24 05:01:51.251125,Success,,27,13,8,5,115869.19
TXN007321,C1711,12135.52,Debit Card,2026-06-24 05:36:07.776777,Success,,309,3,0,3,145258.83
TXN007322,C0162,8359.09,Wallet,2026-06-24 06:10:24.302430,Abandoned,Checkout Abandoned,118,20,6,14,108962.58
TXN007323,C0351,4619.29,UPI,2026-06-24 06:44:40.828082,Abandoned,Checkout Abandoned,41,16,10,6,100033.67
TXN007324,C0434,6186.86,Net Banking,2026-06-24 07:18:57.353735,Success,,451,1,1,0,135546.56
TXN007325,C0852,20837.94,Credit Card,2026-06-24 07:53:13.879387,Success,,65,25,9,16,40735.26
TXN007326,C0140,15398.81,Credit Card,2026-06-24 08:27:30.405040,Success,,749,22,21,1,41934.78
TXN007327,C1495,22839.82,UPI,2026-06-24 09:01:46.930693,Success,,83,1,1,0,96353.48
TXN007328,C1156,5876.01,Debit Card,2026-06-24 09:36:03.456345,Failed,Bank Timeout,530,7,5,2,132379.6
TXN007329,C0087,3116.35,Net Banking,2026-06-24 10:10:19.981998,Abandoned,Checkout Abandoned,456,6,3,3,92797.44
TXN007330,C1712,251.58,UPI,2026-06-24 10:44:36.507650,Success,,501,25,4,21,146568.79
TXN007331,C0183,12745.76,UPI,2026-06-24 11:18:53.033303,Success,,610,7,3,4,33823.9
TXN007332,C0368,24957.84,Debit Card,2026-06-24 11:53:09.558955,Success,,898,19,5,14,123969.0
TXN007333,C0129,17404.64,Wallet,2026-06-24 12:27:26.084608,Success,,141,16,8,8,139125.92
TXN007334,C1270,7779.03,Debit Card,2026-06-24 13:01:42.610261,Failed,Network Error,815,22,4,18,64336.86
TXN007335,C1625,21933.78,UPI,2026-06-24 13:35:59.135913,Success,,247,16,4,12,144316.39
TXN007336,C1602,19564.88,UPI,2026-06-24 14:10:15.661566,Failed,Network Error,365,30,18,12,30721.07
TXN007337,C0670,483.84,UPI,2026-06-24 14:44:32.187218,Success,,259,6,4,2,142948.67
TXN007338,C1923,20439.83,Net Banking,2026-06-24 15:18:48.712871,Success,,51,24,22,2,135469.8
TXN007339,C1402,7583.12,Debit Card,2026-06-24 15:53:05.238523,Success,,240,4,4,0,10388.81
TXN007340,C0149,3826.87,Credit Card,2026-06-24 16:27:21.764176,Success,,691,29,13,16,78439.08
TXN007341,C0985,5735.64,UPI,2026-06-24 17:01:38.289828,Failed,Card Declined,895,14,1,13,79561.44
TXN007342,C0852,11767.64,Wallet,2026-06-24 17:35:54.815481,Failed,Technical Error,837,1,0,1,9017.53
TXN007343,C1457,10679.21,Debit Card,2026-06-24 18:10:11.341134,Failed,Technical Error,99,10,4,6,6409.91
TXN007344,C0628,7293.29,Wallet,2026-06-24 18:44:27.866786,Success,,413,29,22,7,1261.97
TXN007345,C1750,4388.24,Credit Card,2026-06-24 19:18:44.392439,Failed,Bank Timeout,200,16,11,5,78914.07
TXN007346,C1493,19079.55,Net Banking,2026-06-24 19:53:00.918091,Success,,390,23,23,0,69840.43
TXN007347,C0446,24753.73,Net Banking,2026-06-24 20:27:17.443744,Success,,888,12,3,9,141098.8
TXN007348,C1505,19467.01,UPI,2026-06-24 21:01:33.969396,Success,,798,3,2,1,51674.79
TXN007349,C0884,7468.83,Wallet,2026-06-24 21:35:50.495049,Success,,136,23,2,21,98905.0
TXN007350,C0294,6195.74,UPI,2026-06-24 22:10:07.020702,Failed,Network Error,654,17,8,9,1630.73
TXN007351,C1789,5519.88,Debit Card,2026-06-24 22:44:23.546354,Success,,386,28,14,14,99699.0
TXN007352,C1167,3503.71,Wallet,2026-06-24 23:18:40.072007,Success,,807,13,7,6,137062.27
TXN007353,C0250,13828.13,UPI,2026-06-24 23:52:56.597659,Success,,584,18,15,3,53537.81
TXN007354,C0878,15174.47,Credit Card,2026-06-25 00:27:13.123312,Success,,249,2,0,2,47451.54
TXN007355,C0948,17667.02,Credit Card,2026-06-25 01:01:29.648964,Success,,452,3,1,2,94091.46
TXN007356,C0975,17037.31,Debit Card,2026-06-25 01:35:46.174617,Success,,47,24,19,5,49618.53
TXN007357,C1326,7379.1,Net Banking,2026-06-25 02:10:02.700270,Failed,Technical Error,685,8,0,8,60661.55
TXN007358,C1049,8324.74,Credit Card,2026-06-25 02:44:19.225922,Success,,559,20,3,17,41330.92
TXN007359,C0789,17069.71,Net Banking,2026-06-25 03:18:35.751575,Failed,Insufficient Balance,288,22,3,19,52060.94
TXN007360,C0984,8801.25,UPI,2026-06-25 03:52:52.277227,Success,,160,13,6,7,102071.89
TXN007361,C0889,5394.32,UPI,2026-06-25 04:27:08.802880,Success,,579,28,5,23,138395.09
TXN007362,C0890,9420.97,UPI,2026-06-25 05:01:25.328532,Success,,697,29,2,27,87675.76
TXN007363,C1925,6874.9,Debit Card,2026-06-25 05:35:41.854185,Success,,764,24,7,17,2000.0
TXN007364,C0070,2298.99,UPI,2026-06-25 06:09:58.379837,Success,,399,16,1,15,39951.94
TXN007365,C0625,20770.46,Debit Card,2026-06-25 06:44:14.905490,Success,,372,28,28,0,142859.66
TXN007366,C0875,21342.47,UPI,2026-06-25 07:18:31.431143,Abandoned,Checkout Abandoned,183,1,0,1,136593.1
TXN007367,C1136,5571.78,Debit Card,2026-06-25 07:52:47.956795,Success,,864,13,11,2,17789.26
TXN007368,C1388,1712.83,UPI,2026-06-25 08:27:04.482448,Abandoned,Checkout Abandoned,152,21,11,10,136308.35
TXN007369,C1327,18496.8,Debit Card,2026-06-25 09:01:21.008100,Success,,266,15,12,3,144697.09
TXN007370,C0471,5367.06,Credit Card,2026-06-25 09:35:37.533753,Failed,Technical Error,109,18,11,7,49023.5
TXN007371,C1988,9896.54,Wallet,2026-06-25 10:09:54.059405,Success,,496,15,14,1,105300.52
TXN007372,C0091,1696.97,Debit Card,2026-06-25 10:44:10.585058,Success,,357,10,1,9,84217.37
TXN007373,C0530,5734.11,Debit Card,2026-06-25 11:18:27.110711,Success,,723,27,8,19,50888.92
TXN007374,C0661,19843.27,Net Banking,2026-06-25 11:52:43.636363,Success,,554,26,20,6,23423.7
TXN007375,C0739,20129.47,Debit Card,2026-06-25 12:27:00.162016,Failed,Bank Timeout,375,13,4,9,55354.57
TXN007376,C0726,5256.41,UPI,2026-06-25 13:01:16.687668,Failed,Technical Error,161,6,5,1,139205.59
TXN007377,C0872,8464.25,Net Banking,2026-06-25 13:35:33.213321,Success,,591,4,2,2,121781.63
TXN007378,C1687,3442.54,Debit Card,2026-06-25 14:09:49.738973,Success,,663,25,16,9,49935.84
TXN007379,C0192,1946.9,UPI,2026-06-25 14:44:06.264626,Success,,255,7,4,3,82377.47
TXN007380,C1987,24805.08,Debit Card,2026-06-25 15:18:22.790279,Success,,105,28,23,5,61191.27
TXN007381,C1576,16424.29,Net Banking,2026-06-25 15:52:39.315931,Success,,348,16,11,5,70202.56
TXN007382,C1266,13598.2,Wallet,2026-06-25 16:26:55.841584,Success,,463,29,13,16,114301.0
TXN007383,C0138,19160.91,Wallet,2026-06-25 17:01:12.367236,Success,,93,24,7,17,81679.43
TXN007384,C0345,21017.92,UPI,2026-06-25 17:35:28.892889,Success,,482,13,8,5,27566.15
TXN007385,C1204,20187.2,UPI,2026-06-25 18:09:45.418541,Success,,134,26,1,25,40720.83
TXN007386,C1009,511.83,UPI,2026-06-25 18:44:01.944194,Success,,349,9,4,5,85385.18
TXN007387,C1736,4751.52,UPI,2026-06-25 19:18:18.469846,Success,,175,21,1,20,104076.52
TXN007388,C0503,16407.14,Net Banking,2026-06-25 19:52:34.995499,Success,,660,11,7,4,76464.0
TXN007389,C0203,9456.41,UPI,2026-06-25 20:26:51.521152,Failed,Card Declined,518,4,3,1,93221.47
TXN007390,C0573,24563.82,Credit Card,2026-06-25 21:01:08.046804,Success,,456,7,2,5,118511.85
TXN007391,C0192,16668.58,Debit Card,2026-06-25 21:35:24.572457,Success,,681,27,19,8,82036.09
TXN007392,C0005,23918.07,Debit Card,2026-06-25 22:09:41.098109,Failed,Network Error,422,11,9,2,146590.12
TXN007393,C1914,5116.02,UPI,2026-06-25 22:43:57.623762,Success,,295,3,3,0,35717.51
TXN007394,C1261,21612.53,UPI,2026-06-25 23:18:14.149414,Success,,422,27,6,21,137993.39
TXN007395,C1717,8101.67,UPI,2026-06-25 23:52:30.675067,Success,,95,12,0,12,37525.14
TXN007396,C0311,24740.16,UPI,2026-06-26 00:26:47.200720,Success,,148,24,22,2,79980.86
TXN007397,C0549,4026.45,Wallet,2026-06-26 01:01:03.726372,Success,,442,20,9,11,68658.06
TXN007398,C0056,12956.86,Net Banking,2026-06-26 01:35:20.252025,Success,,114,16,4,12,56246.05
TXN007399,C0443,19841.83,Credit Card,2026-06-26 02:09:36.777677,Success,,87,23,23,0,144428.83
TXN007400,C1261,10872.8,Net Banking,2026-06-26 02:43:53.303330,Success,,740,24,21,3,41209.08
TXN007401,C0870,11755.29,UPI,2026-06-26 03:18:09.828982,Success,,713,20,7,13,101392.93
TXN007402,C1885,24660.26,Debit Card,2026-06-26 03:52:26.354635,Failed,Bank Timeout,387,28,20,8,120708.25
TXN007403,C1221,10690.17,UPI,2026-06-26 04:26:42.880288,Success,,197,4,1,3,29952.52
TXN007404,C0585,15141.4,Debit Card,2026-06-26 05:00:59.405940,Success,,717,5,0,5,145986.36
TXN007405,C1595,1458.04,Credit Card,2026-06-26 05:35:15.931593,Success,,400,8,5,3,82222.75
TXN007406,C0752,21071.03,UPI,2026-06-26 06:09:32.457245,Success,,871,4,2,2,137216.35
TXN007407,C1538,16239.38,UPI,2026-06-26 06:43:48.982898,Failed,Bank Timeout,595,1,0,1,99750.22
TXN007408,C1473,10160.1,UPI,2026-06-26 07:18:05.508550,Failed,Network Error,270,2,0,2,97589.31
TXN007409,C0360,502.62,Debit Card,2026-06-26 07:52:22.034203,Success,,824,10,3,7,52165.12
TXN007410,C1724,14832.55,UPI,2026-06-26 08:26:38.559855,Failed,Network Error,301,9,1,8,115703.23
TXN007411,C0819,415.18,Debit Card,2026-06-26 09:00:55.085508,Success,,152,2,1,1,4953.05
TXN007412,C0030,129.97,Debit Card,2026-06-26 09:35:11.611161,Success,,816,8,7,1,83595.16
TXN007413,C1803,15440.85,Debit Card,2026-06-26 10:09:28.136813,Success,,47,7,4,3,5304.79
TXN007414,C0108,4806.52,Debit Card,2026-06-26 10:43:44.662466,Success,,45,15,1,14,46377.34
TXN007415,C0844,4878.0,UPI,2026-06-26 11:18:01.188118,Success,,124,28,21,7,14896.22
TXN007416,C1959,16366.46,Credit Card,2026-06-26 11:52:17.713771,Success,,523,28,12,16,136782.86
TXN007417,C1626,1437.06,Wallet,2026-06-26 12:26:34.239423,Success,,24,30,18,12,94424.92
TXN007418,C0717,7903.8,Credit Card,2026-06-26 13:00:50.765076,Abandoned,Checkout Abandoned,605,21,0,21,100442.34
TXN007419,C0891,3820.85,Credit Card,2026-06-26 13:35:07.290729,Success,,320,20,5,15,127743.7
TXN007420,C1992,14546.39,Debit Card,2026-06-26 14:09:23.816381,Success,,775,25,7,18,110088.36
TXN007421,C1983,16577.95,UPI,2026-06-26 14:43:40.342034,Success,,235,1,0,1,19067.24
TXN007422,C0960,18056.28,Debit Card,2026-06-26 15:17:56.867686,Success,,854,24,2,22,92821.98
TXN007423,C1469,6455.26,Net Banking,2026-06-26 15:52:13.393339,Abandoned,Checkout Abandoned,197,9,5,4,146736.52
TXN007424,C0893,2322.32,UPI,2026-06-26 16:26:29.918991,Abandoned,Checkout Abandoned,34,23,18,5,32510.33
TXN007425,C1462,2059.22,Net Banking,2026-06-26 17:00:46.444644,Success,,791,13,6,7,93147.23
TXN007426,C0732,10711.17,UPI,2026-06-26 17:35:02.970297,Success,,498,4,0,4,84760.34
TXN007427,C1914,23651.53,Credit Card,2026-06-26 18:09:19.495949,Success,,249,21,21,0,59051.08
TXN007428,C0606,5521.45,Net Banking,2026-06-26 18:43:36.021602,Success,,767,30,22,8,143217.99
TXN007429,C0457,6492.87,Net Banking,2026-06-26 19:17:52.547254,Success,,402,24,17,7,53781.86
TXN007430,C0615,2612.13,Net Banking,2026-06-26 19:52:09.072907,Success,,186,0,0,0,14505.23
TXN007431,C1759,15178.7,Wallet,2026-06-26 20:26:25.598559,Success,,383,12,9,3,144400.18
TXN007432,C0698,17028.83,UPI,2026-06-26 21:00:42.124212,Success,,684,3,3,0,109518.42
TXN007433,C1720,16108.99,Debit Card,2026-06-26 21:34:58.649864,Success,,735,20,4,16,51696.26
TXN007434,C1519,21542.14,UPI,2026-06-26 22:09:15.175517,Failed,Network Error,270,8,1,7,42436.49
TXN007435,C0674,12212.0,UPI,2026-06-26 22:43:31.701170,Success,,245,15,10,5,139239.99
TXN007436,C1271,3447.98,UPI,2026-06-26 23:17:48.226822,Failed,Bank Timeout,878,27,9,18,41395.72
TXN007437,C0543,7306.19,Debit Card,2026-06-26 23:52:04.752475,Success,,471,20,9,11,80805.07
TXN007438,C1588,16594.51,Credit Card,2026-06-27 00:26:21.278127,Success,,666,20,9,11,32635.78
TXN007439,C0857,15366.74,Net Banking,2026-06-27 01:00:37.803780,Success,,519,27,6,21,149284.58
TXN007440,C1612,13321.98,Debit Card,2026-06-27 01:34:54.329432,Abandoned,Checkout Abandoned,78,27,19,8,115541.53
TXN007441,C0897,17105.81,UPI,2026-06-27 02:09:10.855085,Success,,260,18,13,5,85361.42
TXN007442,C1463,15971.03,Credit Card,2026-06-27 02:43:27.380738,Success,,575,23,7,16,112001.05
TXN007443,C0278,22044.99,UPI,2026-06-27 03:17:43.906390,Success,,696,13,9,4,137497.01
TXN007444,C0552,14691.81,Credit Card,2026-06-27 03:52:00.432043,Success,,744,22,8,14,144487.07
TXN007445,C1637,19487.17,Net Banking,2026-06-27 04:26:16.957695,Success,,698,23,23,0,118009.82
TXN007446,C0111,6292.81,Credit Card,2026-06-27 05:00:33.483348,Abandoned,Checkout Abandoned,339,19,4,15,127435.36
TXN007447,C0385,16986.75,Net Banking,2026-06-27 05:34:50.009000,Abandoned,Checkout Abandoned,505,7,0,7,59970.19
TXN007448,C1857,22564.63,Debit Card,2026-06-27 06:09:06.534653,Failed,Network Error,583,9,4,5,59077.54
TXN007449,C0761,9704.73,Credit Card,2026-06-27 06:43:23.060306,Abandoned,Checkout Abandoned,358,19,7,12,121340.35
TXN007450,C1215,19499.69,Debit Card,2026-06-27 07:17:39.585958,Success,,25,0,0,0,114063.96
TXN007451,C1514,18147.25,UPI,2026-06-27 07:51:56.111611,Success,,218,30,19,11,135196.76
TXN007452,C0694,1582.2,UPI,2026-06-27 08:26:12.637263,Success,,656,19,4,15,20384.95
TXN007453,C1450,14579.56,UPI,2026-06-27 09:00:29.162916,Success,,52,4,2,2,103776.56
TXN007454,C0405,3341.71,UPI,2026-06-27 09:34:45.688568,Abandoned,Checkout Abandoned,693,25,19,6,97323.41
TXN007455,C1359,24186.25,UPI,2026-06-27 10:09:02.214221,Success,,848,14,1,13,119878.72
TXN007456,C1233,20304.05,Wallet,2026-06-27 10:43:18.739873,Failed,Network Error,601,7,3,4,4170.58
TXN007457,C0022,2832.12,Credit Card,2026-06-27 11:17:35.265526,Failed,Bank Timeout,709,30,10,20,124024.74
TXN007458,C0678,3131.62,Debit Card,2026-06-27 11:51:51.791179,Success,,403,27,20,7,49300.78
TXN007459,C0611,14902.4,UPI,2026-06-27 12:26:08.316831,Success,,648,9,5,4,103224.76
TXN007460,C1232,8687.74,UPI,2026-06-27 13:00:24.842484,Success,,389,5,3,2,92675.66
TXN007461,C0008,969.16,UPI,2026-06-27 13:34:41.368136,Success,,316,14,10,4,66309.65
TXN007462,C0702,13586.87,Debit Card,2026-06-27 14:08:57.893789,Success,,16,14,13,1,112031.12
TXN007463,C1711,9757.34,Credit Card,2026-06-27 14:43:14.419441,Success,,31,26,25,1,144202.23
TXN007464,C1809,2616.8,Credit Card,2026-06-27 15:17:30.945094,Success,,545,9,3,6,48859.51
TXN007465,C0529,20067.82,Credit Card,2026-06-27 15:51:47.470747,Failed,Bank Timeout,391,20,15,5,112391.16
TXN007466,C0602,22885.41,Debit Card,2026-06-27 16:26:03.996399,Success,,369,18,5,13,47523.29
TXN007467,C1677,18939.19,UPI,2026-06-27 17:00:20.522052,Success,,307,3,2,1,126925.14
TXN007468,C0657,20578.32,Debit Card,2026-06-27 17:34:37.047704,Failed,Card Declined,772,21,12,9,65872.34
TXN007469,C0166,5490.62,Credit Card,2026-06-27 18:08:53.573357,Success,,159,30,22,8,67665.23
TXN007470,C0849,6662.97,Debit Card,2026-06-27 18:43:10.099009,Success,,172,5,3,2,115896.15
TXN007471,C0496,5292.34,UPI,2026-06-27 19:17:26.624662,Failed,Technical Error,125,14,4,10,74677.37
TXN007472,C0590,19150.08,UPI,2026-06-27 19:51:43.150315,Abandoned,Checkout Abandoned,192,5,2,3,40363.37
TXN007473,C0429,23703.14,UPI,2026-06-27 20:25:59.675967,Abandoned,Checkout Abandoned,767,17,9,8,149332.77
TXN007474,C0774,17949.25,Wallet,2026-06-27 21:00:16.201620,Success,,140,10,4,6,93223.7
TXN007475,C0163,22048.52,Credit Card,2026-06-27 21:34:32.727272,Success,,376,11,3,8,96949.86
TXN007476,C0366,16003.61,Wallet,2026-06-27 22:08:49.252925,Success,,883,29,5,24,97164.0
TXN007477,C1550,9752.73,Credit Card,2026-06-27 22:43:05.778577,Abandoned,Checkout Abandoned,284,7,4,3,132562.18
TXN007478,C1263,10701.46,UPI,2026-06-27 23:17:22.304230,Success,,435,23,23,0,27988.86
TXN007479,C0072,1975.5,Credit Card,2026-06-27 23:51:38.829882,Success,,518,21,1,20,9343.15
TXN007480,C1469,883.28,UPI,2026-06-28 00:25:55.355535,Failed,Insufficient Balance,337,29,5,24,58311.73
TXN007481,C0655,17417.34,Net Banking,2026-06-28 01:00:11.881188,Abandoned,Checkout Abandoned,646,13,1,12,84953.32
TXN007482,C1846,11016.88,Net Banking,2026-06-28 01:34:28.406840,Success,,736,3,3,0,43213.59
TXN007483,C1533,13850.16,Debit Card,2026-06-28 02:08:44.932493,Success,,810,17,3,14,103536.45
TXN007484,C1819,13985.77,Credit Card,2026-06-28 02:43:01.458145,Success,,399,5,4,1,11550.44
TXN007485,C0269,7006.66,Credit Card,2026-06-28 03:17:17.983798,Failed,Bank Timeout,280,5,0,5,118711.07
TXN007486,C1777,11949.72,Wallet,2026-06-28 03:51:34.509450,Success,,78,25,5,20,107853.86
TXN007487,C0415,11821.93,UPI,2026-06-28 04:25:51.035103,Success,,466,18,2,16,32484.75
TXN007488,C1269,9771.84,Debit Card,2026-06-28 05:00:07.560756,Success,,355,1,0,1,45118.91
TXN007489,C1016,20534.82,Credit Card,2026-06-28 05:34:24.086408,Failed,Insufficient Balance,489,3,2,1,121146.81
TXN007490,C0675,11333.98,Wallet,2026-06-28 06:08:40.612061,Success,,265,23,22,1,116114.01
TXN007491,C1084,15130.75,Net Banking,2026-06-28 06:42:57.137713,Success,,808,4,2,2,122158.04
TXN007492,C0006,22398.45,Wallet,2026-06-28 07:17:13.663366,Success,,783,14,9,5,48675.31
TXN007493,C1733,21669.22,Credit Card,2026-06-28 07:51:30.189018,Success,,394,2,0,2,145450.89
TXN007494,C0982,22271.51,UPI,2026-06-28 08:25:46.714671,Abandoned,Checkout Abandoned,156,28,22,6,107443.07
TXN007495,C0570,6823.12,Credit Card,2026-06-28 09:00:03.240324,Success,,536,15,3,12,10247.52
TXN007496,C1841,971.06,Debit Card,2026-06-28 09:34:19.765976,Success,,811,29,1,28,71921.36
TXN007497,C0407,6600.56,Debit Card,2026-06-28 10:08:36.291629,Success,,348,12,4,8,99849.78
TXN007498,C1241,7039.81,UPI,2026-06-28 10:42:52.817281,Success,,186,11,7,4,25713.2
TXN007499,C1954,22743.07,Credit Card,2026-06-28 11:17:09.342934,Failed,Card Declined,91,20,1,19,135314.45
TXN007500,C0026,16266.14,UPI,2026-06-28 11:51:25.868586,Failed,Technical Error,695,8,8,0,113239.25
TXN007501,C1839,2134.43,Net Banking,2026-06-28 12:25:42.394239,Success,,60,10,4,6,12674.05
TXN007502,C1029,3470.93,UPI,2026-06-28 12:59:58.919891,Success,,276,7,5,2,137023.12
TXN007503,C0986,3976.34,Debit Card,2026-06-28 13:34:15.445544,Success,,500,27,6,21,60953.27
TXN007504,C1556,15797.5,UPI,2026-06-28 14:08:31.971197,Abandoned,Checkout Abandoned,525,25,12,13,68144.19
TXN007505,C0390,18411.81,UPI,2026-06-28 14:42:48.496849,Success,,859,6,0,6,117574.67
TXN007506,C0710,21505.13,Wallet,2026-06-28 15:17:05.022502,Failed,Technical Error,501,3,2,1,96777.65
TXN007507,C0571,23521.85,UPI,2026-06-28 15:51:21.548154,Success,,818,1,1,0,65910.54
TXN007508,C1472,5122.44,UPI,2026-06-28 16:25:38.073807,Abandoned,Checkout Abandoned,457,27,4,23,39313.89
TXN007509,C0754,7813.33,UPI,2026-06-28 16:59:54.599459,Abandoned,Checkout Abandoned,266,24,2,22,77775.91
TXN007510,C0146,6084.04,Credit Card,2026-06-28 17:34:11.125112,Success,,18,18,16,2,87087.37
TXN007511,C1412,9033.16,Credit Card,2026-06-28 18:08:27.650765,Failed,Technical Error,330,21,18,3,94824.39
TXN007512,C0785,22875.16,UPI,2026-06-28 18:42:44.176417,Success,,381,29,12,17,90956.96
TXN007513,C1273,14420.3,Debit Card,2026-06-28 19:17:00.702070,Success,,794,28,0,28,92786.87
TXN007514,C0526,18480.98,UPI,2026-06-28 19:51:17.227722,Success,,332,22,4,18,71622.77
TXN007515,C1486,12303.97,Net Banking,2026-06-28 20:25:33.753375,Success,,352,11,6,5,84502.23
TXN007516,C0013,818.56,Net Banking,2026-06-28 20:59:50.279027,Success,,266,2,0,2,43651.41
TXN007517,C0903,1698.47,Wallet,2026-06-28 21:34:06.804680,Success,,899,18,3,15,24177.05
TXN007518,C0384,13494.28,Wallet,2026-06-28 22:08:23.330333,Success,,157,2,1,1,91236.89
TXN007519,C0556,17997.85,UPI,2026-06-28 22:42:39.855985,Success,,201,18,13,5,7526.3
TXN007520,C0887,5461.73,UPI,2026-06-28 23:16:56.381638,Success,,133,18,9,9,10248.44
TXN007521,C1423,18075.55,Debit Card,2026-06-28 23:51:12.907290,Success,,213,6,0,6,37473.74
TXN007522,C0019,20285.58,UPI,2026-06-29 00:25:29.432943,Success,,346,28,22,6,29551.89
TXN007523,C0575,10356.25,UPI,2026-06-29 00:59:45.958595,Success,,94,13,2,11,56429.91
TXN007524,C1515,18685.84,UPI,2026-06-29 01:34:02.484248,Failed,Card Declined,481,20,16,4,56007.68
TXN007525,C0751,10160.35,Credit Card,2026-06-29 02:08:19.009900,Success,,679,3,3,0,17969.89
TXN007526,C1004,16990.93,Credit Card,2026-06-29 02:42:35.535553,Success,,416,5,5,0,37352.2
TXN007527,C0419,19123.53,UPI,2026-06-29 03:16:52.061206,Success,,544,13,10,3,1183.09
TXN007528,C1361,24798.97,UPI,2026-06-29 03:51:08.586858,Success,,129,7,0,7,52969.09
TXN007529,C0419,8700.38,Debit Card,2026-06-29 04:25:25.112511,Success,,65,17,14,3,119567.06
TXN007530,C1939,10334.92,UPI,2026-06-29 04:59:41.638163,Success,,824,27,21,6,40290.92
TXN007531,C1940,4223.94,Wallet,2026-06-29 05:33:58.163816,Success,,410,14,5,9,96680.55
TXN007532,C1636,5181.42,UPI,2026-06-29 06:08:14.689468,Success,,523,18,6,12,15189.15
TXN007533,C1699,17365.54,Debit Card,2026-06-29 06:42:31.215121,Success,,371,17,0,17,2336.56
TXN007534,C1952,22934.44,UPI,2026-06-29 07:16:47.740774,Success,,737,29,4,25,75010.28
TXN007535,C0122,9925.66,UPI,2026-06-29 07:51:04.266426,Success,,42,14,3,11,69491.87
TXN007536,C0432,4578.13,Credit Card,2026-06-29 08:25:20.792079,Success,,770,22,19,3,29132.12
TXN007537,C0044,7198.98,Credit Card,2026-06-29 08:59:37.317731,Success,,758,11,6,5,43344.45
TXN007538,C1896,11430.79,Net Banking,2026-06-29 09:33:53.843384,Success,,629,17,1,16,5085.38
TXN007539,C1944,7337.19,Debit Card,2026-06-29 10:08:10.369036,Success,,280,29,20,9,119771.08
TXN007540,C1341,5916.12,UPI,2026-06-29 10:42:26.894689,Abandoned,Checkout Abandoned,809,4,2,2,45541.76
TXN007541,C0381,18426.01,UPI,2026-06-29 11:16:43.420342,Success,,371,26,1,25,33308.73
TXN007542,C0145,295.34,UPI,2026-06-29 11:50:59.945994,Success,,683,14,11,3,120796.33
TXN007543,C1351,13526.84,UPI,2026-06-29 12:25:16.471647,Success,,453,25,16,9,6371.42
TXN007544,C0363,19864.79,Credit Card,2026-06-29 12:59:32.997299,Success,,479,8,4,4,43036.61
TXN007545,C1074,6729.08,Wallet,2026-06-29 13:33:49.522952,Success,,808,7,3,4,39781.49
TXN007546,C1089,15121.96,Credit Card,2026-06-29 14:08:06.048604,Success,,792,7,3,4,39814.41
TXN007547,C0355,16755.61,Debit Card,2026-06-29 14:42:22.574257,Success,,157,2,0,2,2218.62
TXN007548,C0800,16410.11,Debit Card,2026-06-29 15:16:39.099909,Success,,627,12,3,9,140233.42
TXN007549,C1188,11201.66,Net Banking,2026-06-29 15:50:55.625562,Success,,480,12,7,5,129689.71
TXN007550,C1165,8729.79,UPI,2026-06-29 16:25:12.151215,Success,,552,11,1,10,62466.71
TXN007551,C1990,20914.51,Debit Card,2026-06-29 16:59:28.676867,Success,,267,14,14,0,67092.52
TXN007552,C0826,18985.3,Net Banking,2026-06-29 17:33:45.202520,Failed,Network Error,278,13,12,1,78861.06
TXN007553,C1152,8099.25,UPI,2026-06-29 18:08:01.728172,Success,,361,0,0,0,72008.22
TXN007554,C0398,2665.18,UPI,2026-06-29 18:42:18.253825,Success,,378,1,1,0,116980.49
TXN007555,C1957,1888.01,Wallet,2026-06-29 19:16:34.779477,Success,,409,22,19,3,73518.78
TXN007556,C0880,2447.47,Debit Card,2026-06-29 19:50:51.305130,Success,,792,3,0,3,28729.29
TXN007557,C0463,14613.45,UPI,2026-06-29 20:25:07.830783,Success,,34,12,8,4,17987.3
TXN007558,C1775,1386.39,Credit Card,2026-06-29 20:59:24.356435,Success,,521,9,2,7,137781.58
TXN007559,C1860,8489.48,UPI,2026-06-29 21:33:40.882088,Success,,341,20,16,4,7733.21
TXN007560,C0808,18854.67,Credit Card,2026-06-29 22:07:57.407740,Failed,Technical Error,549,12,3,9,134685.3
TXN007561,C0187,7429.27,UPI,2026-06-29 22:42:13.933393,Success,,114,0,0,0,103726.64
TXN007562,C1744,19106.37,UPI,2026-06-29 23:16:30.459045,Success,,789,10,9,1,61003.35
TXN007563,C0732,18662.13,Debit Card,2026-06-29 23:50:46.984698,Abandoned,Checkout Abandoned,898,17,3,14,28483.18
TXN007564,C1936,6221.1,Debit Card,2026-06-30 00:25:03.510351,Success,,734,8,5,3,46917.09
TXN007565,C1214,18247.67,Net Banking,2026-06-30 00:59:20.036003,Failed,Technical Error,469,5,0,5,79716.12
TXN007566,C1412,18719.64,UPI,2026-06-30 01:33:36.561656,Failed,Card Declined,508,22,20,2,98699.22
TXN007567,C0429,9996.6,Net Banking,2026-06-30 02:07:53.087308,Success,,447,12,10,2,103875.13
TXN007568,C0858,5339.47,UPI,2026-06-30 02:42:09.612961,Success,,195,4,2,2,67370.41
TXN007569,C1308,13079.64,UPI,2026-06-30 03:16:26.138613,Failed,Network Error,378,24,7,17,56409.13
TXN007570,C1888,23042.8,Net Banking,2026-06-30 03:50:42.664266,Failed,Technical Error,153,29,4,25,115363.46
TXN007571,C0237,16026.46,Credit Card,2026-06-30 04:24:59.189918,Success,,711,9,6,3,138849.31
TXN007572,C1218,4405.77,UPI,2026-06-30 04:59:15.715571,Success,,83,4,4,0,137212.52
TXN007573,C1311,17100.65,UPI,2026-06-30 05:33:32.241224,Success,,509,21,17,4,82967.31
TXN007574,C0771,10737.36,Credit Card,2026-06-30 06:07:48.766876,Failed,Technical Error,100,9,1,8,12313.54
TXN007575,C0758,14829.07,Debit Card,2026-06-30 06:42:05.292529,Success,,61,24,12,12,11456.83
TXN007576,C0136,18378.19,Wallet,2026-06-30 07:16:21.818181,Abandoned,Checkout Abandoned,807,4,1,3,60711.98
TXN007577,C0792,12922.19,Debit Card,2026-06-30 07:50:38.343834,Abandoned,Checkout Abandoned,618,19,12,7,110061.6
TXN007578,C1807,20368.2,Net Banking,2026-06-30 08:24:54.869486,Failed,Network Error,25,27,2,25,74852.93
TXN007579,C0171,18081.67,Debit Card,2026-06-30 08:59:11.395139,Success,,147,20,11,9,94290.66
TXN007580,C0159,15415.33,Net Banking,2026-06-30 09:33:27.920792,Success,,664,10,9,1,126576.2
TXN007581,C0201,3854.74,UPI,2026-06-30 10:07:44.446444,Success,,803,28,0,28,6530.17
TXN007582,C1511,20915.13,Wallet,2026-06-30 10:42:00.972097,Success,,198,4,2,2,138610.58
TXN007583,C1581,23404.05,UPI,2026-06-30 11:16:17.497749,Success,,536,4,4,0,49969.16
TXN007584,C0962,3510.43,Wallet,2026-06-30 11:50:34.023402,Success,,655,16,0,16,7494.71
TXN007585,C1800,12257.2,UPI,2026-06-30 12:24:50.549054,Success,,630,20,18,2,125396.57
TXN007586,C0583,6546.33,Debit Card,2026-06-30 12:59:07.074707,Success,,138,4,0,4,140156.03
TXN007587,C1528,18887.63,Debit Card,2026-06-30 13:33:23.600360,Failed,Bank Timeout,123,0,0,0,115408.99
TXN007588,C0876,18068.58,Wallet,2026-06-30 14:07:40.126012,Success,,96,12,5,7,120775.06
TXN007589,C0371,3608.04,Debit Card,2026-06-30 14:41:56.651665,Success,,235,3,0,3,130760.6
TXN007590,C0103,21937.98,UPI,2026-06-30 15:16:13.177317,Success,,684,7,0,7,78593.35
TXN007591,C1002,4606.23,Credit Card,2026-06-30 15:50:29.702970,Abandoned,Checkout Abandoned,133,19,16,3,102229.2
TXN007592,C1149,19951.75,UPI,2026-06-30 16:24:46.228622,Failed,Bank Timeout,628,22,16,6,43324.51
TXN007593,C1337,11478.81,UPI,2026-06-30 16:59:02.754275,Success,,866,5,4,1,37830.23
TXN007594,C0976,8273.98,UPI,2026-06-30 17:33:19.279927,Success,,138,14,10,4,91536.93
TXN007595,C0798,4040.16,UPI,2026-06-30 18:07:35.805580,Abandoned,Checkout Abandoned,354,14,3,11,110323.86
TXN007596,C1482,4273.59,Credit Card,2026-06-30 18:41:52.331233,Success,,303,20,11,9,59872.51
TXN007597,C1254,16581.07,Net Banking,2026-06-30 19:16:08.856885,Success,,473,15,7,8,60343.52
TXN007598,C0658,13805.72,Net Banking,2026-06-30 19:50:25.382538,Success,,760,8,1,7,143157.92
TXN007599,C0882,3139.93,UPI,2026-06-30 20:24:41.908190,Success,,562,28,21,7,78009.83
TXN007600,C1221,2906.18,UPI,2026-06-30 20:58:58.433843,Success,,149,23,23,0,147949.5
TXN007601,C1909,1900.53,UPI,2026-06-30 21:33:14.959495,Success,,457,4,0,4,129494.98
TXN007602,C0733,18619.81,UPI,2026-06-30 22:07:31.485148,Success,,147,29,2,27,96128.82
TXN007603,C0423,17825.86,UPI,2026-06-30 22:41:48.010801,Success,,676,25,16,9,1865.77
TXN007604,C0572,1554.93,UPI,2026-06-30 23:16:04.536453,Success,,513,22,6,16,44740.81
TXN007605,C1634,14050.72,Credit Card,2026-06-30 23:50:21.062106,Success,,755,15,15,0,62937.75
TXN007606,C0171,2208.44,Credit Card,2026-07-01 00:24:37.587758,Success,,464,29,16,13,98095.83
TXN007607,C1406,22603.27,Credit Card,2026-07-01 00:58:54.113411,Success,,335,26,15,11,59630.7
TXN007608,C0173,22687.22,UPI,2026-07-01 01:33:10.639063,Success,,566,24,11,13,124259.67
TXN007609,C0663,17486.0,Debit Card,2026-07-01 02:07:27.164716,Success,,788,6,0,6,99604.34
TXN007610,C0453,23162.1,Net Banking,2026-07-01 02:41:43.690369,Success,,775,2,2,0,52400.43
TXN007611,C0350,20305.18,UPI,2026-07-01 03:16:00.216021,Success,,801,9,2,7,117772.89
TXN007612,C1926,20730.61,UPI,2026-07-01 03:50:16.741674,Success,,322,26,11,15,45812.0
TXN007613,C1976,14285.73,UPI,2026-07-01 04:24:33.267326,Success,,561,15,3,12,9886.6
TXN007614,C1658,7720.87,UPI,2026-07-01 04:58:49.792979,Success,,866,20,8,12,26297.16
TXN007615,C0494,5523.2,Credit Card,2026-07-01 05:33:06.318631,Success,,302,11,9,2,909.7
TXN007616,C0620,8247.28,UPI,2026-07-01 06:07:22.844284,Success,,780,8,5,3,124936.37
TXN007617,C1028,15749.54,Credit Card,2026-07-01 06:41:39.369936,Success,,589,15,4,11,94252.72
TXN007618,C1117,4399.15,UPI,2026-07-01 07:15:55.895589,Failed,Technical Error,386,8,4,4,85800.11
TXN007619,C0919,6540.14,Debit Card,2026-07-01 07:50:12.421242,Failed,Insufficient Balance,754,23,16,7,99476.21
TXN007620,C0006,11754.72,UPI,2026-07-01 08:24:28.946894,Failed,Network Error,615,28,15,13,98212.95
TXN007621,C0288,5902.95,Credit Card,2026-07-01 08:58:45.472547,Success,,728,21,11,10,85042.24
TXN007622,C1642,14757.23,UPI,2026-07-01 09:33:01.998199,Success,,310,30,29,1,126440.3
TXN007623,C1170,23087.08,UPI,2026-07-01 10:07:18.523852,Failed,Network Error,296,22,14,8,66421.58
TXN007624,C1807,18727.43,Net Banking,2026-07-01 10:41:35.049504,Success,,302,6,6,0,120819.01
TXN007625,C1448,16694.02,Debit Card,2026-07-01 11:15:51.575157,Success,,123,10,0,10,118101.74
TXN007626,C1914,14609.76,UPI,2026-07-01 11:50:08.100810,Success,,564,16,2,14,30325.97
TXN007627,C0608,12249.9,Debit Card,2026-07-01 12:24:24.626462,Abandoned,Checkout Abandoned,94,23,1,22,68337.63
TXN007628,C0457,4745.44,Credit Card,2026-07-01 12:58:41.152115,Success,,108,21,16,5,125322.37
TXN007629,C1765,22378.29,Credit Card,2026-07-01 13:32:57.677767,Success,,781,22,11,11,124712.85
TXN007630,C1226,6288.55,UPI,2026-07-01 14:07:14.203420,Success,,208,30,4,26,4088.98
TXN007631,C1236,2373.59,Net Banking,2026-07-01 14:41:30.729072,Success,,643,9,2,7,33845.99
TXN007632,C1030,18775.38,UPI,2026-07-01 15:15:47.254725,Abandoned,Checkout Abandoned,550,14,14,0,63869.22
TXN007633,C0624,4472.83,UPI,2026-07-01 15:50:03.780378,Success,,877,9,6,3,7549.58
TXN007634,C0376,9360.21,UPI,2026-07-01 16:24:20.306030,Success,,620,26,7,19,39463.38
TXN007635,C1915,804.29,Debit Card,2026-07-01 16:58:36.831683,Success,,617,1,1,0,39115.83
TXN007636,C0447,3512.99,Net Banking,2026-07-01 17:32:53.357335,Failed,Insufficient Balance,883,15,5,10,32577.97
TXN007637,C0835,4412.77,Net Banking,2026-07-01 18:07:09.882988,Failed,Network Error,521,6,3,3,59800.52
TXN007638,C1130,1454.81,Debit Card,2026-07-01 18:41:26.408640,Failed,Card Declined,765,23,20,3,122045.11
TXN007639,C1675,16450.76,Wallet,2026-07-01 19:15:42.934293,Failed,Network Error,148,27,14,13,36994.99
TXN007640,C0811,20941.49,Debit Card,2026-07-01 19:49:59.459945,Success,,507,20,9,11,87519.06
TXN007641,C1425,9395.55,Debit Card,2026-07-01 20:24:15.985598,Abandoned,Checkout Abandoned,298,14,11,3,83857.92
TXN007642,C1120,21876.95,Wallet,2026-07-01 20:58:32.511251,Success,,446,16,16,0,122779.65
TXN007643,C1412,5412.33,UPI,2026-07-01 21:32:49.036903,Failed,Network Error,754,21,21,0,59402.91
TXN007644,C0959,8202.22,Credit Card,2026-07-01 22:07:05.562556,Success,,642,12,5,7,33923.51
TXN007645,C1476,3853.35,Debit Card,2026-07-01 22:41:22.088208,Success,,538,18,18,0,133782.34
TXN007646,C0849,15551.92,Net Banking,2026-07-01 23:15:38.613861,Success,,661,20,19,1,125025.59
TXN007647,C0809,10554.75,Net Banking,2026-07-01 23:49:55.139513,Success,,522,24,19,5,93414.8
TXN007648,C0979,15370.76,Net Banking,2026-07-02 00:24:11.665166,Success,,193,22,5,17,14439.29
TXN007649,C1925,19065.71,Wallet,2026-07-02 00:58:28.190819,Success,,32,7,5,2,2909.62
TXN007650,C0416,13688.01,Credit Card,2026-07-02 01:32:44.716471,Success,,528,21,12,9,27802.38
TXN007651,C0726,15728.0,UPI,2026-07-02 02:07:01.242124,Abandoned,Checkout Abandoned,343,8,8,0,29897.46
TXN007652,C1528,23387.73,UPI,2026-07-02 02:41:17.767776,Abandoned,Checkout Abandoned,501,18,8,10,20868.99
TXN007653,C0454,7546.7,Credit Card,2026-07-02 03:15:34.293429,Failed,Network Error,574,16,7,9,39696.12
TXN007654,C1315,9043.18,UPI,2026-07-02 03:49:50.819081,Failed,Bank Timeout,753,9,9,0,51014.34
TXN007655,C1558,17970.81,Credit Card,2026-07-02 04:24:07.344734,Success,,784,13,3,10,113288.54
TXN007656,C1217,15321.51,UPI,2026-07-02 04:58:23.870387,Success,,471,29,3,26,106573.56
TXN007657,C0150,4545.47,Net Banking,2026-07-02 05:32:40.396039,Success,,619,28,2,26,16104.71
TXN007658,C1904,9466.07,UPI,2026-07-02 06:06:56.921692,Abandoned,Checkout Abandoned,203,27,12,15,146577.49
TXN007659,C0759,11749.17,Net Banking,2026-07-02 06:41:13.447344,Failed,Card Declined,262,27,20,7,112944.82
TXN007660,C0779,10542.81,Net Banking,2026-07-02 07:15:29.972997,Failed,Network Error,861,11,7,4,24933.27
TXN007661,C0973,4539.04,Credit Card,2026-07-02 07:49:46.498649,Abandoned,Checkout Abandoned,218,26,23,3,19112.24
TXN007662,C0763,23118.31,UPI,2026-07-02 08:24:03.024302,Success,,83,19,8,11,13588.26
TXN007663,C1002,19081.74,Debit Card,2026-07-02 08:58:19.549954,Success,,446,23,13,10,109902.41
TXN007664,C1539,12085.76,Debit Card,2026-07-02 09:32:36.075607,Abandoned,Checkout Abandoned,526,21,0,21,35824.84
TXN007665,C1417,17033.52,UPI,2026-07-02 10:06:52.601260,Success,,874,6,5,1,11408.72
TXN007666,C1340,22442.34,UPI,2026-07-02 10:41:09.126912,Success,,366,29,11,18,63563.23
TXN007667,C0076,3490.74,UPI,2026-07-02 11:15:25.652565,Success,,685,28,3,25,106450.42
TXN007668,C0599,6334.29,UPI,2026-07-02 11:49:42.178217,Success,,821,8,5,3,46031.18
TXN007669,C1294,13613.26,UPI,2026-07-02 12:23:58.703870,Failed,Card Declined,375,17,3,14,72655.51
TXN007670,C0225,19995.36,UPI,2026-07-02 12:58:15.229522,Success,,131,6,4,2,29304.91
TXN007671,C1554,1002.75,Credit Card,2026-07-02 13:32:31.755175,Success,,660,27,15,12,64657.7
TXN007672,C0113,24602.05,Wallet,2026-07-02 14:06:48.280828,Success,,457,3,2,1,54161.86
TXN007673,C0251,11427.17,Debit Card,2026-07-02 14:41:04.806480,Success,,158,22,10,12,65370.8
TXN007674,C1257,9044.86,Wallet,2026-07-02 15:15:21.332133,Abandoned,Checkout Abandoned,397,7,2,5,70123.88
TXN007675,C0841,7388.84,Debit Card,2026-07-02 15:49:37.857785,Success,,354,27,1,26,14298.68
TXN007676,C1815,4441.48,Debit Card,2026-07-02 16:23:54.383438,Success,,498,17,2,15,14458.57
TXN007677,C0714,19810.19,UPI,2026-07-02 16:58:10.909090,Success,,556,28,19,9,39461.28
TXN007678,C1107,23889.81,UPI,2026-07-02 17:32:27.434743,Abandoned,Checkout Abandoned,812,14,14,0,17805.87
TXN007679,C0125,10399.75,Net Banking,2026-07-02 18:06:43.960396,Success,,44,6,0,6,38291.25
TXN007680,C1199,23815.28,Net Banking,2026-07-02 18:41:00.486048,Abandoned,Checkout Abandoned,176,7,0,7,4169.33
TXN007681,C1093,20612.56,Credit Card,2026-07-02 19:15:17.011701,Success,,810,27,25,2,52935.54
TXN007682,C1071,12078.17,UPI,2026-07-02 19:49:33.537353,Success,,86,0,0,0,32404.82
TXN007683,C0884,16883.25,Debit Card,2026-07-02 20:23:50.063006,Failed,Card Declined,845,10,8,2,133875.88
TXN007684,C1280,10931.11,UPI,2026-07-02 20:58:06.588658,Success,,386,9,3,6,128794.56
TXN007685,C1751,14012.21,UPI,2026-07-02 21:32:23.114311,Success,,437,4,1,3,45412.62
TXN007686,C0030,1545.35,Net Banking,2026-07-02 22:06:39.639963,Success,,753,29,19,10,71585.02
TXN007687,C0281,17436.96,Credit Card,2026-07-02 22:40:56.165616,Success,,316,24,5,19,143390.92
TXN007688,C0924,1415.33,Debit Card,2026-07-02 23:15:12.691269,Success,,257,1,1,0,78852.41
TXN007689,C1261,20445.42,Net Banking,2026-07-02 23:49:29.216921,Success,,303,21,21,0,127340.77
TXN007690,C1272,20641.18,Credit Card,2026-07-03 00:23:45.742574,Success,,563,1,0,1,124043.03
TXN007691,C0368,6003.22,Credit Card,2026-07-03 00:58:02.268226,Success,,182,18,6,12,141222.7
TXN007692,C0495,8159.2,UPI,2026-07-03 01:32:18.793879,Failed,Card Declined,39,15,0,15,46202.25
TXN007693,C1049,12084.63,UPI,2026-07-03 02:06:35.319531,Success,,172,10,7,3,6995.13
TXN007694,C1610,14956.91,Debit Card,2026-07-03 02:40:51.845184,Success,,37,13,12,1,16041.08
TXN007695,C0718,7255.11,UPI,2026-07-03 03:15:08.370837,Success,,434,21,21,0,85908.98
TXN007696,C1514,14852.91,UPI,2026-07-03 03:49:24.896489,Success,,371,4,0,4,79776.56
TXN007697,C1017,7514.9,UPI,2026-07-03 04:23:41.422142,Success,,182,3,0,3,45118.73
TXN007698,C1518,1481.72,Credit Card,2026-07-03 04:57:57.947794,Failed,Insufficient Balance,313,22,3,19,37682.64
TXN007699,C1338,162.94,Credit Card,2026-07-03 05:32:14.473447,Failed,Network Error,832,29,10,19,106552.52
TXN007700,C0606,2618.66,Debit Card,2026-07-03 06:06:30.999099,Success,,675,18,1,17,51405.18
TXN007701,C0375,19827.04,Credit Card,2026-07-03 06:40:47.524752,Success,,884,28,24,4,90790.79
TXN007702,C0639,24039.64,UPI,2026-07-03 07:15:04.050405,Success,,747,9,7,2,106987.89
TXN007703,C1961,10731.46,Credit Card,2026-07-03 07:49:20.576057,Abandoned,Checkout Abandoned,646,22,17,5,64854.57
TXN007704,C1049,12865.83,Net Banking,2026-07-03 08:23:37.101710,Success,,892,27,7,20,29414.24
TXN007705,C1358,3756.52,UPI,2026-07-03 08:57:53.627362,Success,,678,8,7,1,129186.63
TXN007706,C1379,13820.68,Debit Card,2026-07-03 09:32:10.153015,Success,,832,17,4,13,14482.88
TXN007707,C0116,3701.91,Credit Card,2026-07-03 10:06:26.678667,Success,,715,30,6,24,124505.87
TXN007708,C0048,15319.24,Debit Card,2026-07-03 10:40:43.204320,Success,,335,4,3,1,125583.6
TXN007709,C1762,23338.14,UPI,2026-07-03 11:14:59.729972,Failed,Bank Timeout,313,16,9,7,85864.39
TXN007710,C1802,4972.89,Wallet,2026-07-03 11:49:16.255625,Success,,784,22,5,17,94606.67
TXN007711,C0099,19137.64,Credit Card,2026-07-03 12:23:32.781278,Success,,596,17,12,5,54023.55
TXN007712,C1483,685.21,Net Banking,2026-07-03 12:57:49.306930,Success,,132,26,15,11,126316.84
TXN007713,C1547,9449.88,UPI,2026-07-03 13:32:05.832583,Success,,89,20,1,19,39923.7
TXN007714,C1621,2857.64,Debit Card,2026-07-03 14:06:22.358235,Success,,655,0,0,0,84186.52
TXN007715,C0405,8876.64,Debit Card,2026-07-03 14:40:38.883888,Success,,430,13,9,4,768.33
TXN007716,C1238,4421.07,UPI,2026-07-03 15:14:55.409540,Success,,402,26,23,3,141006.54
TXN007717,C0685,9395.29,UPI,2026-07-03 15:49:11.935193,Success,,268,13,7,6,142270.33
TXN007718,C0903,10496.32,Debit Card,2026-07-03 16:23:28.460846,Failed,Bank Timeout,446,13,0,13,106707.29
TXN007719,C0503,7584.72,UPI,2026-07-03 16:57:44.986498,Success,,614,0,0,0,63774.35
TXN007720,C1745,16449.89,Debit Card,2026-07-03 17:32:01.512151,Success,,126,3,2,1,27202.36
TXN007721,C1472,22979.42,UPI,2026-07-03 18:06:18.037803,Success,,177,22,13,9,74123.2
TXN007722,C0894,10074.82,UPI,2026-07-03 18:40:34.563456,Success,,538,6,5,1,118815.87
TXN007723,C1600,4889.34,Debit Card,2026-07-03 19:14:51.089108,Success,,391,23,17,6,90988.41
TXN007724,C0258,6841.0,UPI,2026-07-03 19:49:07.614761,Success,,751,11,3,8,79360.74
TXN007725,C0844,21364.62,Wallet,2026-07-03 20:23:24.140414,Success,,373,12,4,8,127491.91
TXN007726,C0121,14333.83,Net Banking,2026-07-03 20:57:40.666066,Success,,824,24,20,4,47313.52
TXN007727,C0810,11429.77,Credit Card,2026-07-03 21:31:57.191719,Failed,Bank Timeout,20,14,14,0,129064.61
TXN007728,C0978,3825.95,Net Banking,2026-07-03 22:06:13.717371,Success,,70,19,0,19,66198.28
TXN007729,C0054,11298.21,Net Banking,2026-07-03 22:40:30.243024,Failed,Bank Timeout,395,1,0,1,860.87
TXN007730,C1019,7034.45,UPI,2026-07-03 23:14:46.768676,Success,,254,25,5,20,109925.33
TXN007731,C1355,23584.76,Net Banking,2026-07-03 23:49:03.294329,Success,,79,27,4,23,131737.59
TXN007732,C0784,22113.35,UPI,2026-07-04 00:23:19.819981,Success,,828,30,14,16,72911.95
TXN007733,C0241,2189.17,UPI,2026-07-04 00:57:36.345634,Success,,762,13,13,0,68484.81
TXN007734,C1779,12964.67,Credit Card,2026-07-04 01:31:52.871287,Success,,338,29,15,14,120914.54
TXN007735,C1554,5703.95,Debit Card,2026-07-04 02:06:09.396939,Success,,393,11,5,6,132773.82
TXN007736,C0483,10328.35,UPI,2026-07-04 02:40:25.922592,Success,,715,12,10,2,146175.81
TXN007737,C1013,21933.52,UPI,2026-07-04 03:14:42.448244,Success,,845,13,7,6,52174.72
TXN007738,C0187,13235.11,Credit Card,2026-07-04 03:48:58.973897,Abandoned,Checkout Abandoned,834,28,28,0,89405.97
TXN007739,C1882,8421.96,UPI,2026-07-04 04:23:15.499549,Failed,Network Error,178,25,5,20,123526.29
TXN007740,C0656,5276.42,Debit Card,2026-07-04 04:57:32.025202,Abandoned,Checkout Abandoned,241,2,0,2,80011.86
TXN007741,C0262,20028.09,Debit Card,2026-07-04 05:31:48.550855,Abandoned,Checkout Abandoned,103,24,5,19,69547.07
TXN007742,C0953,15650.5,UPI,2026-07-04 06:06:05.076507,Success,,653,26,24,2,86003.85
TXN007743,C1388,11754.83,UPI,2026-07-04 06:40:21.602160,Success,,468,12,11,1,53851.62
TXN007744,C0491,5515.36,Credit Card,2026-07-04 07:14:38.127812,Success,,528,7,0,7,29215.38
TXN007745,C0431,8422.73,Credit Card,2026-07-04 07:48:54.653465,Failed,Bank Timeout,603,15,13,2,10461.35
TXN007746,C0239,24000.1,UPI,2026-07-04 08:23:11.179117,Success,,145,5,2,3,91692.12
TXN007747,C0304,13050.24,UPI,2026-07-04 08:57:27.704770,Success,,871,10,2,8,57180.59
TXN007748,C0298,10077.41,UPI,2026-07-04 09:31:44.230423,Success,,600,28,24,4,132501.47
TXN007749,C0076,13083.41,UPI,2026-07-04 10:06:00.756075,Success,,451,14,14,0,33832.4
TXN007750,C1724,19496.81,Credit Card,2026-07-04 10:40:17.281728,Success,,531,18,18,0,46951.39
TXN007751,C1357,8568.71,Debit Card,2026-07-04 11:14:33.807380,Success,,119,25,5,20,145590.68
TXN007752,C1924,4549.78,Credit Card,2026-07-04 11:48:50.333033,Failed,Card Declined,772,23,4,19,83665.54
TXN007753,C0999,14664.91,Net Banking,2026-07-04 12:23:06.858685,Success,,203,28,25,3,52339.58
TXN007754,C1782,16663.58,UPI,2026-07-04 12:57:23.384338,Abandoned,Checkout Abandoned,627,1,1,0,129203.7
TXN007755,C0642,17846.68,UPI,2026-07-04 13:31:39.909991,Success,,892,10,10,0,111634.58
TXN007756,C1498,22061.49,Credit Card,2026-07-04 14:05:56.435643,Abandoned,Checkout Abandoned,728,19,8,11,86184.87
TXN007757,C0827,9342.24,Debit Card,2026-07-04 14:40:12.961296,Success,,159,19,14,5,133420.4
TXN007758,C1947,1976.34,Debit Card,2026-07-04 15:14:29.486948,Success,,235,8,5,3,14547.25
TXN007759,C0283,23962.88,Debit Card,2026-07-04 15:48:46.012601,Success,,332,23,7,16,59476.84
TXN007760,C0591,10931.8,Debit Card,2026-07-04 16:23:02.538253,Success,,269,22,7,15,121677.24
TXN007761,C0072,15619.11,UPI,2026-07-04 16:57:19.063906,Failed,Insufficient Balance,610,3,0,3,58198.48
TXN007762,C1287,16691.0,Debit Card,2026-07-04 17:31:35.589558,Success,,78,22,3,19,139047.11
TXN007763,C0703,13708.19,Debit Card,2026-07-04 18:05:52.115211,Success,,318,16,1,15,23301.91
TXN007764,C1903,5210.91,Wallet,2026-07-04 18:40:08.640864,Success,,860,26,15,11,50827.28
TXN007765,C1911,18903.06,Debit Card,2026-07-04 19:14:25.166516,Success,,392,23,2,21,64148.51
TXN007766,C1966,20113.42,Debit Card,2026-07-04 19:48:41.692169,Success,,494,7,0,7,103200.83
TXN007767,C0575,13869.09,Credit Card,2026-07-04 20:22:58.217821,Success,,192,24,3,21,29704.75
TXN007768,C1000,12265.17,Net Banking,2026-07-04 20:57:14.743474,Success,,568,24,1,23,1974.64
TXN007769,C0892,2937.06,Wallet,2026-07-04 21:31:31.269126,Success,,804,15,2,13,146488.14
TXN007770,C0012,2190.4,Debit Card,2026-07-04 22:05:47.794779,Failed,Technical Error,667,0,0,0,134864.19
TXN007771,C0141,8555.16,Credit Card,2026-07-04 22:40:04.320432,Success,,828,30,22,8,45383.2
TXN007772,C1790,7840.07,UPI,2026-07-04 23:14:20.846084,Success,,864,9,8,1,72780.39
TXN007773,C1579,23846.05,Debit Card,2026-07-04 23:48:37.371737,Success,,453,6,6,0,73593.57
TXN007774,C0017,19612.21,Debit Card,2026-07-05 00:22:53.897389,Success,,642,14,6,8,130449.22
TXN007775,C1087,16532.11,Debit Card,2026-07-05 00:57:10.423042,Success,,588,0,0,0,89760.49
TXN007776,C0253,12989.44,UPI,2026-07-05 01:31:26.948694,Success,,523,21,7,14,124051.44
TXN007777,C0465,4267.45,Debit Card,2026-07-05 02:05:43.474347,Abandoned,Checkout Abandoned,404,15,2,13,136843.13
TXN007778,C0376,24463.57,UPI,2026-07-05 02:40:00.000000,Failed,Bank Timeout,766,20,14,6,85109.99
TXN007779,C1828,9438.51,Debit Card,2026-07-05 03:14:16.525652,Success,,110,26,0,26,43179.63
TXN007780,C0981,2762.45,UPI,2026-07-05 03:48:33.051305,Success,,150,1,1,0,75056.82
TXN007781,C0520,12395.59,Debit Card,2026-07-05 04:22:49.576957,Success,,177,28,27,1,127705.01
TXN007782,C1861,21862.55,UPI,2026-07-05 04:57:06.102610,Abandoned,Checkout Abandoned,399,2,1,1,87751.07
TXN007783,C0090,22193.55,UPI,2026-07-05 05:31:22.628262,Abandoned,Checkout Abandoned,533,14,2,12,134410.43
TXN007784,C0720,373.05,Credit Card,2026-07-05 06:05:39.153915,Success,,496,23,1,22,134367.68
TXN007785,C0804,22168.76,UPI,2026-07-05 06:39:55.679567,Success,,564,17,14,3,56317.26
TXN007786,C0796,6859.96,Debit Card,2026-07-05 07:14:12.205220,Success,,81,14,3,11,67493.03
TXN007787,C0630,1070.41,Wallet,2026-07-05 07:48:28.730873,Success,,338,26,26,0,101848.11
TXN007788,C1885,21209.98,Wallet,2026-07-05 08:22:45.256525,Success,,525,3,1,2,17104.14
TXN007789,C1199,21610.28,UPI,2026-07-05 08:57:01.782178,Success,,174,2,0,2,70100.8
TXN007790,C0076,14946.15,Net Banking,2026-07-05 09:31:18.307830,Success,,685,27,21,6,22833.12
TXN007791,C1637,14403.4,UPI,2026-07-05 10:05:34.833483,Success,,41,6,3,3,127269.45
TXN007792,C0926,20346.69,Net Banking,2026-07-05 10:39:51.359135,Success,,194,23,8,15,141446.27
TXN007793,C1687,19679.11,Debit Card,2026-07-05 11:14:07.884788,Success,,149,19,13,6,21661.56
TXN007794,C0400,22263.63,UPI,2026-07-05 11:48:24.410441,Success,,296,21,14,7,100267.54
TXN007795,C1806,13863.41,UPI,2026-07-05 12:22:40.936093,Success,,504,18,4,14,95663.21
TXN007796,C0970,24194.41,UPI,2026-07-05 12:56:57.461746,Success,,689,22,1,21,114131.18
TXN007797,C1095,24904.06,Debit Card,2026-07-05 13:31:13.987398,Success,,372,7,7,0,104519.06
TXN007798,C1204,3001.96,UPI,2026-07-05 14:05:30.513051,Success,,432,6,0,6,32960.79
TXN007799,C1148,21253.64,Debit Card,2026-07-05 14:39:47.038703,Success,,584,3,2,1,44036.29
TXN007800,C1405,12545.57,Credit Card,2026-07-05 15:14:03.564356,Success,,742,29,12,17,25202.22
TXN007801,C1317,9750.4,Wallet,2026-07-05 15:48:20.090009,Success,,249,9,2,7,138211.03
TXN007802,C0797,15365.5,Wallet,2026-07-05 16:22:36.615661,Success,,320,27,22,5,78512.61
TXN007803,C0195,1493.54,UPI,2026-07-05 16:56:53.141314,Success,,817,24,19,5,146436.09
TXN007804,C1935,12710.88,Debit Card,2026-07-05 17:31:09.666966,Success,,228,9,6,3,67673.62
TXN007805,C0228,21785.18,Net Banking,2026-07-05 18:05:26.192619,Failed,Technical Error,404,14,0,14,83132.11
TXN007806,C1455,5415.19,Net Banking,2026-07-05 18:39:42.718271,Success,,362,23,22,1,118499.44
TXN007807,C1966,10717.11,UPI,2026-07-05 19:13:59.243924,Success,,250,21,18,3,119684.94
TXN007808,C1460,23493.07,UPI,2026-07-05 19:48:15.769576,Success,,816,17,17,0,35056.86
TXN007809,C1811,10771.24,UPI,2026-07-05 20:22:32.295229,Success,,219,9,8,1,43598.29
TXN007810,C0461,9023.35,UPI,2026-07-05 20:56:48.820882,Success,,693,22,17,5,15122.12
TXN007811,C0618,11069.36,UPI,2026-07-05 21:31:05.346534,Failed,Technical Error,541,8,2,6,120916.94
TXN007812,C1045,13034.37,Credit Card,2026-07-05 22:05:21.872187,Success,,105,24,2,22,119182.3
TXN007813,C0064,15836.58,Debit Card,2026-07-05 22:39:38.397839,Success,,862,24,3,21,12648.19
TXN007814,C0165,20037.25,Credit Card,2026-07-05 23:13:54.923492,Abandoned,Checkout Abandoned,366,8,6,2,38986.17
TXN007815,C0027,11357.34,Debit Card,2026-07-05 23:48:11.449144,Success,,36,21,14,7,67755.12
TXN007816,C1335,20455.28,UPI,2026-07-06 00:22:27.974797,Success,,303,15,8,7,81495.95
TXN007817,C1012,13389.64,Net Banking,2026-07-06 00:56:44.500450,Success,,352,16,7,9,78620.36
TXN007818,C0285,8528.16,Wallet,2026-07-06 01:31:01.026102,Failed,Technical Error,363,15,5,10,147469.76
TXN007819,C1684,16482.98,Credit Card,2026-07-06 02:05:17.551755,Success,,85,29,5,24,114736.75
TXN007820,C0281,17971.28,Net Banking,2026-07-06 02:39:34.077407,Failed,Card Declined,788,5,4,1,17421.58
TXN007821,C0838,13995.42,UPI,2026-07-06 03:13:50.603060,Success,,685,4,1,3,44378.61
TXN007822,C0831,1509.71,Debit Card,2026-07-06 03:48:07.128712,Failed,Bank Timeout,240,6,5,1,52141.37
TXN007823,C1188,4330.08,UPI,2026-07-06 04:22:23.654365,Abandoned,Checkout Abandoned,884,12,5,7,47614.64
TXN007824,C1922,7203.91,UPI,2026-07-06 04:56:40.180018,Success,,711,7,3,4,117998.88
TXN007825,C0918,7137.38,UPI,2026-07-06 05:30:56.705670,Success,,389,0,0,0,54403.91
TXN007826,C0224,16868.18,Credit Card,2026-07-06 06:05:13.231323,Success,,793,29,4,25,74117.79
TXN007827,C0784,556.88,UPI,2026-07-06 06:39:29.756975,Failed,Network Error,51,9,5,4,80251.4
TXN007828,C1170,18916.48,Credit Card,2026-07-06 07:13:46.282628,Failed,Card Declined,424,19,19,0,40928.34
TXN007829,C0965,6707.03,UPI,2026-07-06 07:48:02.808280,Success,,242,19,18,1,48743.02
TXN007830,C0950,7819.54,Net Banking,2026-07-06 08:22:19.333933,Failed,Network Error,847,28,13,15,117109.64
TXN007831,C1892,13244.95,Credit Card,2026-07-06 08:56:35.859585,Failed,Bank Timeout,534,0,0,0,130069.1
TXN007832,C1054,5476.55,UPI,2026-07-06 09:30:52.385238,Success,,557,26,0,26,6043.48
TXN007833,C0045,22123.34,UPI,2026-07-06 10:05:08.910891,Success,,84,19,19,0,90970.61
TXN007834,C1811,2225.68,Net Banking,2026-07-06 10:39:25.436543,Success,,660,22,22,0,95198.61
TXN007835,C0471,11165.12,UPI,2026-07-06 11:13:41.962196,Success,,645,30,6,24,110727.73
TXN007836,C0034,21250.61,Credit Card,2026-07-06 11:47:58.487848,Failed,Card Declined,313,13,6,7,104230.09
TXN007837,C0653,15434.51,Credit Card,2026-07-06 12:22:15.013501,Abandoned,Checkout Abandoned,259,14,13,1,131674.96
TXN007838,C1451,7379.0,UPI,2026-07-06 12:56:31.539153,Success,,413,5,3,2,12231.61
TXN007839,C0830,10576.93,UPI,2026-07-06 13:30:48.064806,Success,,678,19,15,4,58561.65
TXN007840,C1910,17696.69,Credit Card,2026-07-06 14:05:04.590459,Failed,Technical Error,540,1,1,0,117422.37
TXN007841,C0221,24334.19,UPI,2026-07-06 14:39:21.116111,Failed,Card Declined,646,27,22,5,127063.71
TXN007842,C1892,22339.15,UPI,2026-07-06 15:13:37.641764,Success,,487,28,10,18,40082.88
TXN007843,C0534,8626.58,UPI,2026-07-06 15:47:54.167416,Success,,399,6,1,5,87999.96
TXN007844,C0692,24955.13,UPI,2026-07-06 16:22:10.693069,Failed,Card Declined,833,23,11,12,27524.37
TXN007845,C1972,187.27,UPI,2026-07-06 16:56:27.218721,Failed,Bank Timeout,218,24,23,1,127708.71
TXN007846,C1391,787.98,Wallet,2026-07-06 17:30:43.744374,Failed,Technical Error,648,24,9,15,109699.31
TXN007847,C0932,20613.63,Credit Card,2026-07-06 18:05:00.270027,Failed,Technical Error,475,29,23,6,33698.73
TXN007848,C0841,5066.62,Debit Card,2026-07-06 18:39:16.795679,Success,,621,19,4,15,93754.09
TXN007849,C1767,1613.15,UPI,2026-07-06 19:13:33.321332,Abandoned,Checkout Abandoned,896,18,1,17,76643.4
TXN007850,C1011,6004.99,UPI,2026-07-06 19:47:49.846984,Failed,Insufficient Balance,773,4,1,3,39194.6
TXN007851,C1939,10709.89,Net Banking,2026-07-06 20:22:06.372637,Success,,411,21,15,6,134021.83
TXN007852,C1574,18291.1,Credit Card,2026-07-06 20:56:22.898289,Abandoned,Checkout Abandoned,756,27,24,3,22601.98
TXN007853,C0582,15645.95,UPI,2026-07-06 21:30:39.423942,Abandoned,Checkout Abandoned,213,28,5,23,70385.24
TXN007854,C1140,6016.77,UPI,2026-07-06 22:04:55.949594,Failed,Insufficient Balance,307,7,5,2,87628.34
TXN007855,C0239,12631.43,Credit Card,2026-07-06 22:39:12.475247,Success,,581,2,0,2,123620.07
TXN007856,C1359,23162.73,Net Banking,2026-07-06 23:13:29.000900,Success,,265,29,23,6,22951.9
TXN007857,C0441,20393.69,UPI,2026-07-06 23:47:45.526552,Success,,65,30,22,8,91571.6
TXN007858,C0148,8147.43,Credit Card,2026-07-07 00:22:02.052205,Success,,268,12,11,1,1480.68
TXN007859,C1033,24558.39,Debit Card,2026-07-07 00:56:18.577857,Success,,504,5,0,5,123475.91
TXN007860,C1312,17744.65,Wallet,2026-07-07 01:30:35.103510,Success,,475,20,16,4,35592.5
TXN007861,C0388,1654.99,Net Banking,2026-07-07 02:04:51.629162,Success,,688,28,9,19,108276.84
TXN007862,C1074,975.5,UPI,2026-07-07 02:39:08.154815,Abandoned,Checkout Abandoned,52,22,7,15,90480.73
TXN007863,C1874,4293.36,Debit Card,2026-07-07 03:13:24.680468,Success,,421,13,7,6,7994.04
TXN007864,C1541,18223.61,Debit Card,2026-07-07 03:47:41.206120,Success,,146,24,8,16,27892.89
TXN007865,C0916,4675.1,Debit Card,2026-07-07 04:21:57.731773,Success,,349,6,6,0,40527.23
TXN007866,C1879,12836.02,Net Banking,2026-07-07 04:56:14.257425,Success,,283,10,8,2,133065.79
TXN007867,C0638,2422.18,Net Banking,2026-07-07 05:30:30.783078,Failed,Network Error,354,21,9,12,72380.11
TXN007868,C1611,23030.07,UPI,2026-07-07 06:04:47.308730,Success,,771,8,7,1,137068.73
TXN007869,C1701,8664.62,UPI,2026-07-07 06:39:03.834383,Success,,30,9,8,1,7593.76
TXN007870,C0278,22712.49,Debit Card,2026-07-07 07:13:20.360036,Success,,163,19,0,19,1481.3
TXN007871,C1978,23627.4,UPI,2026-07-07 07:47:36.885688,Success,,544,29,18,11,142262.87
TXN007872,C1860,252.6,UPI,2026-07-07 08:21:53.411341,Success,,510,16,10,6,108725.58
TXN007873,C0989,11656.97,UPI,2026-07-07 08:56:09.936993,Success,,790,7,6,1,117605.86
TXN007874,C1324,713.94,Net Banking,2026-07-07 09:30:26.462646,Success,,190,21,19,2,137412.94
TXN007875,C1826,22726.45,UPI,2026-07-07 10:04:42.988298,Success,,767,5,1,4,147688.53
TXN007876,C0589,13008.35,Debit Card,2026-07-07 10:38:59.513951,Failed,Insufficient Balance,814,29,1,28,15107.97
TXN007877,C1834,1966.11,UPI,2026-07-07 11:13:16.039603,Success,,705,30,13,17,24164.56
TXN007878,C0649,2845.89,UPI,2026-07-07 11:47:32.565256,Success,,661,20,11,9,28691.73
TXN007879,C0618,9649.37,UPI,2026-07-07 12:21:49.090909,Success,,516,25,3,22,122853.44
TXN007880,C1631,23511.83,UPI,2026-07-07 12:56:05.616561,Success,,493,10,5,5,53654.71
TXN007881,C0135,17353.44,Net Banking,2026-07-07 13:30:22.142214,Success,,12,2,0,2,89194.08
TXN007882,C0580,21703.71,Net Banking,2026-07-07 14:04:38.667866,Success,,663,5,3,2,128355.68
TXN007883,C1171,9224.77,Debit Card,2026-07-07 14:38:55.193519,Success,,684,16,9,7,102632.4
TXN007884,C0490,1176.02,UPI,2026-07-07 15:13:11.719171,Success,,363,6,1,5,10279.6
TXN007885,C0478,24360.51,Credit Card,2026-07-07 15:47:28.244824,Success,,753,5,0,5,67128.24
TXN007886,C1183,527.61,UPI,2026-07-07 16:21:44.770477,Success,,870,20,16,4,10591.26
TXN007887,C0384,23696.53,UPI,2026-07-07 16:56:01.296129,Abandoned,Checkout Abandoned,167,12,9,3,72087.11
TXN007888,C0163,9280.07,Credit Card,2026-07-07 17:30:17.821782,Success,,592,13,6,7,33285.76
TXN007889,C0441,351.25,Debit Card,2026-07-07 18:04:34.347434,Success,,895,18,15,3,695.58
TXN007890,C1877,17260.02,UPI,2026-07-07 18:38:50.873087,Abandoned,Checkout Abandoned,715,7,0,7,122066.19
TXN007891,C1213,24515.45,UPI,2026-07-07 19:13:07.398739,Success,,547,12,2,10,145422.74
TXN007892,C0415,24144.08,Wallet,2026-07-07 19:47:23.924392,Success,,474,19,10,9,144637.84
TXN007893,C1363,4107.33,UPI,2026-07-07 20:21:40.450045,Success,,183,8,5,3,45228.19
TXN007894,C1631,4613.07,Wallet,2026-07-07 20:55:56.975697,Success,,707,24,24,0,124401.65
TXN007895,C1205,14181.92,Wallet,2026-07-07 21:30:13.501350,Success,,507,4,0,4,101977.15
TXN007896,C0288,15968.89,Credit Card,2026-07-07 22:04:30.027002,Abandoned,Checkout Abandoned,834,10,3,7,120111.42
TXN007897,C1858,18511.51,UPI,2026-07-07 22:38:46.552655,Success,,425,6,3,3,127012.59
TXN007898,C0187,4608.15,Debit Card,2026-07-07 23:13:03.078307,Success,,634,5,2,3,147051.67
TXN007899,C1908,23979.28,UPI,2026-07-07 23:47:19.603960,Success,,249,11,6,5,23183.58
TXN007900,C1162,16004.61,UPI,2026-07-08 00:21:36.129612,Success,,841,11,5,6,115577.03
TXN007901,C0130,21191.47,Debit Card,2026-07-08 00:55:52.655265,Success,,211,5,2,3,110255.96
TXN007902,C0194,13547.64,UPI,2026-07-08 01:30:09.180918,Success,,749,30,11,19,43516.51
TXN007903,C0316,10415.49,UPI,2026-07-08 02:04:25.706570,Success,,331,3,2,1,59191.84
TXN007904,C1809,24431.85,Debit Card,2026-07-08 02:38:42.232223,Success,,663,25,19,6,26925.33
TXN007905,C1888,14594.82,Debit Card,2026-07-08 03:12:58.757875,Failed,Bank Timeout,147,12,11,1,137034.34
TXN007906,C0144,21685.15,UPI,2026-07-08 03:47:15.283528,Success,,113,11,8,3,131960.69
TXN007907,C0016,23836.98,UPI,2026-07-08 04:21:31.809180,Success,,329,14,9,5,92298.23
TXN007908,C1326,16916.33,UPI,2026-07-08 04:55:48.334833,Success,,640,7,6,1,76988.68
TXN007909,C0423,13768.57,UPI,2026-07-08 05:30:04.860486,Success,,798,12,10,2,35316.81
TXN007910,C0245,187.42,Debit Card,2026-07-08 06:04:21.386138,Success,,718,10,7,3,118545.73
TXN007911,C0927,1096.49,Debit Card,2026-07-08 06:38:37.911791,Failed,Card Declined,786,10,5,5,1726.63
TXN007912,C1131,5101.2,Debit Card,2026-07-08 07:12:54.437443,Success,,658,29,14,15,69686.61
TXN007913,C1112,4731.61,UPI,2026-07-08 07:47:10.963096,Success,,411,10,0,10,129152.4
TXN007914,C0129,6443.49,UPI,2026-07-08 08:21:27.488748,Abandoned,Checkout Abandoned,129,25,11,14,92963.56
TXN007915,C0907,7692.87,UPI,2026-07-08 08:55:44.014401,Success,,78,18,15,3,95450.86
TXN007916,C0887,9065.63,UPI,2026-07-08 09:30:00.540054,Failed,Technical Error,71,20,10,10,11070.76
TXN007917,C0341,10571.39,UPI,2026-07-08 10:04:17.065706,Success,,665,16,12,4,43362.36
TXN007918,C0004,2561.77,UPI,2026-07-08 10:38:33.591359,Success,,747,0,0,0,101242.4
TXN007919,C1351,1154.81,UPI,2026-07-08 11:12:50.117011,Abandoned,Checkout Abandoned,130,12,2,10,7917.79
TXN007920,C1434,16881.22,Debit Card,2026-07-08 11:47:06.642664,Failed,Card Declined,525,24,24,0,49974.9
TXN007921,C1903,13479.64,Debit Card,2026-07-08 12:21:23.168316,Success,,414,19,3,16,53414.71
TXN007922,C0306,11159.19,Credit Card,2026-07-08 12:55:39.693969,Success,,640,8,7,1,75058.4
TXN007923,C0908,15897.55,UPI,2026-07-08 13:29:56.219621,Success,,379,22,14,8,54675.1
TXN007924,C0607,20709.22,Net Banking,2026-07-08 14:04:12.745274,Success,,110,25,13,12,68390.57
TXN007925,C1745,10749.55,Wallet,2026-07-08 14:38:29.270927,Abandoned,Checkout Abandoned,241,23,10,13,82276.1
TXN007926,C1249,16063.87,UPI,2026-07-08 15:12:45.796579,Success,,181,10,3,7,19688.0
TXN007927,C1995,23843.95,Debit Card,2026-07-08 15:47:02.322232,Success,,727,8,1,7,27481.07
TXN007928,C1372,21006.65,Net Banking,2026-07-08 16:21:18.847884,Failed,Bank Timeout,228,16,12,4,124960.39
TXN007929,C0992,10707.42,Credit Card,2026-07-08 16:55:35.373537,Failed,Card Declined,634,6,4,2,69235.31
TXN007930,C0321,16153.45,UPI,2026-07-08 17:29:51.899189,Success,,341,7,2,5,53595.24
TXN007931,C0559,4509.07,Credit Card,2026-07-08 18:04:08.424842,Failed,Technical Error,257,29,18,11,65365.29
TXN007932,C1205,14057.0,Credit Card,2026-07-08 18:38:24.950495,Success,,171,1,1,0,26635.37
TXN007933,C0618,24535.07,UPI,2026-07-08 19:12:41.476147,Failed,Insufficient Balance,781,13,11,2,36357.16
TXN007934,C0711,13006.05,Wallet,2026-07-08 19:46:58.001800,Success,,501,9,2,7,77570.77
TXN007935,C1410,23198.19,Debit Card,2026-07-08 20:21:14.527452,Abandoned,Checkout Abandoned,316,8,0,8,54159.51
TXN007936,C1642,10242.64,UPI,2026-07-08 20:55:31.053105,Success,,755,27,3,24,71580.69
TXN007937,C1816,24971.24,Credit Card,2026-07-08 21:29:47.578757,Success,,425,0,0,0,22880.85
TXN007938,C1796,14522.58,Debit Card,2026-07-08 22:04:04.104410,Success,,579,11,8,3,23892.02
TXN007939,C1132,1152.5,UPI,2026-07-08 22:38:20.630063,Failed,Network Error,159,13,6,7,57899.48
TXN007940,C0531,14710.19,UPI,2026-07-08 23:12:37.155715,Failed,Technical Error,28,30,12,18,57139.22
TXN007941,C0410,6936.86,Net Banking,2026-07-08 23:46:53.681368,Success,,739,18,9,9,132558.19
TXN007942,C1995,908.78,Credit Card,2026-07-09 00:21:10.207020,Success,,29,28,8,20,5500.98
TXN007943,C1320,20539.25,UPI,2026-07-09 00:55:26.732673,Success,,365,10,3,7,148931.89
TXN007944,C0818,6965.67,UPI,2026-07-09 01:29:43.258325,Success,,765,8,5,3,143500.2
TXN007945,C1195,19934.06,Credit Card,2026-07-09 02:03:59.783978,Success,,23,16,2,14,81566.52
TXN007946,C1355,7276.62,Credit Card,2026-07-09 02:38:16.309630,Success,,797,19,9,10,107954.29
TXN007947,C0493,4938.73,UPI,2026-07-09 03:12:32.835283,Success,,310,25,9,16,140320.57
TXN007948,C1219,24351.0,Credit Card,2026-07-09 03:46:49.360936,Success,,865,5,4,1,38053.49
TXN007949,C0012,9104.97,UPI,2026-07-09 04:21:05.886588,Abandoned,Checkout Abandoned,312,5,0,5,47686.78
TXN007950,C0195,15074.27,UPI,2026-07-09 04:55:22.412241,Success,,248,29,1,28,17083.24
TXN007951,C0490,15288.54,Credit Card,2026-07-09 05:29:38.937893,Success,,834,19,12,7,84794.99
TXN007952,C0795,14055.79,UPI,2026-07-09 06:03:55.463546,Success,,40,9,6,3,24337.53
TXN007953,C0881,22875.92,Net Banking,2026-07-09 06:38:11.989198,Success,,109,9,1,8,139665.16
TXN007954,C0182,16893.58,UPI,2026-07-09 07:12:28.514851,Success,,472,30,13,17,65019.24
TXN007955,C0962,10152.95,Debit Card,2026-07-09 07:46:45.040504,Success,,567,25,22,3,137993.17
TXN007956,C1841,21573.27,UPI,2026-07-09 08:21:01.566156,Success,,826,25,12,13,31162.44
TXN007957,C0656,4608.47,UPI,2026-07-09 08:55:18.091809,Success,,416,16,7,9,104258.45
TXN007958,C1922,13651.5,Debit Card,2026-07-09 09:29:34.617461,Success,,562,20,3,17,97315.02
TXN007959,C1340,23768.7,Credit Card,2026-07-09 10:03:51.143114,Success,,104,13,8,5,60251.51
TXN007960,C0694,15672.4,Debit Card,2026-07-09 10:38:07.668766,Success,,603,4,3,1,134802.3
TXN007961,C0030,20442.51,Credit Card,2026-07-09 11:12:24.194419,Success,,118,2,1,1,65502.91
TXN007962,C1620,16373.66,Credit Card,2026-07-09 11:46:40.720072,Success,,168,10,3,7,30165.36
TXN007963,C1702,21000.33,Debit Card,2026-07-09 12:20:57.245724,Success,,56,18,18,0,146559.31
TXN007964,C1820,23617.75,Credit Card,2026-07-09 12:55:13.771377,Success,,365,19,8,11,66501.47
TXN007965,C1817,6895.75,Credit Card,2026-07-09 13:29:30.297029,Success,,539,18,8,10,31606.91
TXN007966,C1120,4324.56,Debit Card,2026-07-09 14:03:46.822682,Abandoned,Checkout Abandoned,211,13,10,3,54863.08
TXN007967,C1405,12151.37,Wallet,2026-07-09 14:38:03.348334,Success,,272,14,9,5,92219.66
TXN007968,C0778,17576.37,UPI,2026-07-09 15:12:19.873987,Success,,559,2,2,0,77048.12
TXN007969,C0444,5757.06,Credit Card,2026-07-09 15:46:36.399639,Success,,694,2,1,1,95449.99
TXN007970,C0298,202.13,UPI,2026-07-09 16:20:52.925292,Success,,37,22,10,12,99447.66
TXN007971,C0808,8639.08,UPI,2026-07-09 16:55:09.450945,Success,,27,8,5,3,18945.46
TXN007972,C1761,24224.6,UPI,2026-07-09 17:29:25.976597,Success,,18,10,1,9,47575.3
TXN007973,C0845,17404.69,Net Banking,2026-07-09 18:03:42.502250,Failed,Technical Error,884,14,7,7,112430.8
TXN007974,C1016,10093.0,Credit Card,2026-07-09 18:37:59.027902,Success,,537,28,22,6,97729.9
TXN007975,C1385,4895.14,Debit Card,2026-07-09 19:12:15.553555,Abandoned,Checkout Abandoned,327,16,1,15,13708.08
TXN007976,C1398,8966.63,UPI,2026-07-09 19:46:32.079207,Success,,49,23,19,4,47614.56
TXN007977,C0554,4329.0,Credit Card,2026-07-09 20:20:48.604860,Success,,482,25,4,21,139732.66
TXN007978,C0303,2747.01,Net Banking,2026-07-09 20:55:05.130513,Success,,622,11,8,3,129370.89
TXN007979,C0421,22677.89,UPI,2026-07-09 21:29:21.656165,Success,,103,16,9,7,100761.11
TXN007980,C1270,24941.49,UPI,2026-07-09 22:03:38.181818,Abandoned,Checkout Abandoned,67,8,1,7,11393.14
TXN007981,C1744,4186.45,UPI,2026-07-09 22:37:54.707470,Success,,718,12,11,1,91254.75
TXN007982,C1261,1457.61,Debit Card,2026-07-09 23:12:11.233123,Success,,627,7,3,4,2322.13
TXN007983,C1558,8310.3,Credit Card,2026-07-09 23:46:27.758775,Success,,359,30,22,8,99338.4
TXN007984,C0185,11595.31,Credit Card,2026-07-10 00:20:44.284428,Success,,284,21,20,1,109816.13
TXN007985,C0468,5200.05,Debit Card,2026-07-10 00:55:00.810081,Success,,727,5,1,4,74837.92
TXN007986,C0754,7605.48,UPI,2026-07-10 01:29:17.335733,Success,,548,26,9,17,1069.09
TXN007987,C0363,5101.68,Debit Card,2026-07-10 02:03:33.861386,Success,,295,25,11,14,100158.21
TXN007988,C1307,19379.09,UPI,2026-07-10 02:37:50.387038,Abandoned,Checkout Abandoned,54,22,18,4,123051.14
TXN007989,C1577,17843.19,UPI,2026-07-10 03:12:06.912691,Success,,424,23,4,19,88087.19
TXN007990,C0336,15910.29,Debit Card,2026-07-10 03:46:23.438343,Success,,45,28,9,19,106525.03
TXN007991,C0162,9741.72,Net Banking,2026-07-10 04:20:39.963996,Success,,315,6,0,6,14003.04
TXN007992,C1184,22735.12,Debit Card,2026-07-10 04:54:56.489648,Failed,Technical Error,871,30,6,24,107440.62
TXN007993,C1498,24241.36,Debit Card,2026-07-10 05:29:13.015301,Success,,47,28,0,28,92321.85
TXN007994,C1625,4423.62,UPI,2026-07-10 06:03:29.540954,Abandoned,Checkout Abandoned,248,0,0,0,49987.45
TXN007995,C1346,5653.01,UPI,2026-07-10 06:37:46.066606,Success,,858,9,5,4,102957.43
TXN007996,C0012,13188.21,UPI,2026-07-10 07:12:02.592259,Success,,595,14,11,3,97014.64
TXN007997,C1448,2372.14,Net Banking,2026-07-10 07:46:19.117911,Success,,793,28,21,7,90119.31
TXN007998,C1097,10967.57,Net Banking,2026-07-10 08:20:35.643564,Abandoned,Checkout Abandoned,700,13,0,13,27850.34
TXN007999,C0588,14586.6,Wallet,2026-07-10 08:54:52.169216,Success,,468,3,3,0,44785.15
TXN008000,C1882,13099.63,UPI,2026-07-10 09:29:08.694869,Success,,176,30,30,0,148711.72
TXN008001,C0201,8339.62,Credit Card,2026-07-10 10:03:25.220522,Success,,772,3,2,1,65249.82
TXN008002,C0522,13606.9,Credit Card,2026-07-10 10:37:41.746174,Success,,869,28,7,21,9384.27
TXN008003,C1888,23974.14,Debit Card,2026-07-10 11:11:58.271827,Success,,222,8,2,6,134901.29
TXN008004,C0505,5229.83,Credit Card,2026-07-10 11:46:14.797479,Failed,Technical Error,741,14,14,0,26353.35
TXN008005,C1762,16405.3,Debit Card,2026-07-10 12:20:31.323132,Abandoned,Checkout Abandoned,768,11,11,0,60826.21
TXN008006,C1712,1180.58,UPI,2026-07-10 12:54:47.848784,Abandoned,Checkout Abandoned,672,8,0,8,42060.84
TXN008007,C0788,1753.77,UPI,2026-07-10 13:29:04.374437,Success,,375,2,1,1,144599.38
TXN008008,C1063,13840.52,UPI,2026-07-10 14:03:20.900090,Success,,330,26,16,10,57025.74
TXN008009,C0060,2712.99,UPI,2026-07-10 14:37:37.425742,Success,,314,14,8,6,106453.19
TXN008010,C0578,656.44,UPI,2026-07-10 15:11:53.951395,Success,,191,24,3,21,89958.25
TXN008011,C0321,4370.67,UPI,2026-07-10 15:46:10.477047,Failed,Bank Timeout,662,20,6,14,6924.79
TXN008012,C1459,14164.74,UPI,2026-07-10 16:20:27.002700,Success,,92,10,4,6,57955.04
TXN008013,C1660,17613.19,Credit Card,2026-07-10 16:54:43.528352,Failed,Technical Error,673,5,0,5,58808.28
TXN008014,C1700,5141.72,Net Banking,2026-07-10 17:29:00.054005,Failed,Card Declined,113,14,8,6,148480.08
TXN008015,C1432,16739.66,Net Banking,2026-07-10 18:03:16.579657,Success,,186,6,5,1,121883.34
TXN008016,C0923,4643.66,UPI,2026-07-10 18:37:33.105310,Success,,644,18,4,14,128569.81
TXN008017,C1410,15375.09,UPI,2026-07-10 19:11:49.630963,Success,,686,13,9,4,47371.41
TXN008018,C1695,10357.8,UPI,2026-07-10 19:46:06.156615,Success,,738,3,3,0,49693.66
TXN008019,C0569,16379.61,Wallet,2026-07-10 20:20:22.682268,Success,,884,20,0,20,77583.05
TXN008020,C1102,24876.81,Credit Card,2026-07-10 20:54:39.207920,Abandoned,Checkout Abandoned,291,0,0,0,94836.76
TXN008021,C1218,23451.64,UPI,2026-07-10 21:28:55.733573,Success,,375,23,14,9,109379.88
TXN008022,C1309,206.62,Net Banking,2026-07-10 22:03:12.259225,Success,,489,26,19,7,123209.88
TXN008023,C0527,22147.43,UPI,2026-07-10 22:37:28.784878,Failed,Bank Timeout,245,22,4,18,131043.73
TXN008024,C0524,1755.62,Net Banking,2026-07-10 23:11:45.310531,Failed,Insufficient Balance,780,12,12,0,4181.57
TXN008025,C0613,23830.86,UPI,2026-07-10 23:46:01.836183,Failed,Card Declined,626,10,8,2,119516.33
TXN008026,C1180,7117.46,UPI,2026-07-11 00:20:18.361836,Success,,454,27,1,26,91820.13
TXN008027,C1364,9612.67,Credit Card,2026-07-11 00:54:34.887488,Success,,692,28,1,27,80046.67
TXN008028,C0125,2381.79,Net Banking,2026-07-11 01:28:51.413141,Success,,338,17,11,6,94455.72
TXN008029,C0871,2895.59,Net Banking,2026-07-11 02:03:07.938793,Success,,586,22,22,0,132349.77
TXN008030,C0280,18195.84,Credit Card,2026-07-11 02:37:24.464446,Success,,76,27,16,11,82020.99
TXN008031,C0917,23613.87,UPI,2026-07-11 03:11:40.990099,Success,,663,8,1,7,24747.11
TXN008032,C1930,15307.64,UPI,2026-07-11 03:45:57.515751,Abandoned,Checkout Abandoned,457,20,10,10,65798.18
TXN008033,C0622,17924.67,Wallet,2026-07-11 04:20:14.041404,Success,,297,29,16,13,138706.7
TXN008034,C0846,19073.05,Credit Card,2026-07-11 04:54:30.567056,Success,,717,10,8,2,122265.32
TXN008035,C1893,6644.08,Debit Card,2026-07-11 05:28:47.092709,Success,,197,5,1,4,30855.32
TXN008036,C1682,1226.22,UPI,2026-07-11 06:03:03.618361,Success,,622,15,8,7,107264.49
TXN008037,C1752,146.63,Credit Card,2026-07-11 06:37:20.144014,Success,,414,4,4,0,38805.89
TXN008038,C1934,8831.17,UPI,2026-07-11 07:11:36.669666,Success,,371,0,0,0,52606.28
TXN008039,C0674,6112.46,Debit Card,2026-07-11 07:45:53.195319,Abandoned,Checkout Abandoned,164,21,18,3,70603.15
TXN008040,C1152,1651.71,Net Banking,2026-07-11 08:20:09.720972,Success,,654,13,11,2,66410.01
TXN008041,C0314,4570.25,Credit Card,2026-07-11 08:54:26.246624,Success,,588,29,18,11,4877.33
TXN008042,C0332,3200.02,Credit Card,2026-07-11 09:28:42.772277,Success,,733,22,0,22,116214.38
TXN008043,C1174,22880.47,UPI,2026-07-11 10:02:59.297929,Success,,690,20,4,16,127034.71
TXN008044,C1478,3592.65,UPI,2026-07-11 10:37:15.823582,Abandoned,Checkout Abandoned,117,18,18,0,79876.01
TXN008045,C0036,13487.45,Wallet,2026-07-11 11:11:32.349234,Success,,11,30,1,29,26356.19
TXN008046,C1709,14868.34,UPI,2026-07-11 11:45:48.874887,Success,,52,5,4,1,37566.73
TXN008047,C1444,13632.89,Net Banking,2026-07-11 12:20:05.400540,Success,,138,27,13,14,19386.96
TXN008048,C1046,2566.51,Debit Card,2026-07-11 12:54:21.926192,Failed,Card Declined,185,11,2,9,25841.19
TXN008049,C0206,8038.08,Debit Card,2026-07-11 13:28:38.451845,Success,,802,26,23,3,131521.41
TXN008050,C0639,1376.63,Wallet,2026-07-11 14:02:54.977497,Success,,99,6,0,6,72284.34
TXN008051,C0848,9952.18,Credit Card,2026-07-11 14:37:11.503150,Success,,898,9,1,8,17096.51
TXN008052,C1981,4796.11,Net Banking,2026-07-11 15:11:28.028802,Abandoned,Checkout Abandoned,844,9,0,9,38584.42
TXN008053,C1380,14084.65,UPI,2026-07-11 15:45:44.554455,Failed,Card Declined,261,27,7,20,142450.46
TXN008054,C0440,17350.93,Credit Card,2026-07-11 16:20:01.080108,Success,,104,29,13,16,76635.22
TXN008055,C0729,13349.78,Debit Card,2026-07-11 16:54:17.605760,Failed,Card Declined,612,24,16,8,77587.33
TXN008056,C1120,10912.49,UPI,2026-07-11 17:28:34.131413,Success,,726,12,5,7,79083.91
TXN008057,C1953,9744.6,Debit Card,2026-07-11 18:02:50.657065,Success,,490,6,1,5,17186.71
TXN008058,C0941,21058.13,Debit Card,2026-07-11 18:37:07.182718,Success,,354,18,10,8,145561.89
TXN008059,C0164,5562.26,Net Banking,2026-07-11 19:11:23.708370,Failed,Bank Timeout,384,0,0,0,13130.62
TXN008060,C0148,18382.04,UPI,2026-07-11 19:45:40.234023,Success,,65,14,7,7,105155.74
TXN008061,C1554,18961.31,Debit Card,2026-07-11 20:19:56.759675,Failed,Insufficient Balance,68,13,12,1,9135.84
TXN008062,C0294,10538.08,UPI,2026-07-11 20:54:13.285328,Success,,409,12,7,5,66816.97
TXN008063,C0195,7502.78,Debit Card,2026-07-11 21:28:29.810981,Failed,Insufficient Balance,751,6,6,0,135001.9
TXN008064,C0663,11816.48,Credit Card,2026-07-11 22:02:46.336633,Success,,99,11,7,4,115382.46
TXN008065,C0480,2421.03,Credit Card,2026-07-11 22:37:02.862286,Success,,63,7,7,0,50534.07
TXN008066,C1901,1243.66,UPI,2026-07-11 23:11:19.387938,Success,,772,14,13,1,82926.49
TXN008067,C0123,2878.92,UPI,2026-07-11 23:45:35.913591,Success,,568,26,25,1,25208.56
TXN008068,C1424,4759.91,UPI,2026-07-12 00:19:52.439243,Success,,667,16,2,14,143439.98
TXN008069,C0699,12654.0,UPI,2026-07-12 00:54:08.964896,Success,,218,20,1,19,106447.26
TXN008070,C0965,21243.5,Credit Card,2026-07-12 01:28:25.490549,Abandoned,Checkout Abandoned,55,11,11,0,56456.92
TXN008071,C1476,5967.49,Net Banking,2026-07-12 02:02:42.016201,Success,,127,27,3,24,48031.22
TXN008072,C0661,23385.53,UPI,2026-07-12 02:36:58.541854,Success,,226,12,4,8,36176.49
TXN008073,C1128,23877.21,UPI,2026-07-12 03:11:15.067506,Success,,643,7,7,0,118084.67
TXN008074,C1779,23976.72,Credit Card,2026-07-12 03:45:31.593159,Success,,163,9,1,8,65474.83
TXN008075,C1486,20955.31,Debit Card,2026-07-12 04:19:48.118811,Success,,521,6,6,0,49867.47
TXN008076,C1767,9159.24,UPI,2026-07-12 04:54:04.644464,Failed,Technical Error,539,30,26,4,135830.65
TXN008077,C1742,1909.83,UPI,2026-07-12 05:28:21.170117,Success,,314,1,1,0,22957.58
TXN008078,C0710,14263.59,UPI,2026-07-12 06:02:37.695769,Failed,Network Error,202,28,23,5,39943.41
TXN008079,C0396,14011.17,UPI,2026-07-12 06:36:54.221422,Success,,887,28,12,16,52042.47
TXN008080,C0912,21264.4,UPI,2026-07-12 07:11:10.747074,Abandoned,Checkout Abandoned,167,15,11,4,39347.8
TXN008081,C1361,24900.18,UPI,2026-07-12 07:45:27.272727,Success,,618,28,3,25,88017.75
TXN008082,C1005,12753.12,Debit Card,2026-07-12 08:19:43.798379,Success,,162,3,3,0,90354.15
TXN008083,C1623,8695.58,Credit Card,2026-07-12 08:54:00.324032,Success,,802,5,4,1,8684.97
TXN008084,C1166,4728.95,UPI,2026-07-12 09:28:16.849684,Abandoned,Checkout Abandoned,44,6,2,4,22107.1
TXN008085,C0317,219.52,Credit Card,2026-07-12 10:02:33.375337,Success,,116,29,11,18,30180.05
TXN008086,C1735,12776.93,Credit Card,2026-07-12 10:36:49.900990,Success,,347,22,14,8,11014.05
TXN008087,C1582,13932.41,Wallet,2026-07-12 11:11:06.426642,Success,,898,18,4,14,19151.92
TXN008088,C1824,20640.97,UPI,2026-07-12 11:45:22.952295,Abandoned,Checkout Abandoned,423,27,4,23,36327.88
TXN008089,C1551,12663.97,Debit Card,2026-07-12 12:19:39.477947,Success,,279,23,15,8,52170.28
TXN008090,C1580,22920.06,Debit Card,2026-07-12 12:53:56.003600,Success,,684,22,8,14,118800.7
TXN008091,C1425,15739.28,UPI,2026-07-12 13:28:12.529252,Failed,Bank Timeout,555,3,2,1,33076.81
TXN008092,C0681,21024.37,Net Banking,2026-07-12 14:02:29.054905,Failed,Insufficient Balance,528,9,3,6,100668.86
TXN008093,C1334,3792.71,Credit Card,2026-07-12 14:36:45.580558,Success,,749,28,16,12,9153.21
TXN008094,C0495,21397.87,Debit Card,2026-07-12 15:11:02.106210,Abandoned,Checkout Abandoned,433,3,3,0,98907.02
TXN008095,C0556,16911.08,UPI,2026-07-12 15:45:18.631863,Success,,197,19,0,19,119310.52
TXN008096,C0610,4338.8,UPI,2026-07-12 16:19:35.157515,Success,,510,4,3,1,90918.79
TXN008097,C1797,4825.11,Credit Card,2026-07-12 16:53:51.683168,Success,,811,13,12,1,30608.15
TXN008098,C0109,23169.87,UPI,2026-07-12 17:28:08.208820,Success,,278,10,3,7,49896.0
TXN008099,C1819,902.16,Credit Card,2026-07-12 18:02:24.734473,Failed,Bank Timeout,269,1,0,1,120874.61
TXN008100,C0372,11617.12,UPI,2026-07-12 18:36:41.260126,Abandoned,Checkout Abandoned,57,8,3,5,65079.8
TXN008101,C0855,7905.53,Credit Card,2026-07-12 19:10:57.785778,Success,,117,21,12,9,38657.58
TXN008102,C0616,16660.43,Credit Card,2026-07-12 19:45:14.311431,Success,,150,11,7,4,139937.38
TXN008103,C0768,21006.77,UPI,2026-07-12 20:19:30.837083,Success,,736,23,17,6,95784.55
TXN008104,C1915,9073.42,Credit Card,2026-07-12 20:53:47.362736,Success,,358,26,12,14,120954.35
TXN008105,C0206,10729.86,UPI,2026-07-12 21:28:03.888388,Success,,554,0,0,0,4163.03
TXN008106,C0847,24549.75,UPI,2026-07-12 22:02:20.414041,Failed,Bank Timeout,544,30,8,22,51230.82
TXN008107,C0043,19619.52,UPI,2026-07-12 22:36:36.939693,Success,,588,21,4,17,69105.09
TXN008108,C0865,22440.38,UPI,2026-07-12 23:10:53.465346,Success,,681,14,13,1,88319.52
TXN008109,C1269,11025.18,UPI,2026-07-12 23:45:09.990999,Success,,448,5,2,3,28900.8
TXN008110,C1311,5928.5,Wallet,2026-07-13 00:19:26.516651,Failed,Technical Error,524,23,13,10,74944.06
TXN008111,C1379,10355.4,UPI,2026-07-13 00:53:43.042304,Success,,133,28,23,5,103000.99
TXN008112,C0785,17930.69,UPI,2026-07-13 01:27:59.567956,Failed,Insufficient Balance,321,16,15,1,52208.47
TXN008113,C0476,2824.82,UPI,2026-07-13 02:02:16.093609,Success,,205,20,3,17,103870.61
TXN008114,C0083,6834.68,UPI,2026-07-13 02:36:32.619261,Success,,554,14,2,12,58753.28
TXN008115,C1134,1261.23,Credit Card,2026-07-13 03:10:49.144914,Success,,41,29,4,25,70684.78
TXN008116,C1974,10865.46,UPI,2026-07-13 03:45:05.670567,Success,,666,13,1,12,20576.79
TXN008117,C0190,20703.4,Credit Card,2026-07-13 04:19:22.196219,Success,,594,29,16,13,97865.55
TXN008118,C0800,714.13,UPI,2026-07-13 04:53:38.721872,Abandoned,Checkout Abandoned,782,18,3,15,34029.22
TXN008119,C0936,16915.56,Net Banking,2026-07-13 05:27:55.247524,Success,,518,21,5,16,124413.09
TXN008120,C1933,23319.15,UPI,2026-07-13 06:02:11.773177,Success,,286,8,5,3,83239.78
TXN008121,C0251,5999.5,Credit Card,2026-07-13 06:36:28.298829,Success,,268,25,17,8,84258.38
TXN008122,C1748,17371.51,Debit Card,2026-07-13 07:10:44.824482,Success,,894,2,1,1,136915.24
TXN008123,C0291,24380.04,UPI,2026-07-13 07:45:01.350135,Success,,240,24,19,5,25526.71
TXN008124,C1669,24060.72,Debit Card,2026-07-13 08:19:17.875787,Success,,204,27,25,2,79770.08
TXN008125,C1225,5949.74,Debit Card,2026-07-13 08:53:34.401440,Failed,Network Error,302,24,14,10,57639.65
TXN008126,C1821,2598.24,UPI,2026-07-13 09:27:50.927092,Success,,245,14,0,14,144965.45
TXN008127,C0326,3792.24,Credit Card,2026-07-13 10:02:07.452745,Success,,812,16,16,0,119010.75
TXN008128,C1535,17580.69,Wallet,2026-07-13 10:36:23.978397,Success,,554,1,0,1,113746.38
TXN008129,C1433,18171.4,Debit Card,2026-07-13 11:10:40.504050,Success,,191,26,1,25,31016.14
TXN008130,C1631,16888.49,Net Banking,2026-07-13 11:44:57.029702,Success,,780,3,3,0,35979.83
TXN008131,C1814,8468.35,UPI,2026-07-13 12:19:13.555355,Abandoned,Checkout Abandoned,697,13,7,6,4862.53
TXN008132,C1986,4327.45,Credit Card,2026-07-13 12:53:30.081008,Success,,667,10,2,8,95961.04
TXN008133,C1965,14560.95,Net Banking,2026-07-13 13:27:46.606660,Failed,Network Error,652,26,26,0,55939.89
TXN008134,C0837,12143.64,UPI,2026-07-13 14:02:03.132313,Success,,614,11,4,7,47150.08
TXN008135,C0508,18247.97,Wallet,2026-07-13 14:36:19.657965,Success,,878,22,2,20,95736.17
TXN008136,C0731,11089.87,UPI,2026-07-13 15:10:36.183618,Success,,654,15,7,8,124388.8
TXN008137,C1625,8532.13,Net Banking,2026-07-13 15:44:52.709270,Success,,18,11,3,8,20387.92
TXN008138,C0072,7407.62,UPI,2026-07-13 16:19:09.234923,Success,,213,1,0,1,137839.89
TXN008139,C1271,5365.61,UPI,2026-07-13 16:53:25.760576,Success,,537,6,4,2,5623.55
TXN008140,C0641,6717.08,Net Banking,2026-07-13 17:27:42.286228,Failed,Network Error,868,20,7,13,14718.4
TXN008141,C1748,2461.28,UPI,2026-07-13 18:01:58.811881,Abandoned,Checkout Abandoned,594,25,8,17,125800.16
TXN008142,C0940,8736.74,UPI,2026-07-13 18:36:15.337533,Success,,699,30,17,13,74159.22
TXN008143,C1879,1010.59,UPI,2026-07-13 19:10:31.863186,Success,,255,22,6,16,140918.6
TXN008144,C0608,4741.7,Debit Card,2026-07-13 19:44:48.388838,Success,,518,29,9,20,69517.12
TXN008145,C1611,18694.58,Wallet,2026-07-13 20:19:04.914491,Success,,194,27,0,27,138955.39
TXN008146,C1959,8204.18,UPI,2026-07-13 20:53:21.440144,Abandoned,Checkout Abandoned,578,24,3,21,36324.63
TXN008147,C0566,16739.1,Credit Card,2026-07-13 21:27:37.965796,Success,,372,24,19,5,92659.22
TXN008148,C1368,17950.42,UPI,2026-07-13 22:01:54.491449,Failed,Card Declined,95,2,2,0,149172.97
TXN008149,C1995,14571.52,Debit Card,2026-07-13 22:36:11.017101,Success,,26,2,0,2,56721.39
TXN008150,C1949,23971.57,UPI,2026-07-13 23:10:27.542754,Success,,842,12,4,8,717.48
TXN008151,C0054,633.85,UPI,2026-07-13 23:44:44.068406,Success,,834,6,4,2,10075.8
TXN008152,C1754,18492.45,UPI,2026-07-14 00:19:00.594059,Failed,Insufficient Balance,712,4,2,2,128929.41
TXN008153,C0528,23973.79,Credit Card,2026-07-14 00:53:17.119711,Success,,204,20,20,0,74036.9
TXN008154,C0611,21570.57,Net Banking,2026-07-14 01:27:33.645364,Success,,14,4,4,0,80739.37
TXN008155,C1556,4280.53,Credit Card,2026-07-14 02:01:50.171017,Success,,415,24,23,1,120014.2
TXN008156,C1582,8237.83,UPI,2026-07-14 02:36:06.696669,Success,,184,30,30,0,121831.06
TXN008157,C1987,4394.05,Credit Card,2026-07-14 03:10:23.222322,Success,,141,19,10,9,71874.49
TXN008158,C0193,15072.58,Debit Card,2026-07-14 03:44:39.747974,Failed,Card Declined,609,21,1,20,128780.09
TXN008159,C1919,17833.48,UPI,2026-07-14 04:18:56.273627,Failed,Card Declined,704,5,5,0,70529.53
TXN008160,C0058,7995.14,UPI,2026-07-14 04:53:12.799279,Failed,Card Declined,809,12,7,5,101415.7
TXN008161,C1461,13533.71,UPI,2026-07-14 05:27:29.324932,Abandoned,Checkout Abandoned,119,6,3,3,5487.59
TXN008162,C1135,17303.92,Debit Card,2026-07-14 06:01:45.850585,Failed,Technical Error,587,1,0,1,21130.91
TXN008163,C0129,10591.36,Credit Card,2026-07-14 06:36:02.376237,Abandoned,Checkout Abandoned,621,21,7,14,127787.3
TXN008164,C1873,21364.99,Credit Card,2026-07-14 07:10:18.901890,Success,,462,28,4,24,47311.2
TXN008165,C0706,19311.59,UPI,2026-07-14 07:44:35.427542,Success,,848,8,4,4,50544.22
TXN008166,C1949,1710.17,UPI,2026-07-14 08:18:51.953195,Abandoned,Checkout Abandoned,237,18,13,5,99617.18
TXN008167,C0852,15566.02,Wallet,2026-07-14 08:53:08.478847,Success,,753,1,0,1,89084.45
TXN008168,C1350,5959.61,UPI,2026-07-14 09:27:25.004500,Failed,Technical Error,756,12,12,0,12787.2
TXN008169,C0008,13982.2,Net Banking,2026-07-14 10:01:41.530153,Success,,785,7,0,7,114981.87
TXN008170,C0029,23926.52,Credit Card,2026-07-14 10:35:58.055805,Failed,Bank Timeout,557,15,5,10,92774.75
TXN008171,C1136,21988.64,UPI,2026-07-14 11:10:14.581458,Success,,500,0,0,0,128372.11
TXN008172,C0947,10172.46,Credit Card,2026-07-14 11:44:31.107110,Success,,277,10,10,0,80556.79
TXN008173,C1697,7358.7,Wallet,2026-07-14 12:18:47.632763,Success,,677,7,2,5,62441.56
TXN008174,C0131,5936.7,UPI,2026-07-14 12:53:04.158415,Success,,523,20,16,4,56015.4
TXN008175,C0188,13359.62,Net Banking,2026-07-14 13:27:20.684068,Abandoned,Checkout Abandoned,888,24,11,13,1160.63
TXN008176,C1699,2944.79,UPI,2026-07-14 14:01:37.209720,Success,,599,24,11,13,6447.74
TXN008177,C0709,13776.95,Credit Card,2026-07-14 14:35:53.735373,Abandoned,Checkout Abandoned,668,19,15,4,20116.11
TXN008178,C1499,133.21,Net Banking,2026-07-14 15:10:10.261026,Success,,350,0,0,0,139465.84
TXN008179,C1388,8163.86,Wallet,2026-07-14 15:44:26.786678,Abandoned,Checkout Abandoned,314,20,0,20,132157.25
TXN008180,C1228,5576.36,Credit Card,2026-07-14 16:18:43.312331,Success,,377,6,1,5,74830.86
TXN008181,C0212,24283.35,Credit Card,2026-07-14 16:52:59.837983,Success,,814,24,5,19,27439.36
TXN008182,C1645,18208.33,UPI,2026-07-14 17:27:16.363636,Success,,701,25,4,21,22343.65
TXN008183,C0276,8806.37,UPI,2026-07-14 18:01:32.889288,Abandoned,Checkout Abandoned,478,24,17,7,38791.52
TXN008184,C1097,2411.84,UPI,2026-07-14 18:35:49.414941,Success,,581,8,5,3,136354.06
TXN008185,C1703,12968.33,UPI,2026-07-14 19:10:05.940594,Success,,234,21,6,15,78459.47
TXN008186,C1796,5414.85,UPI,2026-07-14 19:44:22.466246,Success,,819,1,0,1,120704.26
TXN008187,C0243,13457.1,UPI,2026-07-14 20:18:38.991899,Success,,784,20,10,10,76259.78
TXN008188,C1811,20900.52,Wallet,2026-07-14 20:52:55.517551,Failed,Bank Timeout,819,18,7,11,91612.37
TXN008189,C1126,15433.23,Debit Card,2026-07-14 21:27:12.043204,Success,,194,27,3,24,91710.34
TXN008190,C0987,15881.33,UPI,2026-07-14 22:01:28.568856,Success,,793,5,1,4,5185.0
TXN008191,C0685,13571.65,Wallet,2026-07-14 22:35:45.094509,Abandoned,Checkout Abandoned,636,26,8,18,67067.64
TXN008192,C0171,23188.91,UPI,2026-07-14 23:10:01.620162,Success,,418,4,4,0,129675.33
TXN008193,C0653,23304.38,Credit Card,2026-07-14 23:44:18.145814,Failed,Insufficient Balance,431,12,2,10,73620.25
TXN008194,C1933,12866.81,Credit Card,2026-07-15 00:18:34.671467,Success,,309,29,29,0,65582.65
TXN008195,C0188,7713.41,UPI,2026-07-15 00:52:51.197119,Abandoned,Checkout Abandoned,559,9,4,5,79218.56
TXN008196,C1465,11543.72,Debit Card,2026-07-15 01:27:07.722772,Success,,265,26,24,2,57424.67
TXN008197,C1110,4745.29,UPI,2026-07-15 02:01:24.248424,Failed,Insufficient Balance,243,0,0,0,77552.3
TXN008198,C1500,15944.97,UPI,2026-07-15 02:35:40.774077,Success,,822,25,12,13,20734.05
TXN008199,C0052,12552.3,UPI,2026-07-15 03:09:57.299729,Success,,252,25,11,14,145208.04
TXN008200,C0111,2672.18,Wallet,2026-07-15 03:44:13.825382,Success,,679,27,8,19,5602.43
TXN008201,C1973,5021.43,Debit Card,2026-07-15 04:18:30.351035,Success,,474,17,7,10,72739.51
TXN008202,C0877,12042.84,Debit Card,2026-07-15 04:52:46.876687,Success,,397,26,8,18,31893.88
TXN008203,C1878,22200.97,Credit Card,2026-07-15 05:27:03.402340,Success,,359,20,20,0,9224.19
TXN008204,C1067,14203.13,UPI,2026-07-15 06:01:19.927992,Abandoned,Checkout Abandoned,221,13,12,1,97929.95
TXN008205,C0211,17070.22,Credit Card,2026-07-15 06:35:36.453645,Success,,300,11,10,1,147784.6
TXN008206,C1992,8541.81,UPI,2026-07-15 07:09:52.979297,Success,,582,5,4,1,112565.94
TXN008207,C1224,14328.14,UPI,2026-07-15 07:44:09.504950,Success,,519,13,8,5,38476.09
TXN008208,C1834,11239.76,Debit Card,2026-07-15 08:18:26.030603,Success,,516,16,5,11,74261.66
TXN008209,C0858,16512.33,UPI,2026-07-15 08:52:42.556255,Success,,654,6,4,2,7942.34
TXN008210,C1776,1359.33,UPI,2026-07-15 09:26:59.081908,Abandoned,Checkout Abandoned,630,2,1,1,79984.7
TXN008211,C0627,12383.18,Net Banking,2026-07-15 10:01:15.607560,Failed,Technical Error,343,16,5,11,15369.75
TXN008212,C1050,7470.22,Debit Card,2026-07-15 10:35:32.133213,Success,,434,22,10,12,119293.84
TXN008213,C1943,8222.01,Credit Card,2026-07-15 11:09:48.658865,Success,,818,22,9,13,8977.61
TXN008214,C0299,24026.84,UPI,2026-07-15 11:44:05.184518,Success,,881,9,5,4,1899.46
TXN008215,C1101,4649.1,UPI,2026-07-15 12:18:21.710171,Success,,805,2,2,0,129302.78
TXN008216,C0924,7850.01,Debit Card,2026-07-15 12:52:38.235823,Success,,147,15,8,7,141410.06
TXN008217,C0137,12796.33,Debit Card,2026-07-15 13:26:54.761476,Failed,Bank Timeout,127,5,2,3,13439.83
TXN008218,C1044,21589.37,Credit Card,2026-07-15 14:01:11.287128,Success,,646,30,11,19,42198.04
TXN008219,C0440,10475.09,Wallet,2026-07-15 14:35:27.812781,Abandoned,Checkout Abandoned,189,3,3,0,111383.74
TXN008220,C0211,18622.25,Wallet,2026-07-15 15:09:44.338433,Success,,231,29,12,17,81178.19
TXN008221,C0752,21423.72,UPI,2026-07-15 15:44:00.864086,Success,,379,19,5,14,142410.9
TXN008222,C1575,7819.41,Net Banking,2026-07-15 16:18:17.389738,Abandoned,Checkout Abandoned,169,8,4,4,58682.41
TXN008223,C0435,9879.48,Credit Card,2026-07-15 16:52:33.915391,Success,,213,28,3,25,996.77
TXN008224,C0780,8978.25,Credit Card,2026-07-15 17:26:50.441044,Success,,566,6,2,4,3451.97
TXN008225,C1231,20838.11,UPI,2026-07-15 18:01:06.966696,Success,,537,15,14,1,84945.74
TXN008226,C0439,1204.24,Credit Card,2026-07-15 18:35:23.492349,Success,,611,5,1,4,112939.76
TXN008227,C1998,7779.69,Net Banking,2026-07-15 19:09:40.018001,Success,,812,11,3,8,118697.24
TXN008228,C1803,17017.27,Debit Card,2026-07-15 19:43:56.543654,Success,,626,24,18,6,136771.8
TXN008229,C0666,14179.54,Debit Card,2026-07-15 20:18:13.069306,Success,,666,28,6,22,34746.64
TXN008230,C1066,10963.61,UPI,2026-07-15 20:52:29.594959,Failed,Bank Timeout,121,2,0,2,110891.68
TXN008231,C0411,13544.71,UPI,2026-07-15 21:26:46.120612,Success,,224,11,3,8,124151.17
TXN008232,C1547,5019.86,UPI,2026-07-15 22:01:02.646264,Success,,435,19,9,10,125523.17
TXN008233,C0806,10824.84,UPI,2026-07-15 22:35:19.171917,Success,,699,13,11,2,62025.76
TXN008234,C0610,12592.4,Credit Card,2026-07-15 23:09:35.697569,Success,,542,13,8,5,94084.46
TXN008235,C0427,22539.61,UPI,2026-07-15 23:43:52.223222,Success,,747,8,4,4,82959.01
TXN008236,C1299,6594.8,Credit Card,2026-07-16 00:18:08.748874,Success,,55,3,1,2,89824.15
TXN008237,C1472,21708.93,UPI,2026-07-16 00:52:25.274527,Success,,66,22,18,4,42663.67
TXN008238,C0902,16141.61,UPI,2026-07-16 01:26:41.800180,Success,,782,24,1,23,102643.55
TXN008239,C0942,606.49,UPI,2026-07-16 02:00:58.325832,Failed,Card Declined,495,19,5,14,106647.59
TXN008240,C1908,18143.32,Net Banking,2026-07-16 02:35:14.851485,Failed,Network Error,573,24,5,19,29794.28
TXN008241,C0742,985.24,UPI,2026-07-16 03:09:31.377137,Success,,424,14,0,14,66823.05
TXN008242,C1393,24934.79,UPI,2026-07-16 03:43:47.902790,Success,,440,6,6,0,63604.78
TXN008243,C1962,21828.65,Net Banking,2026-07-16 04:18:04.428442,Success,,140,19,11,8,112468.12
TXN008244,C1244,7503.86,Wallet,2026-07-16 04:52:20.954095,Success,,574,18,11,7,100142.21
TXN008245,C1601,6509.54,Debit Card,2026-07-16 05:26:37.479747,Success,,604,5,3,2,71691.28
TXN008246,C1891,9597.88,UPI,2026-07-16 06:00:54.005400,Abandoned,Checkout Abandoned,27,18,5,13,98053.43
TXN008247,C1256,8968.56,UPI,2026-07-16 06:35:10.531053,Success,,421,6,5,1,39797.81
TXN008248,C0328,9371.21,Wallet,2026-07-16 07:09:27.056705,Abandoned,Checkout Abandoned,152,0,0,0,35236.01
TXN008249,C1467,8025.09,Net Banking,2026-07-16 07:43:43.582358,Success,,315,6,0,6,36367.99
TXN008250,C0052,15566.22,Credit Card,2026-07-16 08:18:00.108010,Success,,426,2,0,2,4909.9
TXN008251,C1910,4190.17,UPI,2026-07-16 08:52:16.633663,Success,,549,24,17,7,103815.9
TXN008252,C1967,21164.93,UPI,2026-07-16 09:26:33.159315,Failed,Network Error,823,5,4,1,147884.29
TXN008253,C0376,20328.82,UPI,2026-07-16 10:00:49.684968,Success,,122,22,12,10,46700.31
TXN008254,C0263,11964.43,Credit Card,2026-07-16 10:35:06.210621,Success,,637,24,10,14,139510.09
TXN008255,C0267,21332.98,UPI,2026-07-16 11:09:22.736273,Success,,849,5,2,3,91178.12
TXN008256,C0359,6253.91,Wallet,2026-07-16 11:43:39.261926,Failed,Network Error,385,25,16,9,34127.67
TXN008257,C1341,537.38,UPI,2026-07-16 12:17:55.787578,Failed,Technical Error,497,10,9,1,2273.76
TXN008258,C1348,15518.28,Debit Card,2026-07-16 12:52:12.313231,Success,,772,1,1,0,108697.85
TXN008259,C1945,11501.94,UPI,2026-07-16 13:26:28.838883,Success,,634,30,29,1,104637.85
TXN008260,C1932,14222.4,Credit Card,2026-07-16 14:00:45.364536,Abandoned,Checkout Abandoned,103,5,3,2,34773.37
TXN008261,C1690,22493.55,UPI,2026-07-16 14:35:01.890189,Failed,Network Error,10,21,1,20,50239.41
TXN008262,C1894,24251.15,Debit Card,2026-07-16 15:09:18.415841,Success,,464,17,6,11,134757.99
TXN008263,C1902,15897.88,Credit Card,2026-07-16 15:43:34.941494,Failed,Network Error,704,22,21,1,24006.38
TXN008264,C0652,19124.98,UPI,2026-07-16 16:17:51.467146,Success,,835,13,8,5,125398.86
TXN008265,C1963,2186.83,Net Banking,2026-07-16 16:52:07.992799,Success,,471,11,9,2,25798.9
TXN008266,C1587,4101.82,Credit Card,2026-07-16 17:26:24.518451,Success,,158,8,4,4,72518.21
TXN008267,C1653,18356.8,Wallet,2026-07-16 18:00:41.044104,Success,,577,12,2,10,75095.31
TXN008268,C1445,10841.0,Net Banking,2026-07-16 18:34:57.569756,Failed,Card Declined,591,25,16,9,71077.4
TXN008269,C0046,11204.54,Wallet,2026-07-16 19:09:14.095409,Success,,666,19,15,4,43545.47
TXN008270,C1845,7784.33,UPI,2026-07-16 19:43:30.621062,Success,,87,26,16,10,38378.03
TXN008271,C0600,15223.17,UPI,2026-07-16 20:17:47.146714,Failed,Insufficient Balance,656,20,17,3,110106.64
TXN008272,C0720,4710.61,Wallet,2026-07-16 20:52:03.672367,Failed,Technical Error,88,21,10,11,41713.7
TXN008273,C1913,15710.22,Credit Card,2026-07-16 21:26:20.198019,Success,,849,0,0,0,91682.35
TXN008274,C1293,4427.59,UPI,2026-07-16 22:00:36.723672,Success,,257,7,2,5,127072.63
TXN008275,C0601,1689.27,Debit Card,2026-07-16 22:34:53.249324,Failed,Bank Timeout,697,27,10,17,125636.65
TXN008276,C0381,8325.91,UPI,2026-07-16 23:09:09.774977,Success,,19,28,9,19,25489.14
TXN008277,C0118,5855.39,Debit Card,2026-07-16 23:43:26.300630,Failed,Card Declined,230,8,4,4,98383.28
TXN008278,C1590,22235.89,Net Banking,2026-07-17 00:17:42.826282,Success,,136,16,3,13,90540.73
TXN008279,C1977,1468.34,Debit Card,2026-07-17 00:51:59.351935,Success,,50,12,9,3,42656.68
TXN008280,C0116,4497.68,UPI,2026-07-17 01:26:15.877587,Failed,Network Error,711,3,2,1,59022.37
TXN008281,C1654,13763.12,UPI,2026-07-17 02:00:32.403240,Failed,Bank Timeout,423,5,5,0,43124.4
TXN008282,C0260,12078.57,UPI,2026-07-17 02:34:48.928892,Success,,628,12,5,7,80791.24
TXN008283,C1099,1241.72,Credit Card,2026-07-17 03:09:05.454545,Success,,685,25,10,15,120642.3
TXN008284,C1504,280.59,UPI,2026-07-17 03:43:21.980198,Failed,Card Declined,187,16,5,11,131686.75
TXN008285,C0305,24702.89,Credit Card,2026-07-17 04:17:38.505850,Success,,91,18,14,4,108562.13
TXN008286,C0007,16504.98,Credit Card,2026-07-17 04:51:55.031503,Success,,395,29,26,3,72775.83
TXN008287,C0366,9198.61,Credit Card,2026-07-17 05:26:11.557155,Success,,526,22,5,17,143735.24
TXN008288,C1658,11813.76,Net Banking,2026-07-17 06:00:28.082808,Success,,695,30,19,11,84799.91
TXN008289,C0523,6737.1,Credit Card,2026-07-17 06:34:44.608460,Success,,342,23,0,23,72042.73
TXN008290,C1372,8687.36,UPI,2026-07-17 07:09:01.134113,Success,,305,28,8,20,128587.66
TXN008291,C1462,16261.21,Debit Card,2026-07-17 07:43:17.659765,Success,,450,7,5,2,28101.19
TXN008292,C1239,22082.01,Debit Card,2026-07-17 08:17:34.185418,Abandoned,Checkout Abandoned,788,20,2,18,24102.81
TXN008293,C0429,4684.84,UPI,2026-07-17 08:51:50.711071,Abandoned,Checkout Abandoned,639,16,0,16,117490.1
TXN008294,C0791,21025.0,Credit Card,2026-07-17 09:26:07.236723,Abandoned,Checkout Abandoned,721,16,13,3,130650.34
TXN008295,C1522,3126.76,UPI,2026-07-17 10:00:23.762376,Failed,Technical Error,504,23,13,10,11379.83
TXN008296,C1564,5453.31,UPI,2026-07-17 10:34:40.288028,Success,,538,20,3,17,114730.87
TXN008297,C0747,1025.66,Net Banking,2026-07-17 11:08:56.813681,Success,,596,14,13,1,63957.03
TXN008298,C0367,3606.22,Net Banking,2026-07-17 11:43:13.339333,Success,,130,26,22,4,105707.16
TXN008299,C0313,22940.85,Credit Card,2026-07-17 12:17:29.864986,Success,,803,24,3,21,20677.92
TXN008300,C0538,11540.02,Debit Card,2026-07-17 12:51:46.390639,Success,,560,0,0,0,145965.41
TXN008301,C0921,2033.88,Net Banking,2026-07-17 13:26:02.916291,Success,,875,1,0,1,132251.4
TXN008302,C1078,23997.2,Wallet,2026-07-17 14:00:19.441944,Abandoned,Checkout Abandoned,204,19,19,0,61192.89
TXN008303,C1565,21986.91,Credit Card,2026-07-17 14:34:35.967596,Success,,507,9,8,1,134057.14
TXN008304,C1491,18891.59,Credit Card,2026-07-17 15:08:52.493249,Success,,162,26,10,16,134291.4
TXN008305,C0865,23343.47,UPI,2026-07-17 15:43:09.018901,Success,,353,15,14,1,69457.33
TXN008306,C1188,5581.22,UPI,2026-07-17 16:17:25.544554,Success,,766,22,5,17,142059.38
TXN008307,C0782,20925.6,UPI,2026-07-17 16:51:42.070207,Abandoned,Checkout Abandoned,125,3,0,3,146540.14
TXN008308,C0334,17280.78,Debit Card,2026-07-17 17:25:58.595859,Success,,50,7,3,4,32973.3
TXN008309,C1571,21757.01,Net Banking,2026-07-17 18:00:15.121512,Success,,113,15,11,4,10466.67
TXN008310,C0798,19943.1,Net Banking,2026-07-17 18:34:31.647164,Abandoned,Checkout Abandoned,257,6,4,2,50006.89
TXN008311,C0348,8727.73,UPI,2026-07-17 19:08:48.172817,Success,,373,4,1,3,73580.87
TXN008312,C0273,19382.52,Credit Card,2026-07-17 19:43:04.698469,Success,,693,22,22,0,14355.12
TXN008313,C0963,6635.16,UPI,2026-07-17 20:17:21.224122,Success,,275,7,6,1,21528.6
TXN008314,C0720,8281.94,UPI,2026-07-17 20:51:37.749774,Failed,Network Error,850,2,1,1,145769.02
TXN008315,C1774,2786.85,Net Banking,2026-07-17 21:25:54.275427,Success,,395,2,1,1,110726.44
TXN008316,C1438,23383.41,Credit Card,2026-07-17 22:00:10.801080,Failed,Technical Error,897,17,10,7,131303.24
TXN008317,C0500,7345.98,Debit Card,2026-07-17 22:34:27.326732,Abandoned,Checkout Abandoned,158,3,0,3,145687.61
TXN008318,C1117,13063.5,UPI,2026-07-17 23:08:43.852385,Success,,212,26,23,3,57032.58
TXN008319,C0685,9844.19,UPI,2026-07-17 23:43:00.378037,Success,,383,3,1,2,103335.66
TXN008320,C0079,24002.21,Debit Card,2026-07-18 00:17:16.903690,Failed,Card Declined,34,14,2,12,28011.29
TXN008321,C0622,8442.72,UPI,2026-07-18 00:51:33.429342,Success,,799,29,27,2,82974.25
TXN008322,C1241,19485.79,UPI,2026-07-18 01:25:49.954995,Abandoned,Checkout Abandoned,462,14,1,13,31876.83
TXN008323,C0947,21399.86,UPI,2026-07-18 02:00:06.480648,Success,,466,28,16,12,24484.43
TXN008324,C0358,10946.6,Debit Card,2026-07-18 02:34:23.006300,Success,,20,3,3,0,15217.32
TXN008325,C0618,9516.48,Wallet,2026-07-18 03:08:39.531953,Success,,270,1,0,1,87170.62
TXN008326,C0507,18718.87,Net Banking,2026-07-18 03:42:56.057605,Success,,527,22,22,0,142502.75
TXN008327,C1583,22831.11,Wallet,2026-07-18 04:17:12.583258,Success,,234,25,7,18,18772.16
TXN008328,C1205,18897.8,Net Banking,2026-07-18 04:51:29.108910,Failed,Bank Timeout,281,2,0,2,75596.01
TXN008329,C0576,5755.45,Net Banking,2026-07-18 05:25:45.634563,Success,,769,27,25,2,103216.68
TXN008330,C1270,22218.86,Credit Card,2026-07-18 06:00:02.160216,Failed,Insufficient Balance,55,30,28,2,74631.32
TXN008331,C0244,9750.78,Credit Card,2026-07-18 06:34:18.685868,Success,,417,9,8,1,136810.5
TXN008332,C0506,14448.11,UPI,2026-07-18 07:08:35.211521,Success,,23,0,0,0,25361.2
TXN008333,C0422,20802.75,Net Banking,2026-07-18 07:42:51.737173,Failed,Network Error,545,17,0,17,4112.41
TXN008334,C1344,4791.03,UPI,2026-07-18 08:17:08.262826,Abandoned,Checkout Abandoned,374,4,3,1,57776.16
TXN008335,C1111,19634.3,UPI,2026-07-18 08:51:24.788478,Failed,Technical Error,263,8,4,4,83545.58
TXN008336,C0217,14944.45,Wallet,2026-07-18 09:25:41.314131,Failed,Bank Timeout,853,19,15,4,38548.81
TXN008337,C1514,22344.21,UPI,2026-07-18 09:59:57.839783,Success,,416,5,4,1,25680.82
TXN008338,C1543,4382.06,Wallet,2026-07-18 10:34:14.365436,Failed,Bank Timeout,783,18,9,9,120823.26
TXN008339,C1302,10574.99,Debit Card,2026-07-18 11:08:30.891089,Success,,768,8,8,0,28691.99
TXN008340,C1873,20837.79,UPI,2026-07-18 11:42:47.416741,Success,,498,17,2,15,66680.99
TXN008341,C1746,578.87,Debit Card,2026-07-18 12:17:03.942394,Success,,798,23,8,15,143194.93
TXN008342,C1009,2893.81,Net Banking,2026-07-18 12:51:20.468046,Failed,Insufficient Balance,121,14,5,9,92099.37
TXN008343,C1193,24765.07,UPI,2026-07-18 13:25:36.993699,Success,,210,14,3,11,74909.66
TXN008344,C0330,7081.82,Debit Card,2026-07-18 13:59:53.519351,Success,,311,26,7,19,54357.41
TXN008345,C0650,24391.03,Net Banking,2026-07-18 14:34:10.045004,Success,,114,13,3,10,78297.63
TXN008346,C1465,4645.04,UPI,2026-07-18 15:08:26.570657,Success,,237,29,10,19,110278.91
TXN008347,C0391,9091.25,UPI,2026-07-18 15:42:43.096309,Failed,Card Declined,434,2,2,0,123467.82
TXN008348,C1520,18846.45,UPI,2026-07-18 16:16:59.621962,Success,,497,7,6,1,97652.24
TXN008349,C0381,16478.68,UPI,2026-07-18 16:51:16.147614,Success,,708,18,7,11,118652.4
TXN008350,C1330,14569.95,UPI,2026-07-18 17:25:32.673267,Success,,462,10,9,1,13718.46
TXN008351,C0742,13294.49,Debit Card,2026-07-18 17:59:49.198919,Success,,889,27,22,5,2648.98
TXN008352,C0820,21101.67,UPI,2026-07-18 18:34:05.724572,Success,,691,27,23,4,110294.45
TXN008353,C0673,5950.22,Net Banking,2026-07-18 19:08:22.250225,Success,,196,3,0,3,39624.76
TXN008354,C0513,11117.53,UPI,2026-07-18 19:42:38.775877,Success,,562,14,7,7,131712.9
TXN008355,C1772,3970.76,Credit Card,2026-07-18 20:16:55.301530,Success,,332,23,13,10,80609.68
TXN008356,C0949,14938.95,Credit Card,2026-07-18 20:51:11.827182,Failed,Insufficient Balance,348,9,6,3,72038.88
TXN008357,C1212,6338.56,Net Banking,2026-07-18 21:25:28.352835,Abandoned,Checkout Abandoned,92,19,15,4,116036.41
TXN008358,C0930,8412.67,Credit Card,2026-07-18 21:59:44.878487,Success,,842,10,0,10,111293.85
TXN008359,C1540,11834.14,UPI,2026-07-18 22:34:01.404140,Success,,351,24,19,5,105789.34
TXN008360,C0913,766.59,Net Banking,2026-07-18 23:08:17.929792,Failed,Insufficient Balance,156,8,2,6,103640.19
TXN008361,C0644,2389.25,UPI,2026-07-18 23:42:34.455445,Success,,344,21,11,10,77551.7
TXN008362,C0427,17179.64,UPI,2026-07-19 00:16:50.981098,Success,,668,16,8,8,139008.09
TXN008363,C0502,10781.35,UPI,2026-07-19 00:51:07.506750,Success,,802,8,7,1,133650.89
TXN008364,C0730,21633.28,Debit Card,2026-07-19 01:25:24.032403,Abandoned,Checkout Abandoned,688,24,8,16,49746.04
TXN008365,C1284,17397.33,UPI,2026-07-19 01:59:40.558055,Success,,777,29,4,25,120801.83
TXN008366,C1537,301.71,Credit Card,2026-07-19 02:33:57.083708,Success,,232,28,20,8,133720.72
TXN008367,C0071,15456.14,Credit Card,2026-07-19 03:08:13.609360,Success,,615,22,9,13,92929.12
TXN008368,C0478,2433.75,Wallet,2026-07-19 03:42:30.135013,Success,,385,8,4,4,83559.09
TXN008369,C1202,19545.24,UPI,2026-07-19 04:16:46.660666,Success,,682,23,13,10,100947.07
TXN008370,C0457,24788.54,UPI,2026-07-19 04:51:03.186318,Success,,257,24,17,7,24877.57
TXN008371,C0189,13326.85,UPI,2026-07-19 05:25:19.711971,Failed,Card Declined,473,8,6,2,13557.88
TXN008372,C0291,17101.21,UPI,2026-07-19 05:59:36.237623,Success,,433,22,7,15,123112.47
TXN008373,C1544,6009.12,Debit Card,2026-07-19 06:33:52.763276,Success,,277,21,4,17,86212.27
TXN008374,C1789,10996.18,Credit Card,2026-07-19 07:08:09.288928,Success,,869,1,1,0,18813.97
TXN008375,C0920,21416.77,Debit Card,2026-07-19 07:42:25.814581,Success,,679,12,5,7,62739.55
TXN008376,C0292,4268.83,Net Banking,2026-07-19 08:16:42.340234,Abandoned,Checkout Abandoned,591,22,19,3,45086.04
TXN008377,C1970,6711.84,Wallet,2026-07-19 08:50:58.865886,Success,,691,0,0,0,131383.95
TXN008378,C0756,11191.3,UPI,2026-07-19 09:25:15.391539,Success,,407,5,0,5,76329.42
TXN008379,C1659,17835.0,Wallet,2026-07-19 09:59:31.917191,Success,,270,5,4,1,86838.13
TXN008380,C1835,9459.51,UPI,2026-07-19 10:33:48.442844,Success,,429,15,8,7,35675.92
TXN008381,C1307,23200.53,Debit Card,2026-07-19 11:08:04.968496,Abandoned,Checkout Abandoned,452,11,7,4,119960.0
TXN008382,C1568,2451.98,Credit Card,2026-07-19 11:42:21.494149,Success,,450,14,0,14,139550.14
TXN008383,C1870,9333.02,Net Banking,2026-07-19 12:16:38.019801,Success,,736,6,4,2,118977.91
TXN008384,C0377,17752.96,Credit Card,2026-07-19 12:50:54.545454,Success,,837,1,0,1,74182.44
TXN008385,C1682,5727.07,Debit Card,2026-07-19 13:25:11.071107,Failed,Card Declined,489,29,0,29,125345.8
TXN008386,C1180,16444.69,Wallet,2026-07-19 13:59:27.596759,Success,,599,29,21,8,28599.85
TXN008387,C0508,4189.0,Debit Card,2026-07-19 14:33:44.122412,Success,,456,28,17,11,17455.34
TXN008388,C1437,1493.91,Debit Card,2026-07-19 15:08:00.648064,Success,,714,11,5,6,66013.76
TXN008389,C0528,3113.29,UPI,2026-07-19 15:42:17.173717,Abandoned,Checkout Abandoned,890,19,15,4,27639.4
TXN008390,C1379,23256.62,UPI,2026-07-19 16:16:33.699369,Success,,317,1,1,0,39244.5
TXN008391,C0559,13838.6,Wallet,2026-07-19 16:50:50.225022,Success,,658,29,12,17,87974.96
TXN008392,C1787,19929.01,Debit Card,2026-07-19 17:25:06.750675,Success,,153,3,1,2,60883.52
TXN008393,C1211,8383.1,Credit Card,2026-07-19 17:59:23.276327,Success,,556,2,1,1,129948.8
TXN008394,C1055,14857.2,UPI,2026-07-19 18:33:39.801980,Success,,339,1,0,1,34229.05
TXN008395,C0260,12424.31,UPI,2026-07-19 19:07:56.327632,Success,,890,17,10,7,149520.21
TXN008396,C0421,23648.88,UPI,2026-07-19 19:42:12.853285,Success,,793,2,2,0,54229.32
TXN008397,C1553,18714.61,Credit Card,2026-07-19 20:16:29.378937,Success,,170,9,9,0,77552.73
TXN008398,C1575,18290.51,UPI,2026-07-19 20:50:45.904590,Success,,316,11,0,11,20283.65
TXN008399,C0304,1254.2,UPI,2026-07-19 21:25:02.430243,Success,,326,3,2,1,87105.2
TXN008400,C0942,13786.77,Credit Card,2026-07-19 21:59:18.955895,Success,,600,22,20,2,144212.09
TXN008401,C1968,11728.09,Credit Card,2026-07-19 22:33:35.481548,Failed,Card Declined,836,19,16,3,112534.97
TXN008402,C1063,23203.27,UPI,2026-07-19 23:07:52.007200,Success,,136,26,14,12,36986.16
TXN008403,C1513,6507.82,Credit Card,2026-07-19 23:42:08.532853,Success,,880,6,0,6,66670.45
TXN008404,C1668,6818.85,Net Banking,2026-07-20 00:16:25.058505,Failed,Bank Timeout,465,19,19,0,64102.28
TXN008405,C0542,10342.52,Credit Card,2026-07-20 00:50:41.584158,Success,,13,18,18,0,15143.19
TXN008406,C1694,6159.91,Net Banking,2026-07-20 01:24:58.109810,Success,,501,7,7,0,132934.6
TXN008407,C1302,3316.68,Wallet,2026-07-20 01:59:14.635463,Success,,395,2,2,0,57527.68
TXN008408,C1227,21449.63,UPI,2026-07-20 02:33:31.161116,Success,,848,26,8,18,74391.81
TXN008409,C1090,14001.09,UPI,2026-07-20 03:07:47.686768,Success,,514,14,5,9,44041.54
TXN008410,C0108,21547.93,Credit Card,2026-07-20 03:42:04.212421,Success,,195,7,0,7,23283.15
TXN008411,C0268,20795.26,Credit Card,2026-07-20 04:16:20.738073,Success,,879,17,4,13,135365.54
TXN008412,C0222,7122.85,UPI,2026-07-20 04:50:37.263726,Failed,Bank Timeout,71,28,4,24,6090.92
TXN008413,C1828,13738.66,UPI,2026-07-20 05:24:53.789378,Success,,875,13,6,7,60281.99
TXN008414,C1554,2172.12,Credit Card,2026-07-20 05:59:10.315031,Success,,290,18,0,18,109738.97
TXN008415,C1114,22889.77,UPI,2026-07-20 06:33:26.840684,Abandoned,Checkout Abandoned,848,3,0,3,46674.26
TXN008416,C0693,10166.14,Wallet,2026-07-20 07:07:43.366336,Success,,290,2,0,2,67181.28
TXN008417,C0255,9902.54,UPI,2026-07-20 07:41:59.891989,Failed,Network Error,644,21,21,0,84889.35
TXN008418,C1479,7638.61,Net Banking,2026-07-20 08:16:16.417641,Success,,843,8,5,3,149264.7
TXN008419,C0253,11570.53,UPI,2026-07-20 08:50:32.943294,Success,,803,9,8,1,113866.05
TXN008420,C0257,6368.81,UPI,2026-07-20 09:24:49.468946,Abandoned,Checkout Abandoned,749,7,2,5,145083.75
TXN008421,C0383,9433.82,UPI,2026-07-20 09:59:05.994599,Success,,879,19,4,15,104125.25
TXN008422,C0442,20018.68,Wallet,2026-07-20 10:33:22.520252,Success,,371,1,0,1,40723.41
TXN008423,C1882,20872.96,UPI,2026-07-20 11:07:39.045904,Success,,192,25,16,9,43479.58
TXN008424,C0599,7674.14,Credit Card,2026-07-20 11:41:55.571557,Success,,140,0,0,0,123458.41
TXN008425,C1114,11778.46,Net Banking,2026-07-20 12:16:12.097209,Success,,678,26,21,5,64443.17
TXN008426,C1773,21858.11,Debit Card,2026-07-20 12:50:28.622862,Success,,195,3,3,0,55848.52
TXN008427,C0390,1411.57,UPI,2026-07-20 13:24:45.148514,Success,,404,15,11,4,141791.56
TXN008428,C0582,22239.71,Wallet,2026-07-20 13:59:01.674167,Success,,756,4,4,0,2478.36
TXN008429,C1068,5557.69,Net Banking,2026-07-20 14:33:18.199819,Success,,670,17,12,5,78982.55
TXN008430,C1736,16995.63,UPI,2026-07-20 15:07:34.725472,Success,,52,13,7,6,116373.96
TXN008431,C1688,14605.54,Credit Card,2026-07-20 15:41:51.251125,Success,,13,12,7,5,110557.27
TXN008432,C0598,13868.22,Wallet,2026-07-20 16:16:07.776777,Success,,334,15,12,3,55452.37
TXN008433,C0019,21498.07,Wallet,2026-07-20 16:50:24.302430,Success,,207,28,2,26,80579.42
TXN008434,C1125,2629.15,UPI,2026-07-20 17:24:40.828082,Failed,Network Error,799,14,8,6,1333.81
TXN008435,C1938,8741.0,Net Banking,2026-07-20 17:58:57.353735,Success,,887,18,10,8,80457.13
TXN008436,C0607,13502.49,UPI,2026-07-20 18:33:13.879387,Success,,368,28,28,0,88764.98
TXN008437,C1790,20301.09,UPI,2026-07-20 19:07:30.405040,Failed,Insufficient Balance,15,3,3,0,131281.3
TXN008438,C1381,5489.43,UPI,2026-07-20 19:41:46.930693,Success,,671,18,0,18,32005.22
TXN008439,C1566,20092.95,UPI,2026-07-20 20:16:03.456345,Success,,793,23,13,10,123859.28
TXN008440,C1785,10051.0,Debit Card,2026-07-20 20:50:19.981998,Success,,173,29,28,1,107850.94
TXN008441,C1962,4803.96,Credit Card,2026-07-20 21:24:36.507650,Success,,699,12,4,8,100071.61
TXN008442,C0033,18998.76,UPI,2026-07-20 21:58:53.033303,Success,,579,10,7,3,59460.98
TXN008443,C1994,2363.38,UPI,2026-07-20 22:33:09.558955,Abandoned,Checkout Abandoned,720,27,12,15,55431.44
TXN008444,C1253,12917.71,UPI,2026-07-20 23:07:26.084608,Success,,608,17,14,3,105637.55
TXN008445,C1548,1690.51,Wallet,2026-07-20 23:41:42.610261,Success,,388,24,22,2,148538.37
TXN008446,C1654,8974.8,Net Banking,2026-07-21 00:15:59.135913,Failed,Insufficient Balance,188,10,4,6,61100.39
TXN008447,C0862,15066.81,UPI,2026-07-21 00:50:15.661566,Success,,599,21,7,14,137830.67
TXN008448,C0155,13947.28,Net Banking,2026-07-21 01:24:32.187218,Success,,56,0,0,0,88188.49
TXN008449,C1447,10175.92,UPI,2026-07-21 01:58:48.712871,Success,,446,14,14,0,130290.77
TXN008450,C0905,10783.3,Debit Card,2026-07-21 02:33:05.238523,Success,,655,23,12,11,32969.97
TXN008451,C1270,5746.56,Wallet,2026-07-21 03:07:21.764176,Failed,Network Error,674,9,0,9,114453.7
TXN008452,C0405,11451.48,UPI,2026-07-21 03:41:38.289828,Success,,396,21,10,11,125324.05
TXN008453,C0844,23836.05,Debit Card,2026-07-21 04:15:54.815481,Failed,Technical Error,790,3,3,0,124909.29
TXN008454,C1783,21276.28,UPI,2026-07-21 04:50:11.341134,Success,,636,5,3,2,117814.35
TXN008455,C1565,3716.3,UPI,2026-07-21 05:24:27.866786,Failed,Insufficient Balance,62,1,0,1,45977.25
TXN008456,C1185,841.54,Credit Card,2026-07-21 05:58:44.392439,Success,,763,16,3,13,78531.56
TXN008457,C0747,23344.76,Wallet,2026-07-21 06:33:00.918091,Failed,Technical Error,844,11,5,6,45305.86
TXN008458,C1726,13216.07,Credit Card,2026-07-21 07:07:17.443744,Success,,296,21,11,10,51773.4
TXN008459,C1141,13492.16,Wallet,2026-07-21 07:41:33.969396,Failed,Technical Error,392,23,0,23,45532.22
TXN008460,C0271,19539.88,Net Banking,2026-07-21 08:15:50.495049,Success,,588,28,9,19,42991.94
TXN008461,C0770,7935.76,UPI,2026-07-21 08:50:07.020702,Success,,346,4,2,2,104166.54
TXN008462,C1716,12099.5,UPI,2026-07-21 09:24:23.546354,Success,,192,23,17,6,97714.42
TXN008463,C1511,24219.71,Credit Card,2026-07-21 09:58:40.072007,Success,,240,18,0,18,31037.5
TXN008464,C1909,16836.5,Credit Card,2026-07-21 10:32:56.597659,Success,,459,28,6,22,103882.05
TXN008465,C0172,3928.25,UPI,2026-07-21 11:07:13.123312,Success,,398,5,5,0,44014.76
TXN008466,C1974,3417.35,Wallet,2026-07-21 11:41:29.648964,Success,,402,16,1,15,30656.89
TXN008467,C0274,5186.19,Debit Card,2026-07-21 12:15:46.174617,Failed,Card Declined,294,28,24,4,112214.16
TXN008468,C0259,19191.12,UPI,2026-07-21 12:50:02.700270,Success,,172,18,7,11,54748.78
TXN008469,C1159,7454.89,Credit Card,2026-07-21 13:24:19.225922,Success,,113,19,0,19,85617.9
TXN008470,C1707,632.58,UPI,2026-07-21 13:58:35.751575,Success,,172,20,18,2,30418.53
TXN008471,C1746,23609.94,Credit Card,2026-07-21 14:32:52.277227,Success,,315,2,1,1,92247.23
TXN008472,C1772,4325.86,Wallet,2026-07-21 15:07:08.802880,Abandoned,Checkout Abandoned,807,7,2,5,31595.02
TXN008473,C0422,338.0,Net Banking,2026-07-21 15:41:25.328532,Success,,280,4,2,2,25448.1
TXN008474,C1445,6004.58,UPI,2026-07-21 16:15:41.854185,Success,,550,22,9,13,58286.02
TXN008475,C1210,5952.22,Credit Card,2026-07-21 16:49:58.379837,Success,,418,4,1,3,118614.24
TXN008476,C1953,10607.93,Debit Card,2026-07-21 17:24:14.905490,Success,,84,29,17,12,26891.89
TXN008477,C0364,23017.71,UPI,2026-07-21 17:58:31.431143,Success,,494,23,21,2,17995.47
TXN008478,C1979,21991.7,UPI,2026-07-21 18:32:47.956795,Success,,322,16,2,14,5231.33
TXN008479,C1631,11476.67,Credit Card,2026-07-21 19:07:04.482448,Success,,121,18,11,7,62686.88
TXN008480,C0378,10331.41,Credit Card,2026-07-21 19:41:21.008100,Success,,257,18,9,9,42662.75
TXN008481,C1547,13919.73,UPI,2026-07-21 20:15:37.533753,Success,,828,25,15,10,44170.21
TXN008482,C0580,6162.0,UPI,2026-07-21 20:49:54.059405,Success,,845,9,8,1,147300.32
TXN008483,C0891,1399.41,UPI,2026-07-21 21:24:10.585058,Success,,767,2,0,2,29521.45
TXN008484,C0722,23486.68,UPI,2026-07-21 21:58:27.110711,Abandoned,Checkout Abandoned,500,21,17,4,69034.84
TXN008485,C1220,4748.8,Credit Card,2026-07-21 22:32:43.636363,Abandoned,Checkout Abandoned,579,24,12,12,147962.04
TXN008486,C0881,5040.18,UPI,2026-07-21 23:07:00.162016,Failed,Bank Timeout,661,12,7,5,5077.4
TXN008487,C1122,11864.26,UPI,2026-07-21 23:41:16.687668,Failed,Network Error,489,15,13,2,104650.29
TXN008488,C0605,12341.17,Net Banking,2026-07-22 00:15:33.213321,Success,,334,11,2,9,55976.9
TXN008489,C0022,559.01,UPI,2026-07-22 00:49:49.738973,Success,,371,21,13,8,135961.59
TXN008490,C1474,3784.07,Credit Card,2026-07-22 01:24:06.264626,Success,,764,20,1,19,136835.24
TXN008491,C1196,9516.05,Wallet,2026-07-22 01:58:22.790279,Success,,494,27,10,17,58388.3
TXN008492,C0383,17124.89,Credit Card,2026-07-22 02:32:39.315931,Failed,Bank Timeout,430,16,7,9,33608.79
TXN008493,C0134,5787.62,Debit Card,2026-07-22 03:06:55.841584,Success,,418,1,0,1,64486.51
TXN008494,C1450,10633.06,UPI,2026-07-22 03:41:12.367236,Success,,845,15,14,1,144813.29
TXN008495,C1049,13977.89,UPI,2026-07-22 04:15:28.892889,Success,,417,10,7,3,42569.09
TXN008496,C0503,22225.95,Credit Card,2026-07-22 04:49:45.418541,Success,,813,0,0,0,147207.01
TXN008497,C1209,8219.16,Credit Card,2026-07-22 05:24:01.944194,Success,,771,11,5,6,122999.03
TXN008498,C1109,3425.6,UPI,2026-07-22 05:58:18.469846,Success,,139,5,0,5,40484.12
TXN008499,C1591,12282.88,Credit Card,2026-07-22 06:32:34.995499,Abandoned,Checkout Abandoned,812,18,1,17,118764.89
TXN008500,C1787,18693.37,Net Banking,2026-07-22 07:06:51.521152,Success,,134,27,12,15,7945.02
TXN008501,C0144,2835.51,UPI,2026-07-22 07:41:08.046804,Success,,877,28,28,0,82435.47
TXN008502,C1887,10674.62,Credit Card,2026-07-22 08:15:24.572457,Success,,785,4,1,3,53923.7
TXN008503,C1934,542.85,Credit Card,2026-07-22 08:49:41.098109,Success,,722,21,15,6,64326.93
TXN008504,C1703,935.62,Net Banking,2026-07-22 09:23:57.623762,Success,,293,20,13,7,71191.72
TXN008505,C1436,12125.54,Net Banking,2026-07-22 09:58:14.149414,Success,,197,2,2,0,75655.56
TXN008506,C0224,7525.11,Debit Card,2026-07-22 10:32:30.675067,Success,,447,17,13,4,98633.64
TXN008507,C0220,21143.17,UPI,2026-07-22 11:06:47.200720,Success,,881,17,17,0,104668.17
TXN008508,C0179,15093.64,UPI,2026-07-22 11:41:03.726372,Success,,53,11,0,11,146367.75
TXN008509,C1655,11402.93,UPI,2026-07-22 12:15:20.252025,Success,,531,17,4,13,114535.41
TXN008510,C0433,10257.59,Debit Card,2026-07-22 12:49:36.777677,Failed,Network Error,14,9,1,8,103325.77
TXN008511,C0265,12481.41,Debit Card,2026-07-22 13:23:53.303330,Success,,878,3,3,0,59172.6
TXN008512,C0954,1106.93,Wallet,2026-07-22 13:58:09.828982,Success,,385,19,9,10,18112.31
TXN008513,C0429,22330.55,Credit Card,2026-07-22 14:32:26.354635,Failed,Bank Timeout,184,27,5,22,9288.87
TXN008514,C1686,24957.75,Credit Card,2026-07-22 15:06:42.880288,Success,,168,18,13,5,71913.86
TXN008515,C0416,4619.03,Credit Card,2026-07-22 15:40:59.405940,Success,,253,23,1,22,100404.38
TXN008516,C1477,3097.54,UPI,2026-07-22 16:15:15.931593,Success,,38,30,28,2,97698.9
TXN008517,C0727,3675.08,Credit Card,2026-07-22 16:49:32.457245,Failed,Network Error,396,3,2,1,142952.78
TXN008518,C0197,16559.57,Credit Card,2026-07-22 17:23:48.982898,Failed,Bank Timeout,163,23,8,15,57673.28
TXN008519,C1578,16569.88,Wallet,2026-07-22 17:58:05.508550,Success,,616,10,4,6,94353.68
TXN008520,C1077,21213.31,UPI,2026-07-22 18:32:22.034203,Success,,11,2,2,0,133237.14
TXN008521,C0480,18820.48,Wallet,2026-07-22 19:06:38.559855,Success,,344,26,19,7,60909.62
TXN008522,C1467,11297.27,Credit Card,2026-07-22 19:40:55.085508,Abandoned,Checkout Abandoned,470,14,11,3,71922.6
TXN008523,C1354,15360.1,UPI,2026-07-22 20:15:11.611161,Success,,613,15,1,14,138484.45
TXN008524,C1275,17238.29,UPI,2026-07-22 20:49:28.136813,Failed,Card Declined,65,11,2,9,82761.17
TXN008525,C1831,12867.14,UPI,2026-07-22 21:23:44.662466,Success,,757,17,12,5,120041.69
TXN008526,C0890,11943.71,Credit Card,2026-07-22 21:58:01.188118,Success,,407,29,20,9,140375.76
TXN008527,C1807,16162.93,UPI,2026-07-22 22:32:17.713771,Success,,341,23,0,23,85873.18
TXN008528,C1991,13981.12,UPI,2026-07-22 23:06:34.239423,Success,,536,5,3,2,16823.45
TXN008529,C0925,16134.16,Wallet,2026-07-22 23:40:50.765076,Success,,606,14,3,11,123344.14
TXN008530,C0123,15360.08,Debit Card,2026-07-23 00:15:07.290729,Success,,383,1,0,1,122758.43
TXN008531,C1903,18007.99,Debit Card,2026-07-23 00:49:23.816381,Success,,775,22,3,19,17690.29
TXN008532,C1411,16105.81,UPI,2026-07-23 01:23:40.342034,Success,,742,11,1,10,82443.66
TXN008533,C1363,13041.59,Credit Card,2026-07-23 01:57:56.867686,Failed,Technical Error,770,9,8,1,73319.3
TXN008534,C0778,17076.74,UPI,2026-07-23 02:32:13.393339,Success,,54,22,12,10,127150.86
TXN008535,C0348,11292.1,Net Banking,2026-07-23 03:06:29.918991,Success,,824,3,1,2,41556.86
TXN008536,C0029,6117.61,UPI,2026-07-23 03:40:46.444644,Success,,541,7,7,0,64228.52
TXN008537,C0975,135.31,Credit Card,2026-07-23 04:15:02.970297,Success,,133,14,8,6,90916.26
TXN008538,C0035,14043.11,Credit Card,2026-07-23 04:49:19.495949,Success,,667,18,5,13,77828.16
TXN008539,C1542,14807.32,Credit Card,2026-07-23 05:23:36.021602,Success,,239,15,14,1,143277.62
TXN008540,C1420,24304.02,Net Banking,2026-07-23 05:57:52.547254,Success,,344,12,1,11,144118.27
TXN008541,C0623,9100.81,UPI,2026-07-23 06:32:09.072907,Success,,582,24,16,8,12695.09
TXN008542,C1318,9913.92,UPI,2026-07-23 07:06:25.598559,Success,,130,14,13,1,45028.13
TXN008543,C0589,5124.81,Debit Card,2026-07-23 07:40:42.124212,Success,,265,13,3,10,1626.45
TXN008544,C1373,1856.3,Credit Card,2026-07-23 08:14:58.649864,Abandoned,Checkout Abandoned,725,14,12,2,62970.12
TXN008545,C1171,19342.83,UPI,2026-07-23 08:49:15.175517,Success,,491,11,0,11,99489.79
TXN008546,C1091,6317.06,UPI,2026-07-23 09:23:31.701170,Success,,526,10,7,3,70957.07
TXN008547,C0904,15261.73,Debit Card,2026-07-23 09:57:48.226822,Failed,Network Error,323,20,10,10,10543.69
TXN008548,C0520,17225.55,Wallet,2026-07-23 10:32:04.752475,Abandoned,Checkout Abandoned,346,2,0,2,29795.46
TXN008549,C0122,11833.79,Credit Card,2026-07-23 11:06:21.278127,Success,,86,24,16,8,26407.06
TXN008550,C0340,21921.17,Net Banking,2026-07-23 11:40:37.803780,Success,,837,13,4,9,76913.68
TXN008551,C0175,11150.49,Credit Card,2026-07-23 12:14:54.329432,Success,,662,1,1,0,101813.16
TXN008552,C1924,7194.22,UPI,2026-07-23 12:49:10.855085,Success,,109,17,16,1,47790.65
TXN008553,C1715,22410.79,UPI,2026-07-23 13:23:27.380738,Success,,729,2,0,2,20003.78
TXN008554,C0597,21552.95,Debit Card,2026-07-23 13:57:43.906390,Abandoned,Checkout Abandoned,305,8,7,1,119890.35
TXN008555,C0451,4184.59,Credit Card,2026-07-23 14:32:00.432043,Success,,716,10,10,0,128825.09
TXN008556,C0557,746.43,Debit Card,2026-07-23 15:06:16.957695,Success,,701,25,18,7,41834.99
TXN008557,C1160,2340.64,Debit Card,2026-07-23 15:40:33.483348,Failed,Technical Error,267,2,1,1,63401.78
TXN008558,C1879,7235.03,Wallet,2026-07-23 16:14:50.009000,Success,,446,4,2,2,12748.7
TXN008559,C1040,24309.27,Credit Card,2026-07-23 16:49:06.534653,Success,,716,8,6,2,34540.74
TXN008560,C1357,14007.05,UPI,2026-07-23 17:23:23.060306,Failed,Network Error,660,9,9,0,115166.56
TXN008561,C1219,9394.22,UPI,2026-07-23 17:57:39.585958,Abandoned,Checkout Abandoned,532,5,2,3,55097.08
TXN008562,C1520,22229.03,Credit Card,2026-07-23 18:31:56.111611,Success,,787,5,0,5,90901.49
TXN008563,C0009,11383.09,Net Banking,2026-07-23 19:06:12.637263,Success,,549,10,4,6,141954.58
TXN008564,C1852,7949.44,UPI,2026-07-23 19:40:29.162916,Success,,128,16,15,1,108683.86
TXN008565,C0334,23536.37,Wallet,2026-07-23 20:14:45.688568,Success,,404,26,19,7,68291.1
TXN008566,C1357,21252.99,Wallet,2026-07-23 20:49:02.214221,Success,,506,1,1,0,55348.61
TXN008567,C1017,21107.34,Credit Card,2026-07-23 21:23:18.739873,Success,,258,8,4,4,28983.79
TXN008568,C0327,12855.89,UPI,2026-07-23 21:57:35.265526,Failed,Network Error,16,23,15,8,113542.94
TXN008569,C0015,19757.02,UPI,2026-07-23 22:31:51.791179,Failed,Card Declined,422,17,2,15,17307.57
TXN008570,C0839,4565.9,UPI,2026-07-23 23:06:08.316831,Failed,Bank Timeout,445,4,1,3,9678.36
TXN008571,C1638,14373.25,UPI,2026-07-23 23:40:24.842484,Success,,664,20,16,4,16171.89
TXN008572,C0226,24597.76,Credit Card,2026-07-24 00:14:41.368136,Success,,528,5,5,0,36814.36
TXN008573,C1449,7344.86,UPI,2026-07-24 00:48:57.893789,Failed,Network Error,461,3,3,0,94254.95
TXN008574,C1814,19879.37,Debit Card,2026-07-24 01:23:14.419441,Failed,Bank Timeout,576,8,0,8,129268.85
TXN008575,C1432,12312.91,UPI,2026-07-24 01:57:30.945094,Failed,Card Declined,29,4,2,2,148897.05
TXN008576,C0113,1091.16,UPI,2026-07-24 02:31:47.470747,Abandoned,Checkout Abandoned,12,3,2,1,109856.88
TXN008577,C1452,19099.18,Credit Card,2026-07-24 03:06:03.996399,Failed,Insufficient Balance,422,29,23,6,22323.58
TXN008578,C0001,4297.37,Wallet,2026-07-24 03:40:20.522052,Success,,29,8,1,7,42016.86
TXN008579,C0266,15823.69,Debit Card,2026-07-24 04:14:37.047704,Success,,787,17,6,11,20232.02
TXN008580,C1515,2233.04,Credit Card,2026-07-24 04:48:53.573357,Success,,454,26,10,16,17774.99
TXN008581,C1232,23677.0,Debit Card,2026-07-24 05:23:10.099009,Success,,236,10,5,5,85376.03
TXN008582,C1646,7363.92,Debit Card,2026-07-24 05:57:26.624662,Success,,355,15,1,14,136055.1
TXN008583,C1736,5738.97,Net Banking,2026-07-24 06:31:43.150315,Failed,Technical Error,871,1,1,0,102806.79
TXN008584,C0952,3315.5,UPI,2026-07-24 07:05:59.675967,Success,,739,28,3,25,120197.2
TXN008585,C1393,23655.45,Net Banking,2026-07-24 07:40:16.201620,Failed,Network Error,686,15,2,13,76460.47
TXN008586,C0306,17826.4,UPI,2026-07-24 08:14:32.727272,Success,,349,18,1,17,71560.51
TXN008587,C0012,18567.36,Wallet,2026-07-24 08:48:49.252925,Success,,60,9,1,8,140653.94
TXN008588,C1369,12535.17,UPI,2026-07-24 09:23:05.778577,Failed,Card Declined,382,3,0,3,108433.71
TXN008589,C1489,11920.72,Wallet,2026-07-24 09:57:22.304230,Success,,691,11,2,9,69171.5
TXN008590,C1724,2839.53,Wallet,2026-07-24 10:31:38.829882,Success,,362,25,20,5,50221.08
TXN008591,C1690,14040.04,UPI,2026-07-24 11:05:55.355535,Success,,39,8,5,3,14422.56
TXN008592,C1518,6248.22,Wallet,2026-07-24 11:40:11.881188,Failed,Bank Timeout,487,12,4,8,123236.95
TXN008593,C1392,24430.92,UPI,2026-07-24 12:14:28.406840,Failed,Network Error,253,4,3,1,25813.89
TXN008594,C1870,19934.87,UPI,2026-07-24 12:48:44.932493,Abandoned,Checkout Abandoned,566,1,0,1,77494.87
TXN008595,C0937,10383.5,UPI,2026-07-24 13:23:01.458145,Failed,Bank Timeout,736,2,0,2,95773.25
TXN008596,C0420,3868.4,Wallet,2026-07-24 13:57:17.983798,Failed,Insufficient Balance,877,7,0,7,111739.68
TXN008597,C0889,19654.76,Credit Card,2026-07-24 14:31:34.509450,Success,,417,5,5,0,12959.86
TXN008598,C1815,3139.14,Credit Card,2026-07-24 15:05:51.035103,Success,,424,28,25,3,2097.58
TXN008599,C0171,4814.41,Debit Card,2026-07-24 15:40:07.560756,Success,,32,4,4,0,106048.27
TXN008600,C0134,5366.86,Wallet,2026-07-24 16:14:24.086408,Success,,62,3,1,2,68431.5
TXN008601,C0965,13966.58,Debit Card,2026-07-24 16:48:40.612061,Failed,Network Error,51,19,8,11,27579.74
TXN008602,C1451,19697.71,UPI,2026-07-24 17:22:57.137713,Success,,685,15,1,14,147313.1
TXN008603,C1049,7926.44,UPI,2026-07-24 17:57:13.663366,Success,,625,7,0,7,118807.45
TXN008604,C1554,2208.28,UPI,2026-07-24 18:31:30.189018,Success,,890,11,10,1,86987.7
TXN008605,C1214,11667.01,Credit Card,2026-07-24 19:05:46.714671,Success,,171,21,21,0,105465.01
TXN008606,C1165,18727.95,UPI,2026-07-24 19:40:03.240324,Success,,862,4,0,4,23676.01
TXN008607,C1579,5619.43,UPI,2026-07-24 20:14:19.765976,Success,,163,4,2,2,144352.67
TXN008608,C1870,5576.12,Net Banking,2026-07-24 20:48:36.291629,Failed,Technical Error,336,21,9,12,149456.88
TXN008609,C1820,23685.95,UPI,2026-07-24 21:22:52.817281,Success,,418,30,16,14,97442.6
TXN008610,C0658,23858.43,Credit Card,2026-07-24 21:57:09.342934,Abandoned,Checkout Abandoned,524,12,10,2,100412.73
TXN008611,C1339,24762.6,UPI,2026-07-24 22:31:25.868586,Success,,382,10,0,10,105816.55
TXN008612,C1468,20210.72,UPI,2026-07-24 23:05:42.394239,Success,,564,10,9,1,100035.04
TXN008613,C1343,4785.79,UPI,2026-07-24 23:39:58.919891,Success,,475,18,11,7,66061.85
TXN008614,C1465,5378.34,UPI,2026-07-25 00:14:15.445544,Success,,575,6,5,1,81331.1
TXN008615,C1116,8571.61,Net Banking,2026-07-25 00:48:31.971197,Success,,829,16,5,11,42767.57
TXN008616,C0179,8021.5,UPI,2026-07-25 01:22:48.496849,Success,,503,4,4,0,67303.76
TXN008617,C1080,23917.54,UPI,2026-07-25 01:57:05.022502,Success,,534,5,3,2,65697.44
TXN008618,C1179,19747.94,Debit Card,2026-07-25 02:31:21.548154,Failed,Network Error,459,28,25,3,43576.99
TXN008619,C1696,18127.82,Debit Card,2026-07-25 03:05:38.073807,Success,,633,29,7,22,118112.37
TXN008620,C0111,4730.48,Debit Card,2026-07-25 03:39:54.599459,Success,,65,30,4,26,61745.96
TXN008621,C0137,22747.19,Wallet,2026-07-25 04:14:11.125112,Success,,113,17,5,12,82981.43
TXN008622,C0232,20713.97,Debit Card,2026-07-25 04:48:27.650765,Success,,184,17,1,16,23835.53
TXN008623,C0992,4174.68,UPI,2026-07-25 05:22:44.176417,Success,,331,8,0,8,71507.55
TXN008624,C0468,21792.14,Net Banking,2026-07-25 05:57:00.702070,Failed,Technical Error,77,17,7,10,114337.57
TXN008625,C0732,6878.96,Credit Card,2026-07-25 06:31:17.227722,Success,,534,18,8,10,66956.58
TXN008626,C0481,2113.66,UPI,2026-07-25 07:05:33.753375,Abandoned,Checkout Abandoned,807,16,7,9,83882.34
TXN008627,C1092,16454.88,UPI,2026-07-25 07:39:50.279027,Success,,501,8,6,2,105405.13
TXN008628,C0814,16379.74,UPI,2026-07-25 08:14:06.804680,Success,,341,0,0,0,58651.85
TXN008629,C1273,2463.81,UPI,2026-07-25 08:48:23.330333,Abandoned,Checkout Abandoned,682,19,10,9,53315.74
TXN008630,C0994,8039.41,UPI,2026-07-25 09:22:39.855985,Success,,687,22,9,13,13318.42
TXN008631,C0323,24821.08,UPI,2026-07-25 09:56:56.381638,Failed,Bank Timeout,308,17,16,1,87549.72
TXN008632,C0922,16992.82,Net Banking,2026-07-25 10:31:12.907290,Success,,889,23,22,1,106190.3
TXN008633,C0904,18278.87,Wallet,2026-07-25 11:05:29.432943,Success,,875,12,3,9,87397.24
TXN008634,C1542,5401.64,Credit Card,2026-07-25 11:39:45.958595,Success,,780,7,4,3,42887.04
TXN008635,C2000,2061.67,Net Banking,2026-07-25 12:14:02.484248,Failed,Network Error,52,27,21,6,39719.36
TXN008636,C1816,6994.85,UPI,2026-07-25 12:48:19.009900,Success,,850,13,8,5,24343.4
TXN008637,C1456,6297.57,Net Banking,2026-07-25 13:22:35.535553,Success,,208,2,2,0,7525.13
TXN008638,C1511,5940.15,Credit Card,2026-07-25 13:56:52.061206,Abandoned,Checkout Abandoned,653,3,2,1,64318.27
TXN008639,C0606,4899.58,UPI,2026-07-25 14:31:08.586858,Success,,101,10,8,2,24497.79
TXN008640,C0429,14411.42,UPI,2026-07-25 15:05:25.112511,Success,,499,6,0,6,103774.26
TXN008641,C1293,8269.78,UPI,2026-07-25 15:39:41.638163,Abandoned,Checkout Abandoned,553,20,20,0,144279.08
TXN008642,C1733,20526.59,UPI,2026-07-25 16:13:58.163816,Success,,778,4,3,1,11485.49
TXN008643,C1561,4680.29,UPI,2026-07-25 16:48:14.689468,Success,,45,1,1,0,133996.89
TXN008644,C0148,11669.21,UPI,2026-07-25 17:22:31.215121,Failed,Card Declined,291,5,1,4,98828.56
TXN008645,C1142,440.08,UPI,2026-07-25 17:56:47.740774,Success,,214,19,14,5,129111.71
TXN008646,C0850,12093.89,UPI,2026-07-25 18:31:04.266426,Success,,671,4,4,0,23666.35
TXN008647,C0367,1490.37,Wallet,2026-07-25 19:05:20.792079,Success,,865,14,11,3,136019.06
TXN008648,C0850,24445.32,UPI,2026-07-25 19:39:37.317731,Success,,660,10,9,1,143701.84
TXN008649,C1090,19785.74,UPI,2026-07-25 20:13:53.843384,Success,,802,4,4,0,136053.76
TXN008650,C1994,12303.78,Debit Card,2026-07-25 20:48:10.369036,Success,,856,17,7,10,117932.19
TXN008651,C0813,2256.03,Net Banking,2026-07-25 21:22:26.894689,Success,,182,7,6,1,14000.49
TXN008652,C1394,14851.89,UPI,2026-07-25 21:56:43.420342,Success,,685,10,9,1,33499.3
TXN008653,C0175,18993.22,Net Banking,2026-07-25 22:30:59.945994,Success,,623,16,16,0,137013.71
TXN008654,C1855,4848.86,UPI,2026-07-25 23:05:16.471647,Success,,299,13,4,9,34798.93
TXN008655,C0588,14248.39,UPI,2026-07-25 23:39:32.997299,Success,,427,1,0,1,52483.25
TXN008656,C0495,20373.85,UPI,2026-07-26 00:13:49.522952,Success,,297,6,4,2,8046.3
TXN008657,C0973,19229.37,Credit Card,2026-07-26 00:48:06.048604,Success,,111,30,20,10,94399.9
TXN008658,C1138,20094.5,UPI,2026-07-26 01:22:22.574257,Success,,674,30,27,3,84713.49
TXN008659,C1135,21995.15,Debit Card,2026-07-26 01:56:39.099909,Success,,460,22,18,4,144284.86
TXN008660,C1785,23448.28,UPI,2026-07-26 02:30:55.625562,Success,,130,17,11,6,133905.52
TXN008661,C1463,10197.48,Debit Card,2026-07-26 03:05:12.151215,Success,,66,0,0,0,76138.61
TXN008662,C1739,14262.35,UPI,2026-07-26 03:39:28.676867,Success,,116,29,11,18,91595.93
TXN008663,C1171,19787.42,Credit Card,2026-07-26 04:13:45.202520,Success,,248,14,8,6,62272.92
TXN008664,C0035,17458.78,Credit Card,2026-07-26 04:48:01.728172,Success,,422,28,20,8,20302.64
TXN008665,C0999,24888.45,Debit Card,2026-07-26 05:22:18.253825,Abandoned,Checkout Abandoned,30,25,1,24,130234.69
TXN008666,C1333,440.57,UPI,2026-07-26 05:56:34.779477,Success,,594,0,0,0,82656.02
TXN008667,C0538,8942.82,Net Banking,2026-07-26 06:30:51.305130,Success,,862,29,20,9,64096.12
TXN008668,C0750,7097.6,Debit Card,2026-07-26 07:05:07.830783,Failed,Card Declined,542,16,8,8,10735.58
TXN008669,C1038,6631.66,UPI,2026-07-26 07:39:24.356435,Success,,425,21,21,0,99974.82
TXN008670,C0374,5640.99,Wallet,2026-07-26 08:13:40.882088,Failed,Insufficient Balance,307,25,24,1,60249.9
TXN008671,C0557,17757.18,Debit Card,2026-07-26 08:47:57.407740,Abandoned,Checkout Abandoned,20,27,22,5,38427.53
TXN008672,C1452,2210.51,Credit Card,2026-07-26 09:22:13.933393,Success,,579,6,1,5,131574.61
TXN008673,C1752,18566.06,UPI,2026-07-26 09:56:30.459045,Failed,Card Declined,363,15,13,2,27952.96
TXN008674,C0233,17366.3,Credit Card,2026-07-26 10:30:46.984698,Success,,761,1,0,1,77495.47
TXN008675,C0705,6345.02,UPI,2026-07-26 11:05:03.510351,Success,,818,14,13,1,119465.52
TXN008676,C0563,6395.56,UPI,2026-07-26 11:39:20.036003,Success,,95,21,12,9,127436.68
TXN008677,C0939,15758.63,UPI,2026-07-26 12:13:36.561656,Success,,665,19,2,17,122896.46
TXN008678,C0887,19078.06,Debit Card,2026-07-26 12:47:53.087308,Success,,234,28,26,2,134545.64
TXN008679,C0726,21924.49,UPI,2026-07-26 13:22:09.612961,Success,,203,24,19,5,21782.43
TXN008680,C1687,21318.28,Net Banking,2026-07-26 13:56:26.138613,Failed,Insufficient Balance,112,10,8,2,141098.55
TXN008681,C1464,24125.59,UPI,2026-07-26 14:30:42.664266,Success,,885,23,4,19,2115.04
TXN008682,C1526,14576.48,UPI,2026-07-26 15:04:59.189918,Success,,847,23,1,22,38757.65
TXN008683,C1299,22725.52,Debit Card,2026-07-26 15:39:15.715571,Success,,683,1,1,0,13063.79
TXN008684,C1874,20231.98,Credit Card,2026-07-26 16:13:32.241224,Success,,311,10,4,6,141857.2
TXN008685,C0076,22377.22,UPI,2026-07-26 16:47:48.766876,Success,,57,20,17,3,63878.38
TXN008686,C0439,389.5,UPI,2026-07-26 17:22:05.292529,Failed,Bank Timeout,755,15,8,7,47632.78
TXN008687,C1756,24150.98,UPI,2026-07-26 17:56:21.818181,Success,,302,1,1,0,25479.58
TXN008688,C1884,11890.9,Credit Card,2026-07-26 18:30:38.343834,Success,,31,18,11,7,23794.78
TXN008689,C1980,19974.76,UPI,2026-07-26 19:04:54.869486,Success,,857,15,4,11,92282.79
TXN008690,C0699,3267.38,Debit Card,2026-07-26 19:39:11.395139,Success,,656,7,1,6,7539.08
TXN008691,C1313,9958.93,Credit Card,2026-07-26 20:13:27.920792,Success,,184,20,1,19,89352.39
TXN008692,C0915,6859.37,UPI,2026-07-26 20:47:44.446444,Success,,342,19,9,10,116310.08
TXN008693,C1564,7362.3,UPI,2026-07-26 21:22:00.972097,Success,,890,4,1,3,90351.72
TXN008694,C0891,3169.06,UPI,2026-07-26 21:56:17.497749,Success,,763,7,1,6,124073.53
TXN008695,C0692,20163.52,UPI,2026-07-26 22:30:34.023402,Failed,Technical Error,26,25,2,23,40156.18
TXN008696,C0253,330.13,Credit Card,2026-07-26 23:04:50.549054,Failed,Bank Timeout,780,13,7,6,12037.14
TXN008697,C1150,7881.39,Credit Card,2026-07-26 23:39:07.074707,Success,,405,13,13,0,108288.1
TXN008698,C1201,4442.82,Debit Card,2026-07-27 00:13:23.600360,Failed,Technical Error,719,22,4,18,124305.49
TXN008699,C1061,14767.07,UPI,2026-07-27 00:47:40.126012,Failed,Technical Error,85,30,23,7,75500.64
TXN008700,C0410,6430.88,Wallet,2026-07-27 01:21:56.651665,Success,,212,21,12,9,123182.23
TXN008701,C1635,6549.06,UPI,2026-07-27 01:56:13.177317,Success,,242,17,16,1,68958.91
TXN008702,C1634,12259.62,UPI,2026-07-27 02:30:29.702970,Success,,796,25,5,20,30179.88
TXN008703,C0127,16351.96,Debit Card,2026-07-27 03:04:46.228622,Success,,680,4,4,0,71421.91
TXN008704,C1507,3120.49,Net Banking,2026-07-27 03:39:02.754275,Success,,124,9,2,7,32784.62
TXN008705,C1192,4470.24,UPI,2026-07-27 04:13:19.279927,Success,,779,14,13,1,71068.72
TXN008706,C0592,6254.65,Debit Card,2026-07-27 04:47:35.805580,Success,,758,12,4,8,22558.96
TXN008707,C0294,24346.33,Net Banking,2026-07-27 05:21:52.331233,Success,,105,29,1,28,28241.53
TXN008708,C1869,9989.1,Debit Card,2026-07-27 05:56:08.856885,Success,,649,30,10,20,132495.46
TXN008709,C1662,15014.85,UPI,2026-07-27 06:30:25.382538,Success,,283,8,3,5,17820.8
TXN008710,C1367,6114.42,Net Banking,2026-07-27 07:04:41.908190,Success,,832,24,21,3,34029.0
TXN008711,C1020,12312.44,Debit Card,2026-07-27 07:38:58.433843,Success,,781,30,0,30,149330.25
TXN008712,C0310,1945.57,Debit Card,2026-07-27 08:13:14.959495,Success,,385,30,12,18,86614.77
TXN008713,C0662,965.08,Debit Card,2026-07-27 08:47:31.485148,Failed,Insufficient Balance,343,8,1,7,88079.97
TXN008714,C0528,11771.46,Wallet,2026-07-27 09:21:48.010801,Success,,599,18,15,3,126823.15
TXN008715,C0540,10026.62,UPI,2026-07-27 09:56:04.536453,Success,,358,24,1,23,78885.79
TXN008716,C0419,3508.32,UPI,2026-07-27 10:30:21.062106,Success,,508,8,8,0,33656.4
TXN008717,C0444,17221.28,Credit Card,2026-07-27 11:04:37.587758,Success,,811,4,2,2,63658.75
TXN008718,C0685,24823.3,UPI,2026-07-27 11:38:54.113411,Success,,185,28,11,17,113372.69
TXN008719,C1582,9951.61,UPI,2026-07-27 12:13:10.639063,Success,,648,5,4,1,130931.04
TXN008720,C0840,15651.51,Credit Card,2026-07-27 12:47:27.164716,Success,,719,22,4,18,41343.97
TXN008721,C0236,24078.1,UPI,2026-07-27 13:21:43.690369,Success,,372,9,5,4,39665.3
TXN008722,C1463,20805.22,Debit Card,2026-07-27 13:56:00.216021,Success,,725,25,12,13,49477.43
TXN008723,C0214,11642.45,Net Banking,2026-07-27 14:30:16.741674,Success,,54,9,9,0,89633.5
TXN008724,C0085,18463.49,UPI,2026-07-27 15:04:33.267326,Failed,Card Declined,388,5,2,3,42137.11
TXN008725,C0794,3290.56,Net Banking,2026-07-27 15:38:49.792979,Success,,870,20,8,12,134023.97
TXN008726,C1768,12851.39,UPI,2026-07-27 16:13:06.318631,Success,,439,28,15,13,146712.13
TXN008727,C0085,7048.6,Net Banking,2026-07-27 16:47:22.844284,Success,,685,0,0,0,102028.43
TXN008728,C1945,4112.98,Net Banking,2026-07-27 17:21:39.369936,Failed,Card Declined,619,19,18,1,145559.8
TXN008729,C1513,10714.39,UPI,2026-07-27 17:55:55.895589,Success,,316,12,3,9,43533.65
TXN008730,C0065,3362.26,UPI,2026-07-27 18:30:12.421242,Success,,425,29,27,2,122367.97
TXN008731,C1670,17504.73,UPI,2026-07-27 19:04:28.946894,Success,,252,7,6,1,101927.47
TXN008732,C0663,11460.38,Net Banking,2026-07-27 19:38:45.472547,Success,,664,23,8,15,39847.18
TXN008733,C0627,13325.5,Net Banking,2026-07-27 20:13:01.998199,Success,,146,27,15,12,48101.89
TXN008734,C0064,3744.76,UPI,2026-07-27 20:47:18.523852,Abandoned,Checkout Abandoned,67,12,9,3,73549.54
TXN008735,C1367,3580.31,Credit Card,2026-07-27 21:21:35.049504,Success,,790,5,5,0,118850.68
TXN008736,C0939,14627.04,UPI,2026-07-27 21:55:51.575157,Abandoned,Checkout Abandoned,178,28,7,21,130897.23
TXN008737,C1899,24626.74,Credit Card,2026-07-27 22:30:08.100810,Success,,629,18,0,18,95275.08
TXN008738,C0919,2496.64,Wallet,2026-07-27 23:04:24.626462,Failed,Insufficient Balance,471,11,3,8,108375.67
TXN008739,C1376,7214.71,UPI,2026-07-27 23:38:41.152115,Success,,419,14,9,5,39945.51
TXN008740,C1182,21749.53,Wallet,2026-07-28 00:12:57.677767,Success,,897,7,2,5,111290.2
TXN008741,C1613,1899.57,Net Banking,2026-07-28 00:47:14.203420,Success,,393,22,15,7,90944.48
TXN008742,C0491,21909.55,Wallet,2026-07-28 01:21:30.729072,Success,,454,10,3,7,33826.68
TXN008743,C1682,13154.72,UPI,2026-07-28 01:55:47.254725,Success,,565,8,1,7,142552.95
TXN008744,C1879,10265.84,UPI,2026-07-28 02:30:03.780378,Success,,482,18,1,17,77172.51
TXN008745,C1487,7811.05,UPI,2026-07-28 03:04:20.306030,Success,,607,10,10,0,119272.07
TXN008746,C1249,7498.22,Debit Card,2026-07-28 03:38:36.831683,Success,,807,5,1,4,79079.11
TXN008747,C1941,7714.48,Credit Card,2026-07-28 04:12:53.357335,Success,,598,14,8,6,139974.04
TXN008748,C0313,22131.6,UPI,2026-07-28 04:47:09.882988,Failed,Insufficient Balance,251,16,5,11,21621.27
TXN008749,C0615,18122.5,Debit Card,2026-07-28 05:21:26.408640,Success,,233,11,6,5,82150.12
TXN008750,C0919,16776.1,UPI,2026-07-28 05:55:42.934293,Success,,835,23,14,9,4260.67
TXN008751,C1883,19988.85,UPI,2026-07-28 06:29:59.459945,Success,,860,1,1,0,30010.34
TXN008752,C0813,6502.16,UPI,2026-07-28 07:04:15.985598,Failed,Bank Timeout,684,20,18,2,42513.46
TXN008753,C0940,15489.27,UPI,2026-07-28 07:38:32.511251,Success,,131,21,2,19,71155.21
TXN008754,C1490,11555.65,UPI,2026-07-28 08:12:49.036903,Success,,517,3,0,3,123115.81
TXN008755,C1112,19582.8,UPI,2026-07-28 08:47:05.562556,Success,,698,24,13,11,70264.85
TXN008756,C1907,7800.48,Net Banking,2026-07-28 09:21:22.088208,Success,,708,2,1,1,84397.49
TXN008757,C1327,16115.15,Debit Card,2026-07-28 09:55:38.613861,Success,,253,1,1,0,138646.13
TXN008758,C0680,22067.09,UPI,2026-07-28 10:29:55.139513,Success,,230,18,1,17,113601.6
TXN008759,C0435,10113.55,Debit Card,2026-07-28 11:04:11.665166,Success,,144,4,0,4,8005.41
TXN008760,C0682,1758.89,Credit Card,2026-07-28 11:38:28.190819,Success,,44,16,14,2,26881.16
TXN008761,C1159,12949.67,UPI,2026-07-28 12:12:44.716471,Failed,Insufficient Balance,176,15,13,2,6213.52
TXN008762,C1074,8714.71,Debit Card,2026-07-28 12:47:01.242124,Success,,271,15,12,3,10823.91
TXN008763,C1456,16838.41,Debit Card,2026-07-28 13:21:17.767776,Success,,343,25,12,13,51158.79
TXN008764,C0340,23780.72,Credit Card,2026-07-28 13:55:34.293429,Success,,741,11,11,0,109314.85
TXN008765,C0347,12191.65,Credit Card,2026-07-28 14:29:50.819081,Success,,74,3,2,1,37030.76
TXN008766,C0646,11708.14,Debit Card,2026-07-28 15:04:07.344734,Success,,119,16,2,14,59146.8
TXN008767,C1371,16399.16,UPI,2026-07-28 15:38:23.870387,Success,,862,24,8,16,59384.26
TXN008768,C0649,2677.09,Net Banking,2026-07-28 16:12:40.396039,Success,,420,29,2,27,88750.83
TXN008769,C0245,6412.3,UPI,2026-07-28 16:46:56.921692,Success,,404,18,15,3,133991.39
TXN008770,C0109,22982.59,Net Banking,2026-07-28 17:21:13.447344,Success,,18,1,1,0,147492.48
TXN008771,C1849,16781.57,UPI,2026-07-28 17:55:29.972997,Success,,191,4,2,2,90889.34
TXN008772,C1823,434.76,UPI,2026-07-28 18:29:46.498649,Success,,52,0,0,0,76008.04
TXN008773,C0533,5195.17,Credit Card,2026-07-28 19:04:03.024302,Success,,641,25,7,18,102440.41
TXN008774,C1114,17102.65,UPI,2026-07-28 19:38:19.549954,Failed,Card Declined,315,13,7,6,100370.67
TXN008775,C0296,19133.54,Net Banking,2026-07-28 20:12:36.075607,Success,,122,22,14,8,78829.91
TXN008776,C0112,21012.5,UPI,2026-07-28 20:46:52.601260,Success,,328,8,4,4,110674.97
TXN008777,C1837,7375.2,Debit Card,2026-07-28 21:21:09.126912,Failed,Insufficient Balance,442,16,12,4,73945.07
TXN008778,C1613,23282.61,UPI,2026-07-28 21:55:25.652565,Failed,Insufficient Balance,775,11,6,5,149470.53
TXN008779,C1201,13868.38,UPI,2026-07-28 22:29:42.178217,Success,,240,23,11,12,7825.1
TXN008780,C0343,17443.82,UPI,2026-07-28 23:03:58.703870,Success,,489,23,2,21,66760.74
TXN008781,C1684,14958.8,Credit Card,2026-07-28 23:38:15.229522,Failed,Technical Error,424,22,7,15,59855.14
TXN008782,C0101,3156.23,Debit Card,2026-07-29 00:12:31.755175,Failed,Insufficient Balance,145,25,9,16,115660.44
TXN008783,C1782,24081.56,Credit Card,2026-07-29 00:46:48.280828,Success,,521,19,1,18,29028.39
TXN008784,C0629,3159.6,Wallet,2026-07-29 01:21:04.806480,Success,,689,29,7,22,65394.29
TXN008785,C1628,6446.56,Debit Card,2026-07-29 01:55:21.332133,Success,,700,11,5,6,104842.71
TXN008786,C1425,20359.33,Wallet,2026-07-29 02:29:37.857785,Success,,424,14,1,13,90677.18
TXN008787,C0028,15503.06,UPI,2026-07-29 03:03:54.383438,Abandoned,Checkout Abandoned,775,15,11,4,81995.71
TXN008788,C0937,20969.91,UPI,2026-07-29 03:38:10.909090,Failed,Bank Timeout,56,29,21,8,65525.79
TXN008789,C1986,12941.83,UPI,2026-07-29 04:12:27.434743,Failed,Insufficient Balance,151,22,17,5,112925.32
TXN008790,C1561,9487.13,UPI,2026-07-29 04:46:43.960396,Success,,802,17,4,13,97140.56
TXN008791,C0058,23053.95,Credit Card,2026-07-29 05:21:00.486048,Success,,94,21,15,6,131269.3
TXN008792,C1522,1002.68,Credit Card,2026-07-29 05:55:17.011701,Success,,440,13,0,13,110083.33
TXN008793,C0297,21417.64,Credit Card,2026-07-29 06:29:33.537353,Success,,102,11,8,3,21490.93
TXN008794,C0134,5847.36,Debit Card,2026-07-29 07:03:50.063006,Success,,439,30,9,21,93120.94
TXN008795,C1355,21233.53,Wallet,2026-07-29 07:38:06.588658,Abandoned,Checkout Abandoned,438,10,2,8,7158.5
TXN008796,C0249,3566.0,Net Banking,2026-07-29 08:12:23.114311,Success,,168,14,12,2,58411.94
TXN008797,C1021,14547.45,UPI,2026-07-29 08:46:39.639963,Success,,573,20,11,9,62084.69
TXN008798,C0550,22213.89,UPI,2026-07-29 09:20:56.165616,Abandoned,Checkout Abandoned,781,20,0,20,128304.99
TXN008799,C0902,11891.14,UPI,2026-07-29 09:55:12.691269,Success,,127,26,21,5,27465.57
TXN008800,C1965,18689.51,UPI,2026-07-29 10:29:29.216921,Success,,567,7,0,7,96709.45
TXN008801,C1099,20136.32,Credit Card,2026-07-29 11:03:45.742574,Failed,Network Error,166,16,2,14,29261.86
TXN008802,C1678,18438.71,Credit Card,2026-07-29 11:38:02.268226,Success,,442,7,6,1,142326.19
TXN008803,C0834,23140.71,UPI,2026-07-29 12:12:18.793879,Failed,Network Error,202,3,3,0,79659.79
TXN008804,C1192,11226.17,Debit Card,2026-07-29 12:46:35.319531,Success,,617,28,8,20,106377.96
TXN008805,C0771,4410.82,Debit Card,2026-07-29 13:20:51.845184,Failed,Technical Error,266,9,6,3,97158.54
TXN008806,C1527,1290.5,UPI,2026-07-29 13:55:08.370837,Success,,845,5,4,1,45893.96
TXN008807,C1909,6236.85,UPI,2026-07-29 14:29:24.896489,Success,,477,5,0,5,135229.07
TXN008808,C1379,3665.62,Net Banking,2026-07-29 15:03:41.422142,Success,,708,16,10,6,94273.68
TXN008809,C1249,13992.92,Credit Card,2026-07-29 15:37:57.947794,Success,,241,7,5,2,76792.54
TXN008810,C1688,4705.14,UPI,2026-07-29 16:12:14.473447,Success,,775,12,7,5,79489.92
TXN008811,C1555,1069.45,UPI,2026-07-29 16:46:30.999099,Abandoned,Checkout Abandoned,430,14,7,7,133658.23
TXN008812,C0146,996.15,UPI,2026-07-29 17:20:47.524752,Failed,Technical Error,87,3,3,0,9338.36
TXN008813,C1984,20806.08,UPI,2026-07-29 17:55:04.050405,Abandoned,Checkout Abandoned,387,28,0,28,58664.78
TXN008814,C1265,14827.1,Net Banking,2026-07-29 18:29:20.576057,Success,,701,27,3,24,126323.32
TXN008815,C1908,9016.32,UPI,2026-07-29 19:03:37.101710,Success,,257,24,15,9,6108.53
TXN008816,C0893,22366.28,UPI,2026-07-29 19:37:53.627362,Success,,384,14,8,6,96057.59
TXN008817,C0344,1847.9,UPI,2026-07-29 20:12:10.153015,Abandoned,Checkout Abandoned,855,22,0,22,60788.0
TXN008818,C1773,24510.02,Debit Card,2026-07-29 20:46:26.678667,Success,,767,30,18,12,31085.23
TXN008819,C1059,15445.67,UPI,2026-07-29 21:20:43.204320,Success,,521,13,7,6,91905.03
TXN008820,C0702,4668.26,UPI,2026-07-29 21:54:59.729972,Success,,651,10,2,8,124743.62
TXN008821,C0001,17008.82,Credit Card,2026-07-29 22:29:16.255625,Success,,30,29,1,28,70367.26
TXN008822,C0153,19108.19,UPI,2026-07-29 23:03:32.781278,Abandoned,Checkout Abandoned,806,19,16,3,22437.24
TXN008823,C0429,10790.64,UPI,2026-07-29 23:37:49.306930,Success,,85,27,24,3,46269.61
TXN008824,C1969,21554.65,UPI,2026-07-30 00:12:05.832583,Abandoned,Checkout Abandoned,347,16,10,6,147212.31
TXN008825,C0508,3853.24,Debit Card,2026-07-30 00:46:22.358235,Success,,431,24,2,22,17108.24
TXN008826,C1150,7043.06,Wallet,2026-07-30 01:20:38.883888,Failed,Network Error,681,9,6,3,24526.9
TXN008827,C0491,2427.96,UPI,2026-07-30 01:54:55.409540,Success,,690,5,1,4,148531.59
TXN008828,C1506,5350.86,UPI,2026-07-30 02:29:11.935193,Success,,799,5,2,3,132374.16
TXN008829,C0345,6044.35,UPI,2026-07-30 03:03:28.460846,Success,,493,0,0,0,106215.75
TXN008830,C1936,22949.07,Debit Card,2026-07-30 03:37:44.986498,Success,,435,4,4,0,23072.0
TXN008831,C1762,2044.93,Credit Card,2026-07-30 04:12:01.512151,Success,,149,3,3,0,36462.1
TXN008832,C0221,10742.64,Debit Card,2026-07-30 04:46:18.037803,Success,,322,30,24,6,27437.24
TXN008833,C1939,13356.73,Debit Card,2026-07-30 05:20:34.563456,Success,,478,10,7,3,94827.75
TXN008834,C1943,22477.46,Net Banking,2026-07-30 05:54:51.089108,Success,,529,16,4,12,60130.9
TXN008835,C0723,24942.64,Net Banking,2026-07-30 06:29:07.614761,Success,,165,6,2,4,7642.98
TXN008836,C1049,18859.36,Debit Card,2026-07-30 07:03:24.140414,Success,,834,19,9,10,44048.2
TXN008837,C0528,24272.7,Credit Card,2026-07-30 07:37:40.666066,Success,,190,2,1,1,129167.66
TXN008838,C1206,19698.82,UPI,2026-07-30 08:11:57.191719,Abandoned,Checkout Abandoned,735,1,1,0,119508.33
TXN008839,C1523,24083.75,Credit Card,2026-07-30 08:46:13.717371,Success,,213,7,7,0,96630.26
TXN008840,C0841,17711.04,Credit Card,2026-07-30 09:20:30.243024,Success,,762,4,1,3,13288.76
TXN008841,C1665,2086.11,Credit Card,2026-07-30 09:54:46.768676,Success,,538,25,5,20,132477.23
TXN008842,C1066,10107.81,UPI,2026-07-30 10:29:03.294329,Success,,286,24,22,2,80410.41
TXN008843,C1939,16200.27,Debit Card,2026-07-30 11:03:19.819982,Failed,Technical Error,572,4,0,4,74439.11
TXN008844,C0481,8832.89,Credit Card,2026-07-30 11:37:36.345634,Success,,733,9,8,1,140142.5
TXN008845,C0930,6907.26,Credit Card,2026-07-30 12:11:52.871287,Success,,575,11,1,10,1822.18
TXN008846,C1872,14477.24,UPI,2026-07-30 12:46:09.396939,Success,,434,16,16,0,83606.63
TXN008847,C1772,23344.2,UPI,2026-07-30 13:20:25.922592,Failed,Technical Error,837,13,12,1,118791.04
TXN008848,C0872,971.05,UPI,2026-07-30 13:54:42.448244,Success,,565,25,6,19,10021.73
TXN008849,C1463,19253.86,Net Banking,2026-07-30 14:28:58.973897,Abandoned,Checkout Abandoned,342,4,1,3,53897.22
TXN008850,C1426,18095.91,Credit Card,2026-07-30 15:03:15.499549,Abandoned,Checkout Abandoned,754,4,1,3,146634.04
TXN008851,C1570,24102.44,UPI,2026-07-30 15:37:32.025202,Success,,38,23,12,11,32162.01
TXN008852,C0345,23274.71,UPI,2026-07-30 16:11:48.550855,Success,,692,5,1,4,79911.33
TXN008853,C1917,19079.59,Debit Card,2026-07-30 16:46:05.076507,Success,,70,14,11,3,112037.32
TXN008854,C0045,13058.18,UPI,2026-07-30 17:20:21.602160,Success,,70,26,3,23,58860.89
TXN008855,C1670,5186.26,Wallet,2026-07-30 17:54:38.127812,Success,,849,4,2,2,61477.05
TXN008856,C0021,13676.37,Credit Card,2026-07-30 18:28:54.653465,Success,,29,28,10,18,9958.62
TXN008857,C1658,19157.26,UPI,2026-07-30 19:03:11.179117,Success,,65,7,0,7,28918.96
TXN008858,C1094,22402.16,Debit Card,2026-07-30 19:37:27.704770,Success,,697,30,15,15,132151.08
TXN008859,C1888,19763.83,UPI,2026-07-30 20:11:44.230423,Failed,Card Declined,339,0,0,0,122838.49
TXN008860,C0873,4962.15,Net Banking,2026-07-30 20:46:00.756075,Abandoned,Checkout Abandoned,770,20,16,4,46043.46
TXN008861,C0048,15032.19,UPI,2026-07-30 21:20:17.281728,Success,,213,2,2,0,57565.84
TXN008862,C1515,8371.12,Wallet,2026-07-30 21:54:33.807380,Success,,449,20,4,16,66341.36
TXN008863,C0551,329.22,Credit Card,2026-07-30 22:28:50.333033,Success,,193,18,4,14,52218.57
TXN008864,C0287,5085.5,Net Banking,2026-07-30 23:03:06.858685,Failed,Card Declined,55,14,5,9,98259.8
TXN008865,C1002,2919.19,UPI,2026-07-30 23:37:23.384338,Abandoned,Checkout Abandoned,450,3,2,1,2417.85
TXN008866,C1034,21083.71,UPI,2026-07-31 00:11:39.909991,Success,,54,26,1,25,132085.12
TXN008867,C0542,6536.81,Debit Card,2026-07-31 00:45:56.435643,Success,,473,24,13,11,45447.04
TXN008868,C0756,7188.98,Debit Card,2026-07-31 01:20:12.961296,Success,,563,1,0,1,130919.83
TXN008869,C0274,24002.42,UPI,2026-07-31 01:54:29.486948,Success,,455,29,18,11,68430.68
TXN008870,C0956,9539.26,UPI,2026-07-31 02:28:46.012601,Success,,17,25,10,15,116561.48
TXN008871,C0600,338.68,UPI,2026-07-31 03:03:02.538253,Success,,861,27,24,3,123954.09
TXN008872,C1780,7167.77,Credit Card,2026-07-31 03:37:19.063906,Abandoned,Checkout Abandoned,23,16,5,11,45542.68
TXN008873,C0381,3070.56,UPI,2026-07-31 04:11:35.589558,Success,,238,11,2,9,96228.56
TXN008874,C1353,2659.93,UPI,2026-07-31 04:45:52.115211,Failed,Insufficient Balance,803,19,2,17,91308.39
TXN008875,C0479,2029.43,UPI,2026-07-31 05:20:08.640864,Success,,111,7,0,7,71664.11
TXN008876,C0015,14872.16,UPI,2026-07-31 05:54:25.166516,Success,,510,28,15,13,70700.52
TXN008877,C0516,4814.76,UPI,2026-07-31 06:28:41.692169,Success,,306,4,0,4,46127.89
TXN008878,C0191,9094.95,Wallet,2026-07-31 07:02:58.217821,Abandoned,Checkout Abandoned,758,24,2,22,46873.48
TXN008879,C1192,21564.24,UPI,2026-07-31 07:37:14.743474,Success,,38,9,2,7,82448.67
TXN008880,C1545,10666.02,Net Banking,2026-07-31 08:11:31.269126,Failed,Network Error,712,18,14,4,5324.46
TXN008881,C0621,22900.71,UPI,2026-07-31 08:45:47.794779,Failed,Bank Timeout,790,28,21,7,140082.83
TXN008882,C1161,12498.66,UPI,2026-07-31 09:20:04.320432,Success,,363,8,0,8,97671.91
TXN008883,C0154,10031.03,UPI,2026-07-31 09:54:20.846084,Failed,Network Error,483,15,13,2,66794.81
TXN008884,C1412,18784.68,Credit Card,2026-07-31 10:28:37.371737,Failed,Network Error,452,0,0,0,9740.0
TXN008885,C1233,1922.06,Debit Card,2026-07-31 11:02:53.897389,Success,,312,14,4,10,94686.87
TXN008886,C0272,2328.01,Credit Card,2026-07-31 11:37:10.423042,Success,,225,1,0,1,3152.53
TXN008887,C0143,16334.15,UPI,2026-07-31 12:11:26.948694,Failed,Card Declined,769,24,24,0,102140.15
TXN008888,C1635,12224.82,Net Banking,2026-07-31 12:45:43.474347,Failed,Card Declined,798,13,7,6,11342.4
TXN008889,C1913,19781.34,Wallet,2026-07-31 13:20:00.000000,Success,,360,24,21,3,98587.28
TXN008890,C1844,22915.14,UPI,2026-07-31 13:54:16.525652,Failed,Technical Error,533,25,13,12,61180.22
TXN008891,C1093,9770.34,Credit Card,2026-07-31 14:28:33.051305,Failed,Bank Timeout,627,20,8,12,99562.96
TXN008892,C0247,14950.61,Credit Card,2026-07-31 15:02:49.576957,Success,,33,15,2,13,21205.35
TXN008893,C1285,12567.35,UPI,2026-07-31 15:37:06.102610,Success,,798,9,8,1,18048.74
TXN008894,C0788,24542.11,UPI,2026-07-31 16:11:22.628262,Success,,525,11,7,4,37489.89
TXN008895,C0079,20794.0,Credit Card,2026-07-31 16:45:39.153915,Success,,802,12,11,1,62020.94
TXN008896,C1682,22802.27,Net Banking,2026-07-31 17:19:55.679567,Success,,17,19,14,5,38328.13
TXN008897,C0623,6433.07,UPI,2026-07-31 17:54:12.205220,Abandoned,Checkout Abandoned,685,8,0,8,12761.3
TXN008898,C1794,19335.91,Credit Card,2026-07-31 18:28:28.730873,Success,,811,27,8,19,49091.7
TXN008899,C1629,6710.28,Net Banking,2026-07-31 19:02:45.256525,Failed,Card Declined,123,25,23,2,106011.25
TXN008900,C0525,5297.69,UPI,2026-07-31 19:37:01.782178,Success,,571,1,1,0,87671.37
TXN008901,C0772,23612.23,UPI,2026-07-31 20:11:18.307830,Failed,Technical Error,247,30,5,25,144517.02
TXN008902,C0938,580.68,Debit Card,2026-07-31 20:45:34.833483,Failed,Bank Timeout,868,18,8,10,65670.29
TXN008903,C1645,24138.18,UPI,2026-07-31 21:19:51.359135,Failed,Card Declined,805,14,14,0,50253.95
TXN008904,C1354,3816.62,UPI,2026-07-31 21:54:07.884788,Failed,Network Error,71,30,23,7,104205.09
TXN008905,C1213,20504.01,UPI,2026-07-31 22:28:24.410441,Failed,Network Error,870,29,17,12,62087.84
TXN008906,C1119,6970.47,UPI,2026-07-31 23:02:40.936093,Success,,136,14,5,9,92937.24
TXN008907,C0617,8832.49,Net Banking,2026-07-31 23:36:57.461746,Success,,742,23,10,13,141969.95
TXN008908,C1032,5497.27,Credit Card,2026-08-01 00:11:13.987398,Success,,723,0,0,0,75128.79
TXN008909,C0067,14679.3,UPI,2026-08-01 00:45:30.513051,Failed,Bank Timeout,309,17,13,4,74977.16
TXN008910,C1520,8767.58,Credit Card,2026-08-01 01:19:47.038703,Success,,169,20,12,8,116387.4
TXN008911,C0191,16469.09,Wallet,2026-08-01 01:54:03.564356,Success,,529,30,12,18,113533.46
TXN008912,C1390,489.62,UPI,2026-08-01 02:28:20.090009,Failed,Bank Timeout,447,30,21,9,77676.6
TXN008913,C0768,1702.93,UPI,2026-08-01 03:02:36.615661,Success,,410,6,4,2,10175.69
TXN008914,C0521,2581.56,Wallet,2026-08-01 03:36:53.141314,Failed,Card Declined,646,9,8,1,147127.66
TXN008915,C0990,10532.94,Wallet,2026-08-01 04:11:09.666966,Success,,611,28,15,13,56909.4
TXN008916,C1141,20388.42,UPI,2026-08-01 04:45:26.192619,Success,,253,8,4,4,47847.61
TXN008917,C0267,22215.63,UPI,2026-08-01 05:19:42.718271,Success,,204,29,23,6,147241.25
TXN008918,C1635,6195.79,UPI,2026-08-01 05:53:59.243924,Success,,627,18,17,1,130884.21
TXN008919,C0485,14401.81,UPI,2026-08-01 06:28:15.769576,Success,,468,10,4,6,49867.39
TXN008920,C1533,19232.29,Debit Card,2026-08-01 07:02:32.295229,Success,,215,3,0,3,46592.2
TXN008921,C1322,7291.85,UPI,2026-08-01 07:36:48.820882,Success,,80,25,20,5,108282.64
TXN008922,C1933,10284.29,UPI,2026-08-01 08:11:05.346534,Success,,878,0,0,0,50480.23
TXN008923,C1188,13146.96,Credit Card,2026-08-01 08:45:21.872187,Success,,426,11,6,5,38089.08
TXN008924,C0376,3458.38,Wallet,2026-08-01 09:19:38.397839,Success,,437,0,0,0,146960.79
TXN008925,C0653,746.96,UPI,2026-08-01 09:53:54.923492,Success,,505,16,0,16,85073.68
TXN008926,C1292,3904.86,UPI,2026-08-01 10:28:11.449144,Failed,Card Declined,41,19,12,7,114493.39
TXN008927,C0549,15708.66,Wallet,2026-08-01 11:02:27.974797,Failed,Bank Timeout,687,8,2,6,107101.72
TXN008928,C1098,1933.09,Credit Card,2026-08-01 11:36:44.500450,Success,,221,7,5,2,113451.14
TXN008929,C1532,4823.44,UPI,2026-08-01 12:11:01.026102,Abandoned,Checkout Abandoned,531,3,3,0,135556.8
TXN008930,C0073,8512.56,UPI,2026-08-01 12:45:17.551755,Abandoned,Checkout Abandoned,856,7,3,4,75364.87
TXN008931,C0308,2038.96,UPI,2026-08-01 13:19:34.077407,Success,,472,30,0,30,113130.04
TXN008932,C0199,4873.31,Credit Card,2026-08-01 13:53:50.603060,Success,,719,22,18,4,119623.67
TXN008933,C1154,22790.62,UPI,2026-08-01 14:28:07.128712,Success,,256,21,7,14,141984.5
TXN008934,C1782,580.55,UPI,2026-08-01 15:02:23.654365,Success,,738,9,8,1,107107.96
TXN008935,C1848,16370.45,UPI,2026-08-01 15:36:40.180018,Success,,138,27,22,5,133946.06
TXN008936,C0572,9671.78,UPI,2026-08-01 16:10:56.705670,Abandoned,Checkout Abandoned,719,17,6,11,14708.2
TXN008937,C0791,16848.95,Credit Card,2026-08-01 16:45:13.231323,Success,,342,14,10,4,19351.44
TXN008938,C1639,14758.42,UPI,2026-08-01 17:19:29.756975,Abandoned,Checkout Abandoned,84,18,7,11,24172.76
TXN008939,C1832,5665.12,UPI,2026-08-01 17:53:46.282628,Failed,Bank Timeout,99,19,10,9,22149.55
TXN008940,C1856,21195.52,Wallet,2026-08-01 18:28:02.808280,Abandoned,Checkout Abandoned,802,22,13,9,13584.06
TXN008941,C1511,12349.32,Credit Card,2026-08-01 19:02:19.333933,Success,,61,23,13,10,18824.78
TXN008942,C1877,20581.15,UPI,2026-08-01 19:36:35.859585,Success,,829,29,3,26,149388.59
TXN008943,C1175,10209.71,Debit Card,2026-08-01 20:10:52.385238,Failed,Technical Error,21,10,3,7,41191.66
TXN008944,C1693,24618.67,UPI,2026-08-01 20:45:08.910891,Failed,Technical Error,55,23,8,15,71968.19
TXN008945,C1230,19285.19,Debit Card,2026-08-01 21:19:25.436543,Success,,658,3,3,0,123331.5
TXN008946,C0179,24152.16,Debit Card,2026-08-01 21:53:41.962196,Failed,Technical Error,822,8,3,5,18186.55
TXN008947,C0197,12906.73,Debit Card,2026-08-01 22:27:58.487848,Success,,301,7,5,2,47946.07
TXN008948,C0735,11894.91,Debit Card,2026-08-01 23:02:15.013501,Success,,146,15,8,7,24313.26
TXN008949,C0089,18910.8,UPI,2026-08-01 23:36:31.539153,Success,,106,26,15,11,9852.14
TXN008950,C0799,22019.25,Debit Card,2026-08-02 00:10:48.064806,Abandoned,Checkout Abandoned,171,12,12,0,144132.63
TXN008951,C1458,24107.23,UPI,2026-08-02 00:45:04.590459,Success,,97,4,3,1,128824.5
TXN008952,C0788,8181.34,UPI,2026-08-02 01:19:21.116111,Failed,Network Error,62,12,5,7,131955.05
TXN008953,C0748,19987.74,Wallet,2026-08-02 01:53:37.641764,Success,,118,18,11,7,130367.68
TXN008954,C1207,5345.08,Credit Card,2026-08-02 02:27:54.167416,Failed,Network Error,54,1,0,1,23607.74
TXN008955,C0209,13684.8,Wallet,2026-08-02 03:02:10.693069,Abandoned,Checkout Abandoned,874,11,1,10,117857.04
TXN008956,C0493,4578.22,UPI,2026-08-02 03:36:27.218721,Success,,170,8,7,1,109316.74
TXN008957,C1154,8750.19,Credit Card,2026-08-02 04:10:43.744374,Success,,294,0,0,0,138849.6
TXN008958,C0665,23290.82,UPI,2026-08-02 04:45:00.270027,Success,,825,22,10,12,33288.68
TXN008959,C1037,3737.66,Credit Card,2026-08-02 05:19:16.795679,Abandoned,Checkout Abandoned,603,26,6,20,62399.64
TXN008960,C1658,15846.78,UPI,2026-08-02 05:53:33.321332,Success,,836,28,5,23,44591.81
TXN008961,C0871,14864.56,UPI,2026-08-02 06:27:49.846984,Success,,327,13,2,11,39058.71
TXN008962,C0732,3106.38,UPI,2026-08-02 07:02:06.372637,Success,,776,6,0,6,98031.06
TXN008963,C1130,8216.88,Debit Card,2026-08-02 07:36:22.898289,Success,,300,16,14,2,25009.53
TXN008964,C1399,14118.24,UPI,2026-08-02 08:10:39.423942,Success,,440,29,1,28,69988.66
TXN008965,C1606,4760.75,Net Banking,2026-08-02 08:44:55.949594,Abandoned,Checkout Abandoned,836,22,3,19,97172.75
TXN008966,C1731,20035.53,UPI,2026-08-02 09:19:12.475247,Success,,708,13,1,12,19980.31
TXN008967,C0698,24306.7,UPI,2026-08-02 09:53:29.000900,Success,,395,16,5,11,38918.53
TXN008968,C1123,5447.51,UPI,2026-08-02 10:27:45.526552,Failed,Technical Error,610,1,1,0,145121.23
TXN008969,C0594,4754.11,Wallet,2026-08-02 11:02:02.052205,Success,,546,8,6,2,119416.69
TXN008970,C1611,11427.88,UPI,2026-08-02 11:36:18.577857,Success,,62,14,8,6,101704.72
TXN008971,C0886,18719.36,UPI,2026-08-02 12:10:35.103510,Failed,Technical Error,389,23,5,18,128467.4
TXN008972,C0852,7111.86,Debit Card,2026-08-02 12:44:51.629162,Success,,599,15,5,10,2588.28
TXN008973,C1216,595.01,UPI,2026-08-02 13:19:08.154815,Success,,123,8,4,4,1408.13
TXN008974,C0325,13576.39,Debit Card,2026-08-02 13:53:24.680468,Success,,869,27,25,2,23518.01
TXN008975,C0979,23919.35,UPI,2026-08-02 14:27:41.206120,Success,,321,24,3,21,74540.94
TXN008976,C1750,9842.79,Credit Card,2026-08-02 15:01:57.731773,Success,,267,3,1,2,85711.07
TXN008977,C1851,10561.35,UPI,2026-08-02 15:36:14.257425,Abandoned,Checkout Abandoned,154,14,10,4,17496.44
TXN008978,C0956,24225.65,Credit Card,2026-08-02 16:10:30.783078,Success,,717,20,19,1,11306.7
TXN008979,C1491,17395.73,Debit Card,2026-08-02 16:44:47.308730,Failed,Bank Timeout,512,9,3,6,124335.95
TXN008980,C0894,18007.38,Debit Card,2026-08-02 17:19:03.834383,Success,,825,6,4,2,69938.04
TXN008981,C1391,14111.28,Credit Card,2026-08-02 17:53:20.360036,Abandoned,Checkout Abandoned,869,5,0,5,148877.92
TXN008982,C1342,24367.77,Wallet,2026-08-02 18:27:36.885688,Failed,Network Error,623,14,1,13,34787.33
TXN008983,C0144,17252.78,UPI,2026-08-02 19:01:53.411341,Failed,Technical Error,299,24,2,22,97256.57
TXN008984,C0384,22386.32,UPI,2026-08-02 19:36:09.936993,Success,,361,1,0,1,120756.03
TXN008985,C0216,17514.53,Credit Card,2026-08-02 20:10:26.462646,Success,,690,30,12,18,130959.4
TXN008986,C1385,18404.38,Credit Card,2026-08-02 20:44:42.988298,Success,,616,23,0,23,46294.69
TXN008987,C0324,7331.23,UPI,2026-08-02 21:18:59.513951,Failed,Insufficient Balance,783,29,18,11,29395.42
TXN008988,C1039,7656.62,Credit Card,2026-08-02 21:53:16.039603,Failed,Card Declined,271,30,22,8,34301.14
TXN008989,C0217,19596.32,UPI,2026-08-02 22:27:32.565256,Success,,549,14,5,9,100178.04
TXN008990,C1516,7487.99,Debit Card,2026-08-02 23:01:49.090909,Abandoned,Checkout Abandoned,145,17,1,16,78588.31
TXN008991,C0951,14112.97,Net Banking,2026-08-02 23:36:05.616561,Abandoned,Checkout Abandoned,650,13,3,10,90049.21
TXN008992,C1571,6308.87,Credit Card,2026-08-03 00:10:22.142214,Success,,345,29,15,14,3569.03
TXN008993,C0183,20442.89,UPI,2026-08-03 00:44:38.667866,Success,,499,17,15,2,58950.49
TXN008994,C0270,2851.48,Credit Card,2026-08-03 01:18:55.193519,Failed,Technical Error,283,2,0,2,46867.2
TXN008995,C0945,20753.22,Debit Card,2026-08-03 01:53:11.719171,Success,,231,19,11,8,129635.3
TXN008996,C1491,15107.97,UPI,2026-08-03 02:27:28.244824,Failed,Network Error,345,21,1,20,116550.67
TXN008997,C0870,4754.05,Credit Card,2026-08-03 03:01:44.770477,Failed,Technical Error,132,13,13,0,64720.99
TXN008998,C1636,13596.68,Wallet,2026-08-03 03:36:01.296129,Success,,613,5,1,4,94764.17
TXN008999,C1543,7134.22,UPI,2026-08-03 04:10:17.821782,Success,,532,13,5,8,7628.07
TXN009000,C1566,8154.34,UPI,2026-08-03 04:44:34.347434,Success,,527,1,1,0,95769.09
TXN009001,C0467,8853.05,UPI,2026-08-03 05:18:50.873087,Abandoned,Checkout Abandoned,889,21,11,10,15032.15
TXN009002,C0305,1676.65,Credit Card,2026-08-03 05:53:07.398739,Success,,749,15,0,15,107245.81
TXN009003,C1168,24650.45,Wallet,2026-08-03 06:27:23.924392,Success,,543,23,17,6,86288.85
TXN009004,C0111,885.21,Credit Card,2026-08-03 07:01:40.450045,Failed,Insufficient Balance,224,15,3,12,45423.74
TXN009005,C1014,16596.17,UPI,2026-08-03 07:35:56.975697,Success,,424,20,2,18,55940.58
TXN009006,C0232,9343.57,Credit Card,2026-08-03 08:10:13.501350,Success,,805,16,16,0,13968.69
TXN009007,C1715,16185.66,Credit Card,2026-08-03 08:44:30.027002,Success,,412,30,22,8,48756.88
TXN009008,C1608,8970.58,Credit Card,2026-08-03 09:18:46.552655,Success,,636,15,8,7,145043.02
TXN009009,C1746,16876.39,UPI,2026-08-03 09:53:03.078307,Success,,735,15,8,7,73184.64
TXN009010,C1756,18257.96,Credit Card,2026-08-03 10:27:19.603960,Success,,394,7,5,2,71399.02
TXN009011,C1616,17294.76,UPI,2026-08-03 11:01:36.129612,Abandoned,Checkout Abandoned,662,5,5,0,94569.7
TXN009012,C1524,2937.65,UPI,2026-08-03 11:35:52.655265,Success,,700,17,11,6,72924.35
TXN009013,C0595,16456.64,Credit Card,2026-08-03 12:10:09.180918,Success,,522,22,6,16,53648.61
TXN009014,C1578,7071.69,Wallet,2026-08-03 12:44:25.706570,Success,,550,13,7,6,21358.48
TXN009015,C1297,817.15,UPI,2026-08-03 13:18:42.232223,Success,,406,15,2,13,94732.13
TXN009016,C1727,10429.28,Wallet,2026-08-03 13:52:58.757875,Success,,819,7,4,3,112463.9
TXN009017,C0173,10895.22,UPI,2026-08-03 14:27:15.283528,Success,,294,17,12,5,138503.85
TXN009018,C0973,11732.64,Debit Card,2026-08-03 15:01:31.809180,Abandoned,Checkout Abandoned,871,13,3,10,950.57
TXN009019,C1031,17650.12,UPI,2026-08-03 15:35:48.334833,Success,,409,16,8,8,10465.73
TXN009020,C1179,7790.21,UPI,2026-08-03 16:10:04.860486,Success,,837,21,8,13,134961.15
TXN009021,C1546,7950.48,Credit Card,2026-08-03 16:44:21.386138,Success,,114,28,3,25,94857.75
TXN009022,C0546,1607.75,Credit Card,2026-08-03 17:18:37.911791,Success,,683,21,13,8,143707.59
TXN009023,C0548,17201.85,Debit Card,2026-08-03 17:52:54.437443,Success,,512,7,1,6,64911.27
TXN009024,C1945,14238.87,Credit Card,2026-08-03 18:27:10.963096,Success,,49,29,0,29,62794.73
TXN009025,C0518,8800.69,Credit Card,2026-08-03 19:01:27.488748,Success,,358,30,18,12,51967.55
TXN009026,C1944,17659.21,Net Banking,2026-08-03 19:35:44.014401,Success,,231,15,1,14,21851.43
TXN009027,C0914,13480.21,Credit Card,2026-08-03 20:10:00.540054,Success,,451,22,4,18,57105.62
TXN009028,C0215,11784.2,UPI,2026-08-03 20:44:17.065706,Success,,573,23,21,2,2689.96
TXN009029,C0134,12831.98,UPI,2026-08-03 21:18:33.591359,Success,,73,9,8,1,76642.34
TXN009030,C0285,15945.07,UPI,2026-08-03 21:52:50.117011,Success,,13,9,3,6,127157.93
TXN009031,C1150,16534.06,Debit Card,2026-08-03 22:27:06.642664,Abandoned,Checkout Abandoned,465,29,19,10,48518.91
TXN009032,C1945,7295.05,UPI,2026-08-03 23:01:23.168316,Failed,Bank Timeout,888,20,14,6,14648.7
TXN009033,C1463,3604.51,UPI,2026-08-03 23:35:39.693969,Abandoned,Checkout Abandoned,27,17,0,17,146077.32
TXN009034,C1873,4000.19,UPI,2026-08-04 00:09:56.219621,Success,,351,30,29,1,19782.15
TXN009035,C0686,16020.83,Credit Card,2026-08-04 00:44:12.745274,Success,,19,20,18,2,79540.28
TXN009036,C1176,21834.54,UPI,2026-08-04 01:18:29.270927,Success,,892,17,3,14,121473.26
TXN009037,C0331,10296.46,UPI,2026-08-04 01:52:45.796579,Failed,Network Error,791,8,0,8,38225.61
TXN009038,C1562,4321.05,Credit Card,2026-08-04 02:27:02.322232,Success,,383,20,4,16,126302.69
TXN009039,C1407,18939.4,Debit Card,2026-08-04 03:01:18.847884,Success,,375,0,0,0,83775.26
TXN009040,C1139,20828.99,UPI,2026-08-04 03:35:35.373537,Success,,360,24,9,15,50124.38
TXN009041,C0894,22026.5,Credit Card,2026-08-04 04:09:51.899189,Success,,108,15,8,7,129920.54
TXN009042,C1506,15210.1,UPI,2026-08-04 04:44:08.424842,Success,,823,9,0,9,93489.02
TXN009043,C1308,21532.14,Wallet,2026-08-04 05:18:24.950495,Success,,715,14,13,1,92499.97
TXN009044,C0899,483.83,UPI,2026-08-04 05:52:41.476147,Success,,838,4,3,1,75849.45
TXN009045,C1099,2770.17,Wallet,2026-08-04 06:26:58.001800,Abandoned,Checkout Abandoned,428,26,6,20,41573.25
TXN009046,C1190,2405.14,Wallet,2026-08-04 07:01:14.527452,Failed,Bank Timeout,43,16,9,7,46076.64
TXN009047,C1213,17843.86,Debit Card,2026-08-04 07:35:31.053105,Success,,358,30,27,3,13667.82
TXN009048,C0078,1832.59,UPI,2026-08-04 08:09:47.578757,Success,,847,8,8,0,36936.69
TXN009049,C0947,12459.47,Credit Card,2026-08-04 08:44:04.104410,Success,,461,24,3,21,42034.85
TXN009050,C1626,11870.4,UPI,2026-08-04 09:18:20.630063,Success,,586,25,13,12,9275.87
TXN009051,C0688,7836.52,Net Banking,2026-08-04 09:52:37.155715,Success,,684,25,2,23,16992.05
TXN009052,C0021,21773.09,Debit Card,2026-08-04 10:26:53.681368,Success,,185,24,22,2,40902.82
TXN009053,C0566,4343.79,Wallet,2026-08-04 11:01:10.207020,Failed,Card Declined,56,30,21,9,101749.25
TXN009054,C1208,8876.32,Credit Card,2026-08-04 11:35:26.732673,Success,,227,5,2,3,28043.13
TXN009055,C1895,19376.87,Credit Card,2026-08-04 12:09:43.258325,Success,,230,25,9,16,78516.52
TXN009056,C1246,857.52,Credit Card,2026-08-04 12:43:59.783978,Success,,20,25,7,18,76431.54
TXN009057,C0827,16856.46,UPI,2026-08-04 13:18:16.309630,Success,,199,1,0,1,125188.69
TXN009058,C1352,20428.3,Credit Card,2026-08-04 13:52:32.835283,Failed,Bank Timeout,892,27,27,0,91569.99
TXN009059,C0179,23313.47,Credit Card,2026-08-04 14:26:49.360936,Success,,95,12,6,6,137591.36
TXN009060,C1812,21919.79,Wallet,2026-08-04 15:01:05.886588,Success,,554,22,5,17,94401.15
TXN009061,C1136,8052.66,Credit Card,2026-08-04 15:35:22.412241,Success,,616,17,13,4,4314.59
TXN009062,C1760,14700.47,Net Banking,2026-08-04 16:09:38.937893,Success,,339,19,8,11,57533.06
TXN009063,C1750,2024.61,Net Banking,2026-08-04 16:43:55.463546,Success,,428,3,1,2,105007.67
TXN009064,C1083,6520.96,Credit Card,2026-08-04 17:18:11.989198,Success,,190,9,7,2,71530.72
TXN009065,C1351,2446.14,UPI,2026-08-04 17:52:28.514851,Success,,293,22,5,17,63199.98
TXN009066,C0905,7948.16,Credit Card,2026-08-04 18:26:45.040504,Success,,544,21,5,16,100896.07
TXN009067,C1645,21892.16,UPI,2026-08-04 19:01:01.566156,Failed,Technical Error,58,27,21,6,43217.07
TXN009068,C1921,8744.45,UPI,2026-08-04 19:35:18.091809,Success,,853,10,1,9,136392.22
TXN009069,C0669,14091.26,UPI,2026-08-04 20:09:34.617461,Success,,742,27,24,3,62264.97
TXN009070,C0191,10891.18,Wallet,2026-08-04 20:43:51.143114,Abandoned,Checkout Abandoned,11,12,7,5,94867.06
TXN009071,C1224,11527.02,UPI,2026-08-04 21:18:07.668766,Success,,598,27,4,23,147358.82
TXN009072,C1336,24242.34,Debit Card,2026-08-04 21:52:24.194419,Abandoned,Checkout Abandoned,877,25,25,0,117929.29
TXN009073,C0708,7474.25,Net Banking,2026-08-04 22:26:40.720072,Success,,632,22,2,20,79977.66
TXN009074,C1059,15720.38,Credit Card,2026-08-04 23:00:57.245724,Success,,163,21,10,11,128978.44
TXN009075,C0379,10559.56,Credit Card,2026-08-04 23:35:13.771377,Success,,154,16,6,10,84285.44
TXN009076,C0387,1622.54,Debit Card,2026-08-05 00:09:30.297029,Failed,Insufficient Balance,308,30,28,2,66527.19
TXN009077,C1782,12284.34,UPI,2026-08-05 00:43:46.822682,Success,,618,30,8,22,131081.22
TXN009078,C0237,20352.25,UPI,2026-08-05 01:18:03.348334,Success,,324,10,6,4,4559.73
TXN009079,C0616,2558.95,Wallet,2026-08-05 01:52:19.873987,Success,,898,3,3,0,61416.19
TXN009080,C1543,1832.84,UPI,2026-08-05 02:26:36.399639,Abandoned,Checkout Abandoned,735,13,7,6,51777.37
TXN009081,C0283,3925.42,Debit Card,2026-08-05 03:00:52.925292,Success,,843,2,1,1,107255.9
TXN009082,C0001,19133.56,Credit Card,2026-08-05 03:35:09.450945,Abandoned,Checkout Abandoned,595,30,25,5,2381.64
TXN009083,C1755,18127.49,UPI,2026-08-05 04:09:25.976597,Success,,816,22,13,9,99297.45
TXN009084,C0464,14168.94,Wallet,2026-08-05 04:43:42.502250,Success,,547,28,4,24,52281.0
TXN009085,C1254,11758.84,Debit Card,2026-08-05 05:17:59.027902,Success,,743,22,9,13,15135.06
TXN009086,C0967,22219.31,UPI,2026-08-05 05:52:15.553555,Success,,724,11,5,6,147059.45
TXN009087,C0172,19190.78,Wallet,2026-08-05 06:26:32.079207,Failed,Bank Timeout,799,27,27,0,32228.2
TXN009088,C1111,20317.36,Debit Card,2026-08-05 07:00:48.604860,Success,,353,26,23,3,52694.92
TXN009089,C1577,20350.23,Credit Card,2026-08-05 07:35:05.130513,Abandoned,Checkout Abandoned,38,3,1,2,31453.47
TXN009090,C1147,16103.66,Credit Card,2026-08-05 08:09:21.656165,Success,,124,15,15,0,99467.68
TXN009091,C0843,11504.56,UPI,2026-08-05 08:43:38.181818,Success,,275,6,5,1,117486.19
TXN009092,C1322,21630.48,Credit Card,2026-08-05 09:17:54.707470,Failed,Insufficient Balance,491,19,16,3,129165.8
TXN009093,C1909,23157.58,UPI,2026-08-05 09:52:11.233123,Success,,119,24,3,21,46994.23
TXN009094,C1953,692.77,Credit Card,2026-08-05 10:26:27.758775,Success,,674,18,14,4,78920.73
TXN009095,C0690,1383.72,Credit Card,2026-08-05 11:00:44.284428,Success,,414,25,10,15,99657.01
TXN009096,C0575,23972.71,Net Banking,2026-08-05 11:35:00.810081,Success,,639,30,8,22,94613.39
TXN009097,C1508,7001.3,Debit Card,2026-08-05 12:09:17.335733,Abandoned,Checkout Abandoned,644,17,14,3,107546.07
TXN009098,C0165,21846.9,UPI,2026-08-05 12:43:33.861386,Abandoned,Checkout Abandoned,726,20,19,1,115574.23
TXN009099,C1723,9781.0,Net Banking,2026-08-05 13:17:50.387038,Failed,Network Error,843,8,1,7,15072.27
TXN009100,C0383,3065.59,Credit Card,2026-08-05 13:52:06.912691,Failed,Network Error,772,10,8,2,25662.5
TXN009101,C0209,2103.04,Credit Card,2026-08-05 14:26:23.438343,Success,,143,18,0,18,110281.0
TXN009102,C1763,3997.05,UPI,2026-08-05 15:00:39.963996,Success,,261,16,16,0,71762.99
TXN009103,C1456,6322.34,Net Banking,2026-08-05 15:34:56.489648,Failed,Technical Error,522,24,3,21,64341.55
TXN009104,C1413,12264.11,Wallet,2026-08-05 16:09:13.015301,Success,,514,20,4,16,68588.3
TXN009105,C1584,17567.3,Debit Card,2026-08-05 16:43:29.540954,Success,,293,17,4,13,56117.89
TXN009106,C0224,24661.32,Wallet,2026-08-05 17:17:46.066606,Failed,Technical Error,735,5,3,2,88864.59
TXN009107,C0003,11093.52,UPI,2026-08-05 17:52:02.592259,Success,,133,2,1,1,48837.17
TXN009108,C0372,13002.81,Net Banking,2026-08-05 18:26:19.117911,Success,,206,13,0,13,95703.9
TXN009109,C1711,13093.21,Credit Card,2026-08-05 19:00:35.643564,Failed,Technical Error,411,8,1,7,30794.25
TXN009110,C1470,13531.92,UPI,2026-08-05 19:34:52.169216,Success,,541,2,1,1,113774.49
TXN009111,C0611,12991.74,Debit Card,2026-08-05 20:09:08.694869,Failed,Insufficient Balance,341,1,1,0,117349.2
TXN009112,C0116,318.49,Debit Card,2026-08-05 20:43:25.220522,Success,,478,18,4,14,86988.86
TXN009113,C1294,142.95,UPI,2026-08-05 21:17:41.746174,Success,,868,5,0,5,55713.86
TXN009114,C0447,2531.89,UPI,2026-08-05 21:51:58.271827,Success,,323,2,0,2,2652.29
TXN009115,C1392,2628.76,UPI,2026-08-05 22:26:14.797479,Failed,Card Declined,690,24,22,2,18669.1
TXN009116,C1277,17651.93,UPI,2026-08-05 23:00:31.323132,Success,,619,24,20,4,12413.21
TXN009117,C1341,5202.41,UPI,2026-08-05 23:34:47.848784,Success,,667,8,8,0,2025.65
TXN009118,C0415,22378.38,UPI,2026-08-06 00:09:04.374437,Success,,683,17,13,4,108471.86
TXN009119,C1119,23222.3,UPI,2026-08-06 00:43:20.900090,Success,,75,30,16,14,143431.98
TXN009120,C1809,24399.74,Wallet,2026-08-06 01:17:37.425742,Success,,254,6,2,4,2169.66
TXN009121,C0892,23483.12,Debit Card,2026-08-06 01:51:53.951395,Success,,368,30,17,13,17347.24
TXN009122,C1048,6870.02,UPI,2026-08-06 02:26:10.477047,Success,,330,27,11,16,129171.04
TXN009123,C1652,12793.44,Wallet,2026-08-06 03:00:27.002700,Success,,135,1,0,1,103431.09
TXN009124,C0663,4468.83,Credit Card,2026-08-06 03:34:43.528352,Success,,741,0,0,0,61004.2
TXN009125,C1874,20174.62,Credit Card,2026-08-06 04:09:00.054005,Success,,370,4,0,4,148923.08
TXN009126,C1074,22221.95,Credit Card,2026-08-06 04:43:16.579657,Success,,292,26,15,11,86256.39
TXN009127,C1526,21297.09,UPI,2026-08-06 05:17:33.105310,Success,,39,26,12,14,100605.05
TXN009128,C0718,10890.84,UPI,2026-08-06 05:51:49.630963,Success,,607,23,17,6,98149.87
TXN009129,C1522,18990.98,UPI,2026-08-06 06:26:06.156615,Abandoned,Checkout Abandoned,341,29,11,18,33793.89
TXN009130,C1359,2529.72,Credit Card,2026-08-06 07:00:22.682268,Success,,777,2,1,1,73474.6
TXN009131,C1103,1102.09,Credit Card,2026-08-06 07:34:39.207920,Success,,394,6,1,5,32853.49
TXN009132,C1606,18855.59,Debit Card,2026-08-06 08:08:55.733573,Success,,234,5,2,3,76664.95
TXN009133,C1051,10691.35,UPI,2026-08-06 08:43:12.259225,Failed,Card Declined,306,26,0,26,5101.79
TXN009134,C0271,24889.18,Debit Card,2026-08-06 09:17:28.784878,Abandoned,Checkout Abandoned,249,28,5,23,57602.9
TXN009135,C0562,2521.63,Credit Card,2026-08-06 09:51:45.310531,Success,,378,29,17,12,56145.41
TXN009136,C0804,21405.13,Wallet,2026-08-06 10:26:01.836183,Failed,Card Declined,778,0,0,0,44098.78
TXN009137,C0247,12051.58,UPI,2026-08-06 11:00:18.361836,Success,,654,27,2,25,12344.73
TXN009138,C1800,20696.04,Net Banking,2026-08-06 11:34:34.887488,Success,,654,22,21,1,115759.58
TXN009139,C1615,20446.47,Net Banking,2026-08-06 12:08:51.413141,Success,,80,18,5,13,63358.0
TXN009140,C0387,22908.2,Credit Card,2026-08-06 12:43:07.938793,Success,,861,29,3,26,122188.99
TXN009141,C0702,7516.47,Debit Card,2026-08-06 13:17:24.464446,Success,,291,19,16,3,125441.22
TXN009142,C0559,23750.0,UPI,2026-08-06 13:51:40.990099,Success,,314,13,6,7,32432.81
TXN009143,C0973,3876.51,Wallet,2026-08-06 14:25:57.515751,Success,,847,9,1,8,63488.85
TXN009144,C1385,2141.02,UPI,2026-08-06 15:00:14.041404,Success,,611,1,1,0,108285.61
TXN009145,C1890,10847.23,Credit Card,2026-08-06 15:34:30.567056,Success,,838,30,6,24,75174.67
TXN009146,C0984,20725.24,UPI,2026-08-06 16:08:47.092709,Success,,268,10,1,9,128332.7
TXN009147,C1512,11888.19,UPI,2026-08-06 16:43:03.618361,Success,,176,15,15,0,85949.57
TXN009148,C0352,20749.24,Credit Card,2026-08-06 17:17:20.144014,Success,,599,16,14,2,94622.35
TXN009149,C1725,18269.2,Net Banking,2026-08-06 17:51:36.669666,Success,,698,4,0,4,118160.01
TXN009150,C1952,5314.77,Credit Card,2026-08-06 18:25:53.195319,Success,,279,21,5,16,18772.21
TXN009151,C1280,23727.15,Wallet,2026-08-06 19:00:09.720972,Success,,541,26,7,19,87845.11
TXN009152,C1246,1613.45,Credit Card,2026-08-06 19:34:26.246624,Success,,451,17,7,10,13271.77
TXN009153,C1908,22467.16,UPI,2026-08-06 20:08:42.772277,Failed,Network Error,437,15,6,9,39452.39
TXN009154,C0753,7680.64,UPI,2026-08-06 20:42:59.297929,Success,,146,9,3,6,32279.47
TXN009155,C0781,12553.69,Debit Card,2026-08-06 21:17:15.823582,Success,,712,5,3,2,85277.88
TXN009156,C1025,10616.56,UPI,2026-08-06 21:51:32.349234,Success,,515,21,4,17,126663.41
TXN009157,C0546,4378.68,Credit Card,2026-08-06 22:25:48.874887,Abandoned,Checkout Abandoned,455,23,7,16,20355.04
TXN009158,C1470,9017.86,UPI,2026-08-06 23:00:05.400540,Success,,271,7,5,2,115375.28
TXN009159,C0079,4904.07,UPI,2026-08-06 23:34:21.926192,Success,,459,5,3,2,21888.39
TXN009160,C1260,5176.77,Debit Card,2026-08-07 00:08:38.451845,Success,,623,22,2,20,28855.92
TXN009161,C0334,4757.72,Credit Card,2026-08-07 00:42:54.977497,Success,,114,3,0,3,137582.56
TXN009162,C0889,12276.53,UPI,2026-08-07 01:17:11.503150,Success,,308,4,1,3,1954.51
TXN009163,C1373,19968.49,UPI,2026-08-07 01:51:28.028802,Success,,841,5,5,0,29973.03
TXN009164,C1122,14267.35,UPI,2026-08-07 02:25:44.554455,Success,,106,14,14,0,32725.64
TXN009165,C1106,22340.84,UPI,2026-08-07 03:00:01.080108,Success,,821,5,4,1,42641.14
TXN009166,C0502,15949.96,Credit Card,2026-08-07 03:34:17.605760,Success,,14,18,4,14,54830.05
TXN009167,C1991,17264.57,Credit Card,2026-08-07 04:08:34.131413,Failed,Network Error,150,24,14,10,15925.11
TXN009168,C1501,16723.42,UPI,2026-08-07 04:42:50.657065,Success,,385,19,5,14,70533.91
TXN009169,C1951,11291.53,UPI,2026-08-07 05:17:07.182718,Failed,Card Declined,664,7,1,6,60202.88
TXN009170,C1728,17264.54,UPI,2026-08-07 05:51:23.708370,Success,,758,12,6,6,93927.6
TXN009171,C0765,1835.72,UPI,2026-08-07 06:25:40.234023,Success,,521,3,3,0,130193.89
TXN009172,C0921,21510.3,Credit Card,2026-08-07 06:59:56.759675,Success,,896,30,14,16,45009.18
TXN009173,C0550,19467.52,UPI,2026-08-07 07:34:13.285328,Success,,193,21,19,2,82199.92
TXN009174,C0014,6206.23,UPI,2026-08-07 08:08:29.810981,Success,,210,16,8,8,56020.92
TXN009175,C0392,19224.01,Debit Card,2026-08-07 08:42:46.336633,Failed,Technical Error,355,13,3,10,6517.42
TXN009176,C1371,414.8,UPI,2026-08-07 09:17:02.862286,Success,,39,17,7,10,123250.77
TXN009177,C0310,5509.44,Credit Card,2026-08-07 09:51:19.387938,Failed,Bank Timeout,833,14,9,5,95315.36
TXN009178,C0386,1721.92,Credit Card,2026-08-07 10:25:35.913591,Success,,133,21,12,9,824.75
TXN009179,C1233,19527.65,UPI,2026-08-07 10:59:52.439243,Success,,479,18,16,2,37811.01
TXN009180,C1381,18921.27,Debit Card,2026-08-07 11:34:08.964896,Failed,Card Declined,497,10,3,7,46693.92
TXN009181,C0974,20359.54,Credit Card,2026-08-07 12:08:25.490549,Success,,333,6,1,5,121823.97
TXN009182,C1625,211.59,Credit Card,2026-08-07 12:42:42.016201,Success,,646,0,0,0,114226.62
TXN009183,C1592,12580.69,Debit Card,2026-08-07 13:16:58.541854,Success,,824,29,26,3,59723.51
TXN009184,C1118,17650.42,Net Banking,2026-08-07 13:51:15.067506,Success,,293,2,1,1,24022.66
TXN009185,C1117,3969.49,Wallet,2026-08-07 14:25:31.593159,Failed,Bank Timeout,302,18,4,14,58211.81
TXN009186,C0340,16279.79,Credit Card,2026-08-07 14:59:48.118811,Success,,851,29,1,28,121616.88
TXN009187,C0597,2194.34,Net Banking,2026-08-07 15:34:04.644464,Success,,82,27,15,12,68132.51
TXN009188,C1469,4615.01,UPI,2026-08-07 16:08:21.170117,Failed,Card Declined,260,0,0,0,17822.59
TXN009189,C0757,11947.34,Credit Card,2026-08-07 16:42:37.695769,Failed,Bank Timeout,136,30,22,8,6262.85
TXN009190,C1046,16373.77,UPI,2026-08-07 17:16:54.221422,Success,,813,3,1,2,50333.62
TXN009191,C0291,3732.14,UPI,2026-08-07 17:51:10.747074,Success,,231,23,22,1,22680.24
TXN009192,C1509,4712.06,Credit Card,2026-08-07 18:25:27.272727,Success,,340,10,8,2,111883.66
TXN009193,C1808,5190.71,Debit Card,2026-08-07 18:59:43.798379,Success,,162,6,4,2,42174.14
TXN009194,C0306,6043.65,UPI,2026-08-07 19:34:00.324032,Success,,340,6,3,3,131679.23
TXN009195,C0634,5741.19,Debit Card,2026-08-07 20:08:16.849684,Success,,306,13,4,9,92793.72
TXN009196,C1152,9939.21,Credit Card,2026-08-07 20:42:33.375337,Success,,704,14,2,12,59352.73
TXN009197,C0625,16379.36,UPI,2026-08-07 21:16:49.900990,Success,,590,4,4,0,91703.6
TXN009198,C0939,11006.99,UPI,2026-08-07 21:51:06.426642,Success,,740,13,8,5,44628.51
TXN009199,C1297,19421.75,UPI,2026-08-07 22:25:22.952295,Success,,480,12,11,1,21627.92
TXN009200,C0848,18009.79,UPI,2026-08-07 22:59:39.477947,Success,,66,19,12,7,144644.55
TXN009201,C0442,3250.52,Credit Card,2026-08-07 23:33:56.003600,Success,,510,25,6,19,84692.64
TXN009202,C0503,1316.16,UPI,2026-08-08 00:08:12.529252,Success,,12,21,3,18,1595.55
TXN009203,C0130,21960.74,UPI,2026-08-08 00:42:29.054905,Success,,825,17,6,11,46891.97
TXN009204,C1156,2087.79,Debit Card,2026-08-08 01:16:45.580558,Success,,580,0,0,0,24350.41
TXN009205,C0597,3793.65,Credit Card,2026-08-08 01:51:02.106210,Success,,890,12,0,12,39098.41
TXN009206,C1959,651.12,UPI,2026-08-08 02:25:18.631863,Success,,813,22,14,8,8829.47
TXN009207,C1506,15745.58,UPI,2026-08-08 02:59:35.157515,Success,,704,28,14,14,37140.3
TXN009208,C0862,14601.03,UPI,2026-08-08 03:33:51.683168,Success,,600,19,17,2,102610.91
TXN009209,C1414,24673.9,Debit Card,2026-08-08 04:08:08.208820,Success,,854,6,6,0,123181.13
TXN009210,C0593,22184.62,Net Banking,2026-08-08 04:42:24.734473,Success,,487,5,5,0,52435.11
TXN009211,C0999,10330.0,Debit Card,2026-08-08 05:16:41.260126,Failed,Technical Error,178,26,2,24,78608.63
TXN009212,C0325,9352.49,UPI,2026-08-08 05:50:57.785778,Failed,Network Error,83,8,4,4,6747.69
TXN009213,C1093,7491.62,Debit Card,2026-08-08 06:25:14.311431,Abandoned,Checkout Abandoned,580,27,27,0,14074.72
TXN009214,C1684,3894.93,UPI,2026-08-08 06:59:30.837083,Success,,171,9,4,5,83012.66
TXN009215,C0448,3538.28,UPI,2026-08-08 07:33:47.362736,Abandoned,Checkout Abandoned,551,21,15,6,126166.25
TXN009216,C1552,3393.86,UPI,2026-08-08 08:08:03.888388,Success,,98,2,2,0,13654.2
TXN009217,C0819,2941.46,Debit Card,2026-08-08 08:42:20.414041,Success,,327,6,0,6,63072.73
TXN009218,C1641,6088.75,Credit Card,2026-08-08 09:16:36.939693,Success,,79,24,9,15,145578.49
TXN009219,C1189,7736.05,Credit Card,2026-08-08 09:50:53.465346,Success,,832,29,24,5,110949.49
TXN009220,C1512,24043.32,Debit Card,2026-08-08 10:25:09.990999,Success,,509,10,5,5,30041.68
TXN009221,C1737,14503.98,UPI,2026-08-08 10:59:26.516651,Success,,878,25,22,3,43133.55
TXN009222,C0709,24691.13,UPI,2026-08-08 11:33:43.042304,Failed,Card Declined,621,11,11,0,142213.48
TXN009223,C1450,9374.43,Credit Card,2026-08-08 12:07:59.567956,Success,,105,11,7,4,33537.66
TXN009224,C1721,11494.9,Credit Card,2026-08-08 12:42:16.093609,Abandoned,Checkout Abandoned,799,12,3,9,66415.65
TXN009225,C1858,8182.01,Debit Card,2026-08-08 13:16:32.619261,Success,,384,21,6,15,53663.7
TXN009226,C0265,4653.9,UPI,2026-08-08 13:50:49.144914,Success,,362,22,13,9,73760.81
TXN009227,C1899,3664.8,Debit Card,2026-08-08 14:25:05.670567,Success,,543,7,5,2,35868.74
TXN009228,C0612,23632.47,UPI,2026-08-08 14:59:22.196219,Success,,877,3,3,0,100418.39
TXN009229,C1366,24671.59,Debit Card,2026-08-08 15:33:38.721872,Failed,Card Declined,603,20,14,6,35571.35
TXN009230,C0832,1218.25,Credit Card,2026-08-08 16:07:55.247524,Success,,229,19,16,3,90514.15
TXN009231,C1750,3843.61,Wallet,2026-08-08 16:42:11.773177,Success,,406,0,0,0,53986.51
TXN009232,C1302,10645.75,UPI,2026-08-08 17:16:28.298829,Success,,475,5,4,1,38095.68
TXN009233,C0674,4739.7,Debit Card,2026-08-08 17:50:44.824482,Success,,800,22,11,11,104402.89
TXN009234,C1463,9160.62,Credit Card,2026-08-08 18:25:01.350135,Success,,83,1,0,1,144803.35
TXN009235,C0157,3314.5,UPI,2026-08-08 18:59:17.875787,Success,,508,21,2,19,130471.63
TXN009236,C1446,11467.14,UPI,2026-08-08 19:33:34.401440,Success,,75,13,8,5,13481.89
TXN009237,C0251,6865.2,Debit Card,2026-08-08 20:07:50.927092,Success,,279,26,24,2,68434.86
TXN009238,C0878,8862.44,UPI,2026-08-08 20:42:07.452745,Success,,425,17,14,3,104369.6
TXN009239,C1633,2448.39,UPI,2026-08-08 21:16:23.978397,Success,,516,9,1,8,84611.07
TXN009240,C0530,10760.39,Wallet,2026-08-08 21:50:40.504050,Success,,156,28,20,8,109090.35
TXN009241,C0327,24583.11,Debit Card,2026-08-08 22:24:57.029702,Failed,Technical Error,846,20,19,1,146280.46
TXN009242,C0961,8287.94,UPI,2026-08-08 22:59:13.555355,Failed,Insufficient Balance,771,0,0,0,51669.64
TXN009243,C0895,21923.09,Credit Card,2026-08-08 23:33:30.081008,Success,,697,2,2,0,115745.54
TXN009244,C0097,21095.66,Credit Card,2026-08-09 00:07:46.606660,Success,,105,19,6,13,14563.66
TXN009245,C0513,23806.25,Net Banking,2026-08-09 00:42:03.132313,Success,,899,3,3,0,130527.36
TXN009246,C0216,19773.73,Debit Card,2026-08-09 01:16:19.657965,Success,,339,17,13,4,116875.62
TXN009247,C1156,16523.96,Net Banking,2026-08-09 01:50:36.183618,Success,,654,7,7,0,78384.64
TXN009248,C1284,21428.95,UPI,2026-08-09 02:24:52.709270,Failed,Card Declined,215,21,19,2,123244.5
TXN009249,C0125,1983.55,Credit Card,2026-08-09 02:59:09.234923,Failed,Bank Timeout,243,8,2,6,100160.21
TXN009250,C1106,11624.48,UPI,2026-08-09 03:33:25.760576,Success,,692,21,10,11,83057.82
TXN009251,C1307,24732.48,UPI,2026-08-09 04:07:42.286228,Success,,412,18,6,12,141927.08
TXN009252,C1707,19263.04,Debit Card,2026-08-09 04:41:58.811881,Success,,340,27,10,17,19974.65
TXN009253,C0059,24055.68,UPI,2026-08-09 05:16:15.337533,Failed,Technical Error,492,1,1,0,148948.67
TXN009254,C1568,19512.9,Credit Card,2026-08-09 05:50:31.863186,Failed,Insufficient Balance,176,8,7,1,23587.72
TXN009255,C0161,21884.56,Net Banking,2026-08-09 06:24:48.388838,Success,,879,2,1,1,72286.31
TXN009256,C0284,17692.59,UPI,2026-08-09 06:59:04.914491,Success,,509,21,10,11,35095.94
TXN009257,C0106,19036.5,UPI,2026-08-09 07:33:21.440144,Success,,836,25,0,25,41151.09
TXN009258,C1129,13127.13,Debit Card,2026-08-09 08:07:37.965796,Success,,758,1,1,0,94958.88
TXN009259,C1463,23113.52,Wallet,2026-08-09 08:41:54.491449,Success,,759,6,1,5,5689.17
TXN009260,C0228,20643.47,Debit Card,2026-08-09 09:16:11.017101,Success,,103,29,6,23,141141.64
TXN009261,C1724,21112.74,Credit Card,2026-08-09 09:50:27.542754,Success,,189,16,2,14,42303.51
TXN009262,C1606,16857.93,UPI,2026-08-09 10:24:44.068406,Success,,359,24,18,6,41243.62
TXN009263,C0318,7684.04,UPI,2026-08-09 10:59:00.594059,Success,,248,16,3,13,129602.78
TXN009264,C1488,987.18,Debit Card,2026-08-09 11:33:17.119711,Success,,212,8,5,3,114843.01
TXN009265,C0802,23397.81,UPI,2026-08-09 12:07:33.645364,Success,,223,26,0,26,100922.43
TXN009266,C1623,14694.4,Net Banking,2026-08-09 12:41:50.171017,Success,,275,0,0,0,22380.59
TXN009267,C1906,7523.76,Credit Card,2026-08-09 13:16:06.696669,Failed,Card Declined,116,0,0,0,115557.7
TXN009268,C0874,3813.46,Credit Card,2026-08-09 13:50:23.222322,Success,,860,7,1,6,54434.56
TXN009269,C0472,20755.13,Debit Card,2026-08-09 14:24:39.747974,Success,,383,16,3,13,149086.35
TXN009270,C1080,20929.35,Debit Card,2026-08-09 14:58:56.273627,Success,,280,30,24,6,100851.81
TXN009271,C0625,20381.25,Credit Card,2026-08-09 15:33:12.799279,Success,,325,7,6,1,125466.01
TXN009272,C0013,16162.56,Wallet,2026-08-09 16:07:29.324932,Success,,44,18,10,8,110200.9
TXN009273,C1464,9213.78,Wallet,2026-08-09 16:41:45.850585,Success,,556,3,1,2,89338.63
TXN009274,C1042,7671.35,Wallet,2026-08-09 17:16:02.376237,Failed,Card Declined,10,17,4,13,107589.7
TXN009275,C0694,313.01,Net Banking,2026-08-09 17:50:18.901890,Success,,568,12,11,1,89823.83
TXN009276,C0973,20856.83,Debit Card,2026-08-09 18:24:35.427542,Failed,Network Error,118,21,1,20,8154.19
TXN009277,C0113,2277.07,Debit Card,2026-08-09 18:58:51.953195,Success,,120,6,1,5,52155.71
TXN009278,C0229,15805.8,UPI,2026-08-09 19:33:08.478847,Success,,254,25,21,4,47804.42
TXN009279,C0171,12651.47,UPI,2026-08-09 20:07:25.004500,Success,,283,2,0,2,107238.99
TXN009280,C0295,13214.57,UPI,2026-08-09 20:41:41.530153,Failed,Insufficient Balance,35,13,13,0,86637.89
TXN009281,C0189,23175.15,UPI,2026-08-09 21:15:58.055805,Abandoned,Checkout Abandoned,325,8,8,0,91768.08
TXN009282,C0426,887.21,UPI,2026-08-09 21:50:14.581458,Failed,Technical Error,667,2,0,2,127123.75
TXN009283,C0977,19357.47,UPI,2026-08-09 22:24:31.107110,Success,,328,6,6,0,79033.42
TXN009284,C1103,1396.1,Net Banking,2026-08-09 22:58:47.632763,Success,,562,14,6,8,33132.44
TXN009285,C0658,1050.02,Net Banking,2026-08-09 23:33:04.158415,Success,,731,3,1,2,2359.73
TXN009286,C0919,10802.46,UPI,2026-08-10 00:07:20.684068,Success,,52,4,1,3,24344.88
TXN009287,C1206,1670.57,UPI,2026-08-10 00:41:37.209720,Success,,745,27,27,0,5071.57
TXN009288,C0499,19749.68,Net Banking,2026-08-10 01:15:53.735373,Success,,303,8,3,5,35941.21
TXN009289,C1822,13286.12,Net Banking,2026-08-10 01:50:10.261026,Success,,259,2,0,2,95432.08
TXN009290,C0762,823.07,Wallet,2026-08-10 02:24:26.786678,Success,,676,15,7,8,23137.13
TXN009291,C0866,1108.47,Wallet,2026-08-10 02:58:43.312331,Success,,698,15,5,10,12747.52
TXN009292,C0826,15355.45,Wallet,2026-08-10 03:32:59.837983,Failed,Bank Timeout,321,18,13,5,145642.76
TXN009293,C1732,20172.18,UPI,2026-08-10 04:07:16.363636,Success,,698,24,12,12,149537.3
TXN009294,C1859,11001.21,UPI,2026-08-10 04:41:32.889288,Success,,434,8,6,2,95735.02
TXN009295,C0071,13909.06,Debit Card,2026-08-10 05:15:49.414941,Success,,733,28,9,19,16730.68
TXN009296,C0248,20015.75,UPI,2026-08-10 05:50:05.940594,Success,,197,19,10,9,123317.33
TXN009297,C0146,15301.6,Net Banking,2026-08-10 06:24:22.466246,Success,,364,0,0,0,81112.45
TXN009298,C1642,5696.53,Credit Card,2026-08-10 06:58:38.991899,Failed,Card Declined,608,16,10,6,27720.0
TXN009299,C1799,15365.0,Debit Card,2026-08-10 07:32:55.517551,Success,,321,11,5,6,86565.98
TXN009300,C1320,15744.16,UPI,2026-08-10 08:07:12.043204,Success,,725,8,8,0,6387.63
TXN009301,C0582,18379.26,Credit Card,2026-08-10 08:41:28.568856,Success,,455,21,11,10,145884.43
TXN009302,C0470,15559.77,Credit Card,2026-08-10 09:15:45.094509,Success,,638,4,1,3,123981.84
TXN009303,C1530,24234.13,Wallet,2026-08-10 09:50:01.620162,Success,,748,28,25,3,39486.15
TXN009304,C0193,5012.48,UPI,2026-08-10 10:24:18.145814,Success,,583,30,8,22,63127.33
TXN009305,C1092,23782.16,Wallet,2026-08-10 10:58:34.671467,Success,,621,27,21,6,59594.9
TXN009306,C0494,13504.65,Net Banking,2026-08-10 11:32:51.197119,Abandoned,Checkout Abandoned,691,14,5,9,129293.38
TXN009307,C1841,16831.71,Debit Card,2026-08-10 12:07:07.722772,Success,,895,25,8,17,53517.84
TXN009308,C0052,2576.59,Debit Card,2026-08-10 12:41:24.248424,Success,,165,12,9,3,7673.03
TXN009309,C0882,9576.34,Credit Card,2026-08-10 13:15:40.774077,Success,,46,18,2,16,32595.98
TXN009310,C0363,19257.54,UPI,2026-08-10 13:49:57.299729,Success,,797,2,2,0,32727.66
TXN009311,C1821,17702.08,UPI,2026-08-10 14:24:13.825382,Success,,556,1,0,1,142411.54
TXN009312,C0917,1099.47,Net Banking,2026-08-10 14:58:30.351035,Failed,Technical Error,447,12,3,9,138646.19
TXN009313,C0474,13710.2,Debit Card,2026-08-10 15:32:46.876687,Failed,Network Error,336,6,5,1,45438.7
TXN009314,C1870,2298.13,UPI,2026-08-10 16:07:03.402340,Success,,363,8,8,0,913.68
TXN009315,C0521,24896.83,Credit Card,2026-08-10 16:41:19.927992,Success,,271,21,7,14,77791.15
TXN009316,C1787,22442.69,UPI,2026-08-10 17:15:36.453645,Abandoned,Checkout Abandoned,28,9,5,4,119687.37
TXN009317,C1455,624.91,UPI,2026-08-10 17:49:52.979297,Failed,Card Declined,371,0,0,0,40656.44
TXN009318,C1868,21480.37,Credit Card,2026-08-10 18:24:09.504950,Success,,17,21,21,0,66137.08
TXN009319,C1322,22993.8,UPI,2026-08-10 18:58:26.030603,Success,,441,15,7,8,26331.99
TXN009320,C1459,8903.35,UPI,2026-08-10 19:32:42.556255,Failed,Insufficient Balance,487,10,1,9,49445.59
TXN009321,C1720,18015.59,Credit Card,2026-08-10 20:06:59.081908,Success,,459,23,13,10,113948.52
TXN009322,C0691,11108.38,Credit Card,2026-08-10 20:41:15.607560,Success,,793,7,4,3,64528.05
TXN009323,C1222,16415.29,UPI,2026-08-10 21:15:32.133213,Success,,382,29,12,17,67366.99
TXN009324,C1152,8573.9,UPI,2026-08-10 21:49:48.658865,Failed,Technical Error,887,25,22,3,118537.97
TXN009325,C0532,8131.72,UPI,2026-08-10 22:24:05.184518,Success,,545,12,11,1,114564.42
TXN009326,C1435,10668.4,UPI,2026-08-10 22:58:21.710171,Success,,662,15,12,3,28479.34
TXN009327,C1958,3724.64,UPI,2026-08-10 23:32:38.235823,Success,,128,2,2,0,62583.19
TXN009328,C0840,20795.36,UPI,2026-08-11 00:06:54.761476,Failed,Bank Timeout,466,12,7,5,127404.25
TXN009329,C1089,8782.58,UPI,2026-08-11 00:41:11.287128,Success,,18,16,2,14,68782.28
TXN009330,C1718,10063.72,Net Banking,2026-08-11 01:15:27.812781,Failed,Network Error,456,20,13,7,99433.64
TXN009331,C0241,22361.96,UPI,2026-08-11 01:49:44.338433,Failed,Technical Error,177,5,3,2,46241.34
TXN009332,C1393,12465.93,UPI,2026-08-11 02:24:00.864086,Success,,784,9,9,0,9404.0
TXN009333,C0536,13651.92,UPI,2026-08-11 02:58:17.389738,Success,,729,8,5,3,25152.41
TXN009334,C1408,23916.8,UPI,2026-08-11 03:32:33.915391,Success,,809,17,5,12,60557.27
TXN009335,C1455,22179.49,Debit Card,2026-08-11 04:06:50.441044,Failed,Card Declined,581,29,1,28,53343.32
TXN009336,C1991,4319.72,UPI,2026-08-11 04:41:06.966696,Success,,870,16,1,15,134398.29
TXN009337,C0083,11883.05,UPI,2026-08-11 05:15:23.492349,Success,,372,30,18,12,82070.59
TXN009338,C0982,24285.28,UPI,2026-08-11 05:49:40.018001,Success,,572,6,2,4,94259.73
TXN009339,C1855,9371.92,Credit Card,2026-08-11 06:23:56.543654,Success,,561,1,1,0,103458.07
TXN009340,C1721,9352.17,UPI,2026-08-11 06:58:13.069306,Success,,892,10,3,7,79978.08
TXN009341,C0951,4956.25,Credit Card,2026-08-11 07:32:29.594959,Success,,856,30,3,27,115562.03
TXN009342,C1852,2946.65,UPI,2026-08-11 08:06:46.120612,Success,,276,17,10,7,117573.52
TXN009343,C0611,18533.59,UPI,2026-08-11 08:41:02.646264,Failed,Bank Timeout,338,2,2,0,53032.2
TXN009344,C0574,19273.76,Debit Card,2026-08-11 09:15:19.171917,Success,,25,13,0,13,13175.38
TXN009345,C0286,24228.42,Debit Card,2026-08-11 09:49:35.697569,Success,,290,19,8,11,147959.96
TXN009346,C0989,19358.11,Credit Card,2026-08-11 10:23:52.223222,Failed,Card Declined,425,12,1,11,96571.79
TXN009347,C1558,6159.48,UPI,2026-08-11 10:58:08.748874,Success,,723,22,13,9,106482.95
TXN009348,C0459,1098.9,Credit Card,2026-08-11 11:32:25.274527,Success,,487,16,2,14,113626.05
TXN009349,C1236,24637.39,UPI,2026-08-11 12:06:41.800180,Failed,Card Declined,450,28,1,27,92138.03
TXN009350,C0126,8577.22,Debit Card,2026-08-11 12:40:58.325832,Failed,Insufficient Balance,605,21,21,0,70899.77
TXN009351,C1437,7868.09,Credit Card,2026-08-11 13:15:14.851485,Success,,306,10,5,5,147708.12
TXN009352,C1523,22658.28,UPI,2026-08-11 13:49:31.377137,Failed,Insufficient Balance,389,6,4,2,109284.78
TXN009353,C0425,14668.99,Credit Card,2026-08-11 14:23:47.902790,Success,,74,2,0,2,126954.39
TXN009354,C0554,5450.29,Debit Card,2026-08-11 14:58:04.428442,Success,,169,2,1,1,66231.47
TXN009355,C0610,22238.5,UPI,2026-08-11 15:32:20.954095,Failed,Card Declined,625,1,0,1,135764.24
TXN009356,C1985,24834.69,Net Banking,2026-08-11 16:06:37.479747,Success,,872,20,20,0,109956.58
TXN009357,C1567,2258.3,Net Banking,2026-08-11 16:40:54.005400,Success,,185,15,11,4,112046.13
TXN009358,C1182,21570.07,UPI,2026-08-11 17:15:10.531053,Success,,575,22,5,17,13496.22
TXN009359,C0112,9823.84,Net Banking,2026-08-11 17:49:27.056705,Success,,134,10,4,6,92809.78
TXN009360,C0402,13149.4,UPI,2026-08-11 18:23:43.582358,Success,,84,27,2,25,50614.9
TXN009361,C1783,22878.92,Debit Card,2026-08-11 18:58:00.108010,Success,,643,13,2,11,100515.75
TXN009362,C0122,24337.14,Net Banking,2026-08-11 19:32:16.633663,Success,,562,2,2,0,85448.01
TXN009363,C0273,6627.88,Credit Card,2026-08-11 20:06:33.159315,Success,,514,6,5,1,17122.83
TXN009364,C1318,5399.98,UPI,2026-08-11 20:40:49.684968,Success,,348,7,3,4,79733.17
TXN009365,C0398,2104.86,Net Banking,2026-08-11 21:15:06.210621,Success,,891,12,3,9,67963.14
TXN009366,C0471,14088.77,UPI,2026-08-11 21:49:22.736273,Success,,582,18,18,0,116578.3
TXN009367,C0985,438.75,UPI,2026-08-11 22:23:39.261926,Failed,Network Error,144,10,3,7,75644.42
TXN009368,C1231,10356.27,UPI,2026-08-11 22:57:55.787578,Success,,486,0,0,0,72433.74
TXN009369,C1134,1927.26,Net Banking,2026-08-11 23:32:12.313231,Success,,623,18,7,11,108063.9
TXN009370,C1464,10190.12,Wallet,2026-08-12 00:06:28.838883,Success,,62,12,2,10,100453.89
TXN009371,C1302,1094.31,UPI,2026-08-12 00:40:45.364536,Success,,237,21,18,3,148782.23
TXN009372,C1987,20896.91,Net Banking,2026-08-12 01:15:01.890189,Success,,874,16,0,16,53116.93
TXN009373,C1592,5322.5,UPI,2026-08-12 01:49:18.415841,Success,,109,8,5,3,103409.31
TXN009374,C1911,8274.89,Wallet,2026-08-12 02:23:34.941494,Success,,486,18,14,4,25505.15
TXN009375,C1939,21764.2,Credit Card,2026-08-12 02:57:51.467146,Success,,838,18,10,8,120781.83
TXN009376,C0569,18682.02,UPI,2026-08-12 03:32:07.992799,Success,,358,27,8,19,118030.26
TXN009377,C1964,5554.06,UPI,2026-08-12 04:06:24.518451,Success,,44,22,2,20,109010.19
TXN009378,C1506,1890.3,UPI,2026-08-12 04:40:41.044104,Success,,268,22,17,5,18298.09
TXN009379,C1827,17920.28,UPI,2026-08-12 05:14:57.569756,Abandoned,Checkout Abandoned,375,28,18,10,148137.92
TXN009380,C1138,9828.49,Debit Card,2026-08-12 05:49:14.095409,Abandoned,Checkout Abandoned,490,5,3,2,141420.29
TXN009381,C1917,19175.39,UPI,2026-08-12 06:23:30.621062,Success,,329,6,2,4,55828.68
TXN009382,C0897,11187.84,Wallet,2026-08-12 06:57:47.146714,Failed,Insufficient Balance,148,4,1,3,86808.72
TXN009383,C0820,8715.46,Credit Card,2026-08-12 07:32:03.672367,Success,,139,7,7,0,133388.6
TXN009384,C0853,11335.01,Debit Card,2026-08-12 08:06:20.198019,Success,,817,25,12,13,74449.28
TXN009385,C1501,18739.12,UPI,2026-08-12 08:40:36.723672,Success,,392,13,10,3,90074.92
TXN009386,C0710,22565.29,Net Banking,2026-08-12 09:14:53.249324,Success,,627,17,7,10,90684.81
TXN009387,C1957,1339.2,Debit Card,2026-08-12 09:49:09.774977,Success,,108,20,6,14,97563.62
TXN009388,C0321,13150.38,Net Banking,2026-08-12 10:23:26.300630,Success,,423,26,25,1,86537.3
TXN009389,C0179,917.6,Wallet,2026-08-12 10:57:42.826282,Abandoned,Checkout Abandoned,783,24,24,0,61188.66
TXN009390,C0897,11763.4,UPI,2026-08-12 11:31:59.351935,Failed,Insufficient Balance,875,19,18,1,81152.17
TXN009391,C0219,22143.54,UPI,2026-08-12 12:06:15.877587,Failed,Insufficient Balance,30,23,19,4,130780.68
TXN009392,C0789,9103.6,Net Banking,2026-08-12 12:40:32.403240,Failed,Insufficient Balance,745,2,1,1,129683.45
TXN009393,C1973,23318.02,Net Banking,2026-08-12 13:14:48.928892,Failed,Bank Timeout,450,21,14,7,115995.59
TXN009394,C1552,15802.15,Credit Card,2026-08-12 13:49:05.454545,Success,,704,7,3,4,62409.09
TXN009395,C0492,23360.47,UPI,2026-08-12 14:23:21.980198,Success,,861,13,5,8,118002.9
TXN009396,C1915,18953.45,Debit Card,2026-08-12 14:57:38.505850,Success,,364,24,16,8,58484.52
TXN009397,C0061,2675.54,UPI,2026-08-12 15:31:55.031503,Success,,712,13,6,7,99778.27
TXN009398,C1078,5855.67,UPI,2026-08-12 16:06:11.557155,Success,,317,28,3,25,85330.51
TXN009399,C1704,9914.84,Credit Card,2026-08-12 16:40:28.082808,Failed,Card Declined,814,6,3,3,45353.69
TXN009400,C0538,4335.66,UPI,2026-08-12 17:14:44.608460,Abandoned,Checkout Abandoned,207,5,0,5,68205.3
TXN009401,C0848,12423.3,Credit Card,2026-08-12 17:49:01.134113,Success,,467,26,20,6,124639.08
TXN009402,C0988,11837.07,Wallet,2026-08-12 18:23:17.659765,Success,,766,5,4,1,136956.54
TXN009403,C0065,23910.85,Net Banking,2026-08-12 18:57:34.185418,Failed,Bank Timeout,530,11,5,6,31191.67
TXN009404,C1636,10899.82,Wallet,2026-08-12 19:31:50.711071,Success,,490,30,14,16,68704.11
TXN009405,C0586,19662.11,Net Banking,2026-08-12 20:06:07.236723,Success,,644,21,7,14,65309.08
TXN009406,C1728,23553.57,UPI,2026-08-12 20:40:23.762376,Failed,Technical Error,41,14,14,0,73607.79
TXN009407,C0171,21937.02,Net Banking,2026-08-12 21:14:40.288028,Failed,Technical Error,367,25,19,6,146505.54
TXN009408,C1297,5295.82,Wallet,2026-08-12 21:48:56.813681,Success,,121,24,15,9,78052.01
TXN009409,C1913,12451.14,Wallet,2026-08-12 22:23:13.339333,Failed,Technical Error,733,18,12,6,124596.46
TXN009410,C1723,8758.72,Debit Card,2026-08-12 22:57:29.864986,Success,,268,3,3,0,99758.59
TXN009411,C0535,10056.48,UPI,2026-08-12 23:31:46.390639,Success,,286,2,2,0,16525.04
TXN009412,C1415,9084.09,UPI,2026-08-13 00:06:02.916291,Success,,337,12,10,2,104500.69
TXN009413,C1964,20676.34,UPI,2026-08-13 00:40:19.441944,Success,,125,24,14,10,97235.35
TXN009414,C0693,11358.26,Wallet,2026-08-13 01:14:35.967596,Success,,247,15,3,12,113891.1
TXN009415,C1351,13139.99,Credit Card,2026-08-13 01:48:52.493249,Abandoned,Checkout Abandoned,696,12,12,0,11630.05
TXN009416,C0108,24562.94,Net Banking,2026-08-13 02:23:09.018901,Success,,542,29,14,15,36575.48
TXN009417,C1871,1593.48,Credit Card,2026-08-13 02:57:25.544554,Success,,307,20,1,19,115508.66
TXN009418,C1186,12250.15,Debit Card,2026-08-13 03:31:42.070207,Success,,873,29,23,6,55907.09
TXN009419,C0814,19374.14,UPI,2026-08-13 04:05:58.595859,Success,,666,9,4,5,136667.43
TXN009420,C1005,3863.93,UPI,2026-08-13 04:40:15.121512,Failed,Bank Timeout,561,12,9,3,77891.73
TXN009421,C0452,15327.14,UPI,2026-08-13 05:14:31.647164,Success,,67,7,3,4,653.56
TXN009422,C1230,6062.67,Credit Card,2026-08-13 05:48:48.172817,Success,,124,11,11,0,104975.98
TXN009423,C0590,21698.36,UPI,2026-08-13 06:23:04.698469,Success,,397,7,5,2,77262.86
TXN009424,C1040,8244.78,Debit Card,2026-08-13 06:57:21.224122,Failed,Card Declined,563,8,1,7,47905.61
TXN009425,C0327,8293.66,UPI,2026-08-13 07:31:37.749774,Success,,864,9,6,3,3555.88
TXN009426,C0608,14995.03,Net Banking,2026-08-13 08:05:54.275427,Success,,322,6,4,2,30212.56
TXN009427,C0659,4670.72,UPI,2026-08-13 08:40:10.801080,Abandoned,Checkout Abandoned,557,2,0,2,24658.29
TXN009428,C0002,7193.73,Debit Card,2026-08-13 09:14:27.326732,Success,,262,4,0,4,87636.69
TXN009429,C1034,10474.13,UPI,2026-08-13 09:48:43.852385,Success,,61,2,0,2,115548.33
TXN009430,C0434,8905.58,Debit Card,2026-08-13 10:23:00.378037,Abandoned,Checkout Abandoned,866,17,11,6,35573.66
TXN009431,C0125,13169.44,UPI,2026-08-13 10:57:16.903690,Success,,461,18,9,9,104809.61
TXN009432,C1105,15031.04,Debit Card,2026-08-13 11:31:33.429342,Failed,Technical Error,531,27,9,18,135023.73
TXN009433,C0485,14210.02,Wallet,2026-08-13 12:05:49.954995,Success,,161,9,4,5,93427.11
TXN009434,C0652,16388.79,UPI,2026-08-13 12:40:06.480648,Success,,891,8,5,3,116459.32
TXN009435,C1862,7762.96,UPI,2026-08-13 13:14:23.006300,Success,,855,24,7,17,31032.61
TXN009436,C1174,3248.01,Debit Card,2026-08-13 13:48:39.531953,Abandoned,Checkout Abandoned,669,23,9,14,11703.31
TXN009437,C0800,19044.11,Credit Card,2026-08-13 14:22:56.057605,Abandoned,Checkout Abandoned,375,6,5,1,55125.48
TXN009438,C0873,21284.43,UPI,2026-08-13 14:57:12.583258,Success,,518,0,0,0,106496.54
TXN009439,C1364,6499.46,Credit Card,2026-08-13 15:31:29.108910,Success,,61,24,10,14,103071.74
TXN009440,C0129,10236.59,UPI,2026-08-13 16:05:45.634563,Success,,768,9,3,6,143284.35
TXN009441,C0438,12514.37,UPI,2026-08-13 16:40:02.160216,Success,,279,1,1,0,94681.77
TXN009442,C0751,13379.84,UPI,2026-08-13 17:14:18.685868,Success,,594,5,5,0,61987.03
TXN009443,C0501,16521.31,Net Banking,2026-08-13 17:48:35.211521,Failed,Insufficient Balance,259,25,12,13,119671.15
TXN009444,C1082,1135.92,Credit Card,2026-08-13 18:22:51.737173,Failed,Technical Error,683,20,11,9,23383.65
TXN009445,C1222,18064.78,Credit Card,2026-08-13 18:57:08.262826,Failed,Network Error,605,5,5,0,122046.84
TXN009446,C0211,1643.08,Net Banking,2026-08-13 19:31:24.788478,Success,,844,23,7,16,55206.6
TXN009447,C1938,11760.39,UPI,2026-08-13 20:05:41.314131,Failed,Insufficient Balance,469,7,2,5,23524.5
TXN009448,C0902,20709.01,Debit Card,2026-08-13 20:39:57.839783,Failed,Insufficient Balance,508,25,4,21,24740.02
TXN009449,C0045,11335.26,Net Banking,2026-08-13 21:14:14.365436,Success,,121,17,6,11,147547.83
TXN009450,C1121,3812.33,UPI,2026-08-13 21:48:30.891089,Success,,112,6,1,5,93671.8
TXN009451,C1303,24627.34,UPI,2026-08-13 22:22:47.416741,Success,,21,17,5,12,26552.56
TXN009452,C0535,22243.21,Wallet,2026-08-13 22:57:03.942394,Success,,819,0,0,0,40650.1
TXN009453,C1434,19305.71,Wallet,2026-08-13 23:31:20.468046,Abandoned,Checkout Abandoned,479,27,17,10,56125.93
TXN009454,C0461,10346.64,UPI,2026-08-14 00:05:36.993699,Success,,748,23,7,16,8856.97
TXN009455,C0391,4677.76,UPI,2026-08-14 00:39:53.519351,Abandoned,Checkout Abandoned,241,24,6,18,16708.15
TXN009456,C1871,23541.14,UPI,2026-08-14 01:14:10.045004,Success,,513,13,1,12,114382.27
TXN009457,C1068,13355.54,UPI,2026-08-14 01:48:26.570657,Failed,Insufficient Balance,464,22,3,19,118137.66
TXN009458,C0027,21323.65,UPI,2026-08-14 02:22:43.096309,Failed,Technical Error,658,19,8,11,148241.07
TXN009459,C0794,8618.17,Credit Card,2026-08-14 02:56:59.621962,Success,,572,6,2,4,10605.66
TXN009460,C1121,8448.68,Net Banking,2026-08-14 03:31:16.147614,Abandoned,Checkout Abandoned,46,19,9,10,133433.07
TXN009461,C0975,24639.96,UPI,2026-08-14 04:05:32.673267,Success,,159,6,1,5,47923.8
TXN009462,C0548,13093.64,Net Banking,2026-08-14 04:39:49.198919,Success,,146,3,3,0,49513.66
TXN009463,C0621,3603.32,UPI,2026-08-14 05:14:05.724572,Success,,473,30,28,2,19528.7
TXN009464,C0567,5569.9,UPI,2026-08-14 05:48:22.250225,Success,,125,29,15,14,147951.88
TXN009465,C0704,12100.41,Credit Card,2026-08-14 06:22:38.775877,Abandoned,Checkout Abandoned,584,29,24,5,147157.89
TXN009466,C1243,1157.53,UPI,2026-08-14 06:56:55.301530,Success,,350,24,7,17,129792.03
TXN009467,C0185,11617.1,UPI,2026-08-14 07:31:11.827182,Success,,338,4,3,1,14071.62
TXN009468,C1093,10531.63,Net Banking,2026-08-14 08:05:28.352835,Failed,Insufficient Balance,405,22,3,19,126326.62
TXN009469,C1853,19505.47,UPI,2026-08-14 08:39:44.878487,Success,,804,26,26,0,95374.79
TXN009470,C1154,8938.05,Debit Card,2026-08-14 09:14:01.404140,Success,,125,23,22,1,19751.93
TXN009471,C1591,24565.46,UPI,2026-08-14 09:48:17.929792,Success,,824,20,19,1,39632.78
TXN009472,C1914,4601.17,UPI,2026-08-14 10:22:34.455445,Success,,338,0,0,0,103539.01
TXN009473,C1633,14815.57,Credit Card,2026-08-14 10:56:50.981098,Success,,484,19,12,7,120614.4
TXN009474,C0848,2333.51,Net Banking,2026-08-14 11:31:07.506750,Success,,805,2,1,1,127289.01
TXN009475,C0599,18373.21,UPI,2026-08-14 12:05:24.032403,Success,,44,12,9,3,81802.62
TXN009476,C0806,24869.37,Credit Card,2026-08-14 12:39:40.558055,Success,,372,6,6,0,80425.68
TXN009477,C1655,20496.55,Net Banking,2026-08-14 13:13:57.083708,Success,,175,5,0,5,102789.25
TXN009478,C1744,13937.02,Debit Card,2026-08-14 13:48:13.609360,Success,,617,30,27,3,116769.52
TXN009479,C1358,12170.06,UPI,2026-08-14 14:22:30.135013,Success,,690,5,0,5,26002.57
TXN009480,C1949,20892.25,Debit Card,2026-08-14 14:56:46.660666,Abandoned,Checkout Abandoned,844,1,0,1,111105.73
TXN009481,C1178,23405.75,Credit Card,2026-08-14 15:31:03.186318,Failed,Network Error,705,15,9,6,51582.15
TXN009482,C1571,24731.24,Debit Card,2026-08-14 16:05:19.711971,Abandoned,Checkout Abandoned,658,5,3,2,57871.91
TXN009483,C0079,9973.83,Credit Card,2026-08-14 16:39:36.237623,Success,,396,7,1,6,12118.09
TXN009484,C0579,24773.85,UPI,2026-08-14 17:13:52.763276,Failed,Bank Timeout,572,20,14,6,88468.9
TXN009485,C1879,3982.56,Credit Card,2026-08-14 17:48:09.288928,Failed,Network Error,237,24,21,3,14466.3
TXN009486,C0413,6413.39,Credit Card,2026-08-14 18:22:25.814581,Success,,598,10,0,10,137013.77
TXN009487,C0546,2316.5,Credit Card,2026-08-14 18:56:42.340234,Success,,442,17,11,6,93335.06
TXN009488,C1633,6866.29,Net Banking,2026-08-14 19:30:58.865886,Success,,235,22,13,9,148547.14
TXN009489,C0169,19221.65,Net Banking,2026-08-14 20:05:15.391539,Success,,729,5,5,0,37225.0
TXN009490,C0681,21337.82,Credit Card,2026-08-14 20:39:31.917191,Success,,684,13,6,7,102100.28
TXN009491,C1687,19494.43,Credit Card,2026-08-14 21:13:48.442844,Success,,25,14,1,13,144682.28
TXN009492,C0583,15813.54,Credit Card,2026-08-14 21:48:04.968496,Success,,177,10,2,8,45137.45
TXN009493,C0515,12897.77,Credit Card,2026-08-14 22:22:21.494149,Abandoned,Checkout Abandoned,846,26,5,21,14900.24
TXN009494,C1338,17746.74,Wallet,2026-08-14 22:56:38.019801,Success,,17,14,2,12,95279.5
TXN009495,C0032,9831.76,Credit Card,2026-08-14 23:30:54.545454,Success,,447,12,4,8,55231.83
TXN009496,C0287,21048.58,UPI,2026-08-15 00:05:11.071107,Success,,682,5,4,1,41322.12
TXN009497,C0594,16962.03,Credit Card,2026-08-15 00:39:27.596759,Success,,444,3,3,0,149041.35
TXN009498,C1067,17475.34,Credit Card,2026-08-15 01:13:44.122412,Success,,743,13,4,9,113239.35
TXN009499,C1927,13444.81,Credit Card,2026-08-15 01:48:00.648064,Failed,Card Declined,395,12,7,5,73066.5
TXN009500,C0617,22142.2,Credit Card,2026-08-15 02:22:17.173717,Success,,175,9,3,6,7975.51
TXN009501,C1025,6375.17,UPI,2026-08-15 02:56:33.699369,Success,,321,24,24,0,29146.54
TXN009502,C1597,9590.58,UPI,2026-08-15 03:30:50.225022,Success,,751,21,18,3,45167.37
TXN009503,C0270,19463.3,UPI,2026-08-15 04:05:06.750675,Failed,Insufficient Balance,541,28,27,1,73335.89
TXN009504,C1204,12369.45,UPI,2026-08-15 04:39:23.276327,Abandoned,Checkout Abandoned,61,11,6,5,74838.85
TXN009505,C1760,22241.43,UPI,2026-08-15 05:13:39.801980,Success,,330,23,6,17,4197.64
TXN009506,C0518,8725.34,Net Banking,2026-08-15 05:47:56.327632,Success,,587,7,0,7,141531.76
TXN009507,C1127,9296.32,UPI,2026-08-15 06:22:12.853285,Success,,284,19,18,1,81649.67
TXN009508,C1034,22229.52,Net Banking,2026-08-15 06:56:29.378937,Failed,Network Error,754,4,1,3,3449.21
TXN009509,C0583,11662.82,UPI,2026-08-15 07:30:45.904590,Success,,462,1,0,1,105349.61
TXN009510,C1114,12951.5,UPI,2026-08-15 08:05:02.430243,Success,,873,19,7,12,11167.05
TXN009511,C0226,8385.82,Credit Card,2026-08-15 08:39:18.955895,Success,,285,11,9,2,108314.98
TXN009512,C0670,6989.08,UPI,2026-08-15 09:13:35.481548,Success,,884,5,4,1,105373.13
TXN009513,C1764,16433.12,Wallet,2026-08-15 09:47:52.007200,Success,,317,29,14,15,147746.01
TXN009514,C0917,3084.03,UPI,2026-08-15 10:22:08.532853,Success,,663,14,3,11,51634.59
TXN009515,C0126,21993.89,UPI,2026-08-15 10:56:25.058505,Success,,643,17,6,11,22076.93
TXN009516,C0956,19502.16,Wallet,2026-08-15 11:30:41.584158,Success,,726,17,12,5,14234.46
TXN009517,C1233,4849.63,UPI,2026-08-15 12:04:58.109810,Abandoned,Checkout Abandoned,100,9,0,9,11223.05
TXN009518,C1121,17381.1,UPI,2026-08-15 12:39:14.635463,Abandoned,Checkout Abandoned,450,6,6,0,121644.81
TXN009519,C0074,15105.56,UPI,2026-08-15 13:13:31.161116,Success,,643,9,4,5,107922.94
TXN009520,C1651,4694.92,Credit Card,2026-08-15 13:47:47.686768,Failed,Technical Error,427,4,1,3,146399.32
TXN009521,C1215,6902.77,UPI,2026-08-15 14:22:04.212421,Success,,708,15,7,8,46723.31
TXN009522,C1706,10283.76,Credit Card,2026-08-15 14:56:20.738073,Success,,601,28,14,14,120563.82
TXN009523,C1843,17511.14,Net Banking,2026-08-15 15:30:37.263726,Success,,677,18,17,1,14405.61
TXN009524,C1984,16004.21,Net Banking,2026-08-15 16:04:53.789378,Success,,428,30,5,25,135630.04
TXN009525,C1740,13352.65,UPI,2026-08-15 16:39:10.315031,Abandoned,Checkout Abandoned,408,2,0,2,8248.63
TXN009526,C0056,19233.42,UPI,2026-08-15 17:13:26.840684,Failed,Card Declined,268,6,5,1,118288.58
TXN009527,C0720,18972.65,UPI,2026-08-15 17:47:43.366336,Success,,648,18,10,8,46449.65
TXN009528,C0553,15484.69,Credit Card,2026-08-15 18:21:59.891989,Failed,Network Error,892,11,9,2,27588.35
TXN009529,C0032,19696.05,UPI,2026-08-15 18:56:16.417641,Abandoned,Checkout Abandoned,13,9,7,2,105824.92
TXN009530,C1551,8423.16,Net Banking,2026-08-15 19:30:32.943294,Success,,222,4,0,4,134433.77
TXN009531,C0574,22043.11,Debit Card,2026-08-15 20:04:49.468946,Failed,Insufficient Balance,415,28,12,16,114736.84
TXN009532,C0667,15411.26,UPI,2026-08-15 20:39:05.994599,Success,,78,1,0,1,47308.44
TXN009533,C0284,20576.85,Credit Card,2026-08-15 21:13:22.520252,Failed,Technical Error,882,2,2,0,53358.81
TXN009534,C1745,13702.35,UPI,2026-08-15 21:47:39.045904,Success,,240,13,6,7,28801.04
TXN009535,C1856,5539.11,UPI,2026-08-15 22:21:55.571557,Success,,800,14,2,12,123697.21
TXN009536,C1518,13606.01,UPI,2026-08-15 22:56:12.097209,Failed,Insufficient Balance,581,19,10,9,16510.5
TXN009537,C0187,9340.68,UPI,2026-08-15 23:30:28.622862,Success,,292,12,9,3,135530.48
TXN009538,C0498,17467.73,Credit Card,2026-08-16 00:04:45.148514,Success,,640,16,9,7,90369.57
TXN009539,C1466,11947.27,Credit Card,2026-08-16 00:39:01.674167,Success,,315,19,19,0,88533.82
TXN009540,C0130,20919.21,UPI,2026-08-16 01:13:18.199819,Failed,Card Declined,277,3,2,1,125754.31
TXN009541,C0639,16984.01,Wallet,2026-08-16 01:47:34.725472,Success,,147,18,8,10,100296.22
TXN009542,C1316,17145.16,UPI,2026-08-16 02:21:51.251125,Failed,Network Error,58,25,11,14,45983.77
TXN009543,C0114,5507.17,UPI,2026-08-16 02:56:07.776777,Failed,Insufficient Balance,751,14,7,7,52752.51
TXN009544,C1223,24607.82,UPI,2026-08-16 03:30:24.302430,Success,,741,14,11,3,26371.6
TXN009545,C0013,21057.71,Credit Card,2026-08-16 04:04:40.828082,Success,,884,8,8,0,69877.45
TXN009546,C1295,19746.22,Wallet,2026-08-16 04:38:57.353735,Success,,44,2,1,1,16968.14
TXN009547,C1625,8322.36,Credit Card,2026-08-16 05:13:13.879387,Success,,191,1,1,0,98128.96
TXN009548,C1239,13437.23,Wallet,2026-08-16 05:47:30.405040,Success,,129,6,5,1,25799.71
TXN009549,C0444,3513.87,UPI,2026-08-16 06:21:46.930693,Success,,797,8,0,8,129657.8
TXN009550,C1814,13508.05,UPI,2026-08-16 06:56:03.456345,Success,,277,21,10,11,105219.16
TXN009551,C1536,3732.64,Credit Card,2026-08-16 07:30:19.981998,Success,,780,29,20,9,133780.93
TXN009552,C0447,13870.64,Debit Card,2026-08-16 08:04:36.507650,Failed,Card Declined,779,4,1,3,13511.13
TXN009553,C0986,16253.17,UPI,2026-08-16 08:38:53.033303,Success,,485,16,13,3,119877.15
TXN009554,C0993,9815.88,Net Banking,2026-08-16 09:13:09.558955,Abandoned,Checkout Abandoned,287,2,2,0,132180.31
TXN009555,C0715,12513.77,UPI,2026-08-16 09:47:26.084608,Success,,812,8,2,6,7163.19
TXN009556,C0074,21903.77,UPI,2026-08-16 10:21:42.610261,Success,,246,7,5,2,149861.86
TXN009557,C0537,2803.22,Credit Card,2026-08-16 10:55:59.135913,Success,,253,8,3,5,45446.33
TXN009558,C0101,19814.15,Credit Card,2026-08-16 11:30:15.661566,Success,,530,23,11,12,32152.32
TXN009559,C0176,4351.79,UPI,2026-08-16 12:04:32.187218,Failed,Technical Error,864,16,1,15,62528.33
TXN009560,C0427,1014.03,UPI,2026-08-16 12:38:48.712871,Success,,263,23,5,18,1790.99
TXN009561,C1141,4720.81,Credit Card,2026-08-16 13:13:05.238523,Success,,794,7,6,1,132943.0
TXN009562,C1190,19149.58,Debit Card,2026-08-16 13:47:21.764176,Success,,663,20,4,16,40639.39
TXN009563,C0041,10187.64,Debit Card,2026-08-16 14:21:38.289828,Success,,253,13,12,1,78477.93
TXN009564,C0429,21825.76,Debit Card,2026-08-16 14:55:54.815481,Success,,625,21,4,17,93722.15
TXN009565,C0344,13165.22,UPI,2026-08-16 15:30:11.341134,Success,,707,15,7,8,118768.22
TXN009566,C1448,654.03,Wallet,2026-08-16 16:04:27.866786,Success,,45,17,4,13,37905.81
TXN009567,C0366,17946.17,Net Banking,2026-08-16 16:38:44.392439,Success,,170,16,7,9,107713.38
TXN009568,C1144,2844.8,UPI,2026-08-16 17:13:00.918091,Success,,585,23,0,23,18090.3
TXN009569,C0609,19755.55,UPI,2026-08-16 17:47:17.443744,Failed,Network Error,150,6,3,3,105783.16
TXN009570,C0657,4285.75,UPI,2026-08-16 18:21:33.969396,Success,,683,19,8,11,137934.68
TXN009571,C0728,8701.62,Credit Card,2026-08-16 18:55:50.495049,Success,,463,14,13,1,13211.43
TXN009572,C0229,19055.66,Net Banking,2026-08-16 19:30:07.020702,Success,,142,26,1,25,17947.07
TXN009573,C0825,23860.36,Debit Card,2026-08-16 20:04:23.546354,Success,,632,27,10,17,83805.51
TXN009574,C1154,9348.71,Net Banking,2026-08-16 20:38:40.072007,Success,,721,6,3,3,7436.86
TXN009575,C1376,20752.07,UPI,2026-08-16 21:12:56.597659,Success,,283,1,1,0,28514.88
TXN009576,C0889,4850.73,Credit Card,2026-08-16 21:47:13.123312,Success,,610,26,16,10,28933.72
TXN009577,C1342,20198.78,UPI,2026-08-16 22:21:29.648964,Success,,27,1,1,0,72446.5
TXN009578,C0984,16471.6,UPI,2026-08-16 22:55:46.174617,Failed,Network Error,861,6,1,5,37648.81
TXN009579,C1673,4899.31,Debit Card,2026-08-16 23:30:02.700270,Failed,Card Declined,285,18,15,3,71590.67
TXN009580,C0836,7632.35,UPI,2026-08-17 00:04:19.225922,Success,,880,5,5,0,78415.78
TXN009581,C1361,3381.1,Debit Card,2026-08-17 00:38:35.751575,Success,,369,29,6,23,109731.34
TXN009582,C1297,9635.88,Credit Card,2026-08-17 01:12:52.277227,Success,,861,27,11,16,141925.83
TXN009583,C0117,5170.85,Net Banking,2026-08-17 01:47:08.802880,Failed,Network Error,886,11,0,11,75810.21
TXN009584,C0818,16135.55,UPI,2026-08-17 02:21:25.328532,Abandoned,Checkout Abandoned,781,14,4,10,53573.3
TXN009585,C0368,24863.18,Debit Card,2026-08-17 02:55:41.854185,Success,,31,12,7,5,39176.16
TXN009586,C1118,399.03,Wallet,2026-08-17 03:29:58.379837,Success,,226,6,3,3,95381.25
TXN009587,C0168,13568.9,Net Banking,2026-08-17 04:04:14.905490,Failed,Technical Error,862,6,4,2,141466.11
TXN009588,C0954,14384.3,Debit Card,2026-08-17 04:38:31.431143,Failed,Technical Error,475,14,10,4,114815.91
TXN009589,C1739,22863.8,Debit Card,2026-08-17 05:12:47.956795,Success,,502,25,25,0,31312.34
TXN009590,C1365,12699.53,UPI,2026-08-17 05:47:04.482448,Success,,503,3,3,0,134048.97
TXN009591,C0661,13638.17,Debit Card,2026-08-17 06:21:21.008100,Success,,210,2,2,0,110459.24
TXN009592,C1938,11844.15,Debit Card,2026-08-17 06:55:37.533753,Success,,274,0,0,0,19627.76
TXN009593,C0695,6795.72,Credit Card,2026-08-17 07:29:54.059405,Success,,708,6,4,2,107063.96
TXN009594,C0925,1495.13,Debit Card,2026-08-17 08:04:10.585058,Success,,298,8,2,6,43758.64
TXN009595,C0152,10275.58,UPI,2026-08-17 08:38:27.110711,Failed,Network Error,882,0,0,0,73963.8
TXN009596,C0586,1409.53,UPI,2026-08-17 09:12:43.636363,Failed,Insufficient Balance,272,4,3,1,45384.58
TXN009597,C1901,13807.26,Credit Card,2026-08-17 09:47:00.162016,Failed,Insufficient Balance,426,14,10,4,13066.86
TXN009598,C0913,7751.61,UPI,2026-08-17 10:21:16.687668,Success,,75,3,2,1,115403.25
TXN009599,C0274,13386.7,UPI,2026-08-17 10:55:33.213321,Success,,520,9,4,5,124388.22
TXN009600,C1578,3443.99,UPI,2026-08-17 11:29:49.738973,Success,,465,1,1,0,35180.86
TXN009601,C0496,23322.49,UPI,2026-08-17 12:04:06.264626,Success,,618,22,18,4,36325.9
TXN009602,C1748,22373.58,Net Banking,2026-08-17 12:38:22.790279,Success,,812,6,1,5,64778.68
TXN009603,C0101,4830.91,Credit Card,2026-08-17 13:12:39.315931,Success,,102,28,16,12,121814.66
TXN009604,C0557,8651.76,UPI,2026-08-17 13:46:55.841584,Success,,681,23,20,3,12051.58
TXN009605,C1106,15375.97,Credit Card,2026-08-17 14:21:12.367236,Success,,778,18,17,1,121402.35
TXN009606,C1553,2482.59,UPI,2026-08-17 14:55:28.892889,Success,,638,5,3,2,138447.08
TXN009607,C0073,8928.74,Credit Card,2026-08-17 15:29:45.418541,Success,,872,14,11,3,84444.87
TXN009608,C1038,6352.7,UPI,2026-08-17 16:04:01.944194,Success,,189,19,7,12,9528.53
TXN009609,C1457,22896.37,Wallet,2026-08-17 16:38:18.469846,Failed,Technical Error,44,11,8,3,40798.14
TXN009610,C0157,21327.51,UPI,2026-08-17 17:12:34.995499,Success,,305,10,5,5,17152.28
TXN009611,C0735,14537.84,Debit Card,2026-08-17 17:46:51.521152,Success,,437,2,1,1,39262.89
TXN009612,C0132,13056.62,Net Banking,2026-08-17 18:21:08.046804,Success,,304,19,10,9,121861.41
TXN009613,C1362,23275.07,Wallet,2026-08-17 18:55:24.572457,Success,,541,27,5,22,8822.33
TXN009614,C1019,23317.45,UPI,2026-08-17 19:29:41.098109,Success,,362,16,16,0,42931.63
TXN009615,C1428,24236.32,Credit Card,2026-08-17 20:03:57.623762,Failed,Insufficient Balance,224,6,1,5,77784.14
TXN009616,C1400,3221.93,UPI,2026-08-17 20:38:14.149414,Success,,62,22,18,4,131169.13
TXN009617,C1912,4097.89,Credit Card,2026-08-17 21:12:30.675067,Success,,149,22,14,8,37872.33
TXN009618,C0559,16950.74,UPI,2026-08-17 21:46:47.200720,Abandoned,Checkout Abandoned,657,17,15,2,116859.91
TXN009619,C0107,13581.72,Net Banking,2026-08-17 22:21:03.726372,Success,,457,16,16,0,87743.58
TXN009620,C1644,559.8,UPI,2026-08-17 22:55:20.252025,Success,,690,15,5,10,101617.23
TXN009621,C0265,1643.18,Credit Card,2026-08-17 23:29:36.777677,Success,,888,24,6,18,129334.41
TXN009622,C1229,22213.2,Credit Card,2026-08-18 00:03:53.303330,Success,,643,1,0,1,4449.14
TXN009623,C1103,21734.88,Wallet,2026-08-18 00:38:09.828982,Success,,660,4,2,2,79695.16
TXN009624,C0155,8996.05,Debit Card,2026-08-18 01:12:26.354635,Success,,35,29,7,22,112208.52
TXN009625,C1807,22287.16,UPI,2026-08-18 01:46:42.880288,Success,,736,20,7,13,132748.16
TXN009626,C0988,14882.51,UPI,2026-08-18 02:20:59.405940,Abandoned,Checkout Abandoned,559,12,4,8,20337.78
TXN009627,C0997,20167.05,UPI,2026-08-18 02:55:15.931593,Success,,654,28,10,18,51547.02
TXN009628,C0247,10743.03,Debit Card,2026-08-18 03:29:32.457245,Success,,297,10,1,9,12244.09
TXN009629,C0531,2923.62,Debit Card,2026-08-18 04:03:48.982898,Success,,206,23,17,6,125322.65
TXN009630,C0858,10899.8,Credit Card,2026-08-18 04:38:05.508550,Success,,121,0,0,0,128676.27
TXN009631,C1972,11486.76,UPI,2026-08-18 05:12:22.034203,Success,,664,26,20,6,72796.0
TXN009632,C0538,13818.51,Debit Card,2026-08-18 05:46:38.559855,Success,,884,22,3,19,3608.9
TXN009633,C0729,2729.01,Credit Card,2026-08-18 06:20:55.085508,Abandoned,Checkout Abandoned,829,2,0,2,15778.62
TXN009634,C1178,24785.91,Wallet,2026-08-18 06:55:11.611161,Success,,480,17,16,1,93841.54
TXN009635,C0154,6179.01,Credit Card,2026-08-18 07:29:28.136813,Success,,378,20,18,2,147401.57
TXN009636,C1710,5043.95,UPI,2026-08-18 08:03:44.662466,Success,,391,3,1,2,125910.18
TXN009637,C0092,13217.39,UPI,2026-08-18 08:38:01.188118,Success,,37,28,13,15,119789.37
TXN009638,C1457,13476.48,UPI,2026-08-18 09:12:17.713771,Failed,Card Declined,156,8,7,1,62986.5
TXN009639,C0338,11051.54,Debit Card,2026-08-18 09:46:34.239423,Success,,319,10,8,2,147789.23
TXN009640,C1504,19320.11,Debit Card,2026-08-18 10:20:50.765076,Success,,387,16,7,9,123833.44
TXN009641,C1717,12964.69,UPI,2026-08-18 10:55:07.290729,Failed,Bank Timeout,90,10,10,0,50680.1
TXN009642,C1155,15281.42,UPI,2026-08-18 11:29:23.816381,Failed,Network Error,24,2,1,1,112399.41
TXN009643,C0450,18121.28,UPI,2026-08-18 12:03:40.342034,Success,,790,18,17,1,65162.18
TXN009644,C0810,723.13,Net Banking,2026-08-18 12:37:56.867686,Failed,Card Declined,224,19,11,8,99238.12
TXN009645,C0787,14309.04,UPI,2026-08-18 13:12:13.393339,Success,,32,22,3,19,145523.05
TXN009646,C0273,22116.44,UPI,2026-08-18 13:46:29.918991,Success,,345,20,12,8,37344.51
TXN009647,C1953,532.98,UPI,2026-08-18 14:20:46.444644,Success,,199,10,4,6,119352.83
TXN009648,C0588,10189.03,UPI,2026-08-18 14:55:02.970297,Success,,290,25,15,10,88760.96
TXN009649,C0177,23163.06,Debit Card,2026-08-18 15:29:19.495949,Success,,169,13,9,4,142520.65
TXN009650,C1720,8893.54,Net Banking,2026-08-18 16:03:36.021602,Success,,670,5,4,1,20602.26
TXN009651,C0831,11522.35,UPI,2026-08-18 16:37:52.547254,Success,,394,18,10,8,108096.57
TXN009652,C0643,24540.38,Debit Card,2026-08-18 17:12:09.072907,Success,,293,20,11,9,6054.4
TXN009653,C1899,5063.16,UPI,2026-08-18 17:46:25.598559,Success,,100,28,17,11,37359.75
TXN009654,C1073,1724.85,Wallet,2026-08-18 18:20:42.124212,Failed,Technical Error,637,30,1,29,48467.75
TXN009655,C0567,21499.62,UPI,2026-08-18 18:54:58.649864,Success,,740,14,2,12,65122.24
TXN009656,C0666,21724.79,UPI,2026-08-18 19:29:15.175517,Success,,502,27,4,23,144812.35
TXN009657,C1379,11854.74,Credit Card,2026-08-18 20:03:31.701170,Success,,493,10,3,7,10606.41
TXN009658,C1736,12903.76,UPI,2026-08-18 20:37:48.226822,Success,,149,17,9,8,25762.94
TXN009659,C1332,20911.58,UPI,2026-08-18 21:12:04.752475,Success,,472,3,1,2,30855.56
TXN009660,C0868,18490.13,Debit Card,2026-08-18 21:46:21.278127,Abandoned,Checkout Abandoned,29,27,15,12,63887.51
TXN009661,C1909,6702.21,Debit Card,2026-08-18 22:20:37.803780,Success,,885,18,11,7,9574.63
TXN009662,C1654,520.64,Credit Card,2026-08-18 22:54:54.329432,Failed,Bank Timeout,348,2,0,2,144830.22
TXN009663,C1799,12044.53,Debit Card,2026-08-18 23:29:10.855085,Success,,828,11,2,9,84197.83
TXN009664,C1070,21486.92,Credit Card,2026-08-19 00:03:27.380738,Failed,Technical Error,419,3,0,3,122086.39
TXN009665,C0302,22406.28,Credit Card,2026-08-19 00:37:43.906390,Success,,606,23,4,19,115988.52
TXN009666,C0868,23910.03,Credit Card,2026-08-19 01:12:00.432043,Abandoned,Checkout Abandoned,622,11,7,4,99293.36
TXN009667,C0912,22001.12,Debit Card,2026-08-19 01:46:16.957695,Success,,443,23,16,7,135709.21
TXN009668,C0408,14543.08,UPI,2026-08-19 02:20:33.483348,Success,,211,0,0,0,135406.36
TXN009669,C1213,11170.68,UPI,2026-08-19 02:54:50.009000,Success,,854,27,0,27,19601.89
TXN009670,C0822,19393.76,UPI,2026-08-19 03:29:06.534653,Success,,34,15,12,3,135338.28
TXN009671,C1854,18521.56,UPI,2026-08-19 04:03:23.060306,Success,,892,20,5,15,78821.71
TXN009672,C1153,13499.77,Debit Card,2026-08-19 04:37:39.585958,Success,,40,29,14,15,40576.42
TXN009673,C0561,2274.45,UPI,2026-08-19 05:11:56.111611,Failed,Bank Timeout,477,1,0,1,91470.82
TXN009674,C1561,23159.43,UPI,2026-08-19 05:46:12.637263,Success,,216,25,23,2,42495.09
TXN009675,C1290,11444.5,UPI,2026-08-19 06:20:29.162916,Success,,411,21,7,14,72111.68
TXN009676,C1142,9147.01,UPI,2026-08-19 06:54:45.688568,Success,,177,2,2,0,122557.46
TXN009677,C0464,15776.23,Debit Card,2026-08-19 07:29:02.214221,Success,,352,30,14,16,5313.6
TXN009678,C0144,16878.57,Credit Card,2026-08-19 08:03:18.739873,Success,,76,27,3,24,27871.8
TXN009679,C0442,5346.13,Debit Card,2026-08-19 08:37:35.265526,Success,,712,15,8,7,143509.11
TXN009680,C1224,20939.78,UPI,2026-08-19 09:11:51.791179,Success,,20,25,10,15,67042.21
TXN009681,C1181,7319.43,Net Banking,2026-08-19 09:46:08.316831,Success,,420,9,4,5,45846.97
TXN009682,C0487,4748.43,Wallet,2026-08-19 10:20:24.842484,Success,,174,28,13,15,138530.29
TXN009683,C0860,10219.36,Debit Card,2026-08-19 10:54:41.368136,Abandoned,Checkout Abandoned,149,28,26,2,136726.48
TXN009684,C1158,18290.95,Net Banking,2026-08-19 11:28:57.893789,Success,,490,8,8,0,7114.25
TXN009685,C1936,24139.91,Credit Card,2026-08-19 12:03:14.419441,Success,,421,13,11,2,54690.46
TXN009686,C0148,20251.1,Wallet,2026-08-19 12:37:30.945094,Success,,271,24,4,20,136966.84
TXN009687,C1360,23514.67,Net Banking,2026-08-19 13:11:47.470747,Success,,515,7,4,3,27375.91
TXN009688,C1095,3601.08,Wallet,2026-08-19 13:46:03.996399,Success,,847,1,0,1,86942.92
TXN009689,C1257,1872.3,Credit Card,2026-08-19 14:20:20.522052,Abandoned,Checkout Abandoned,222,10,5,5,48456.31
TXN009690,C1358,13986.85,Debit Card,2026-08-19 14:54:37.047704,Abandoned,Checkout Abandoned,354,1,0,1,110616.53
TXN009691,C0811,7328.41,Credit Card,2026-08-19 15:28:53.573357,Success,,568,26,4,22,24160.24
TXN009692,C0666,20718.57,UPI,2026-08-19 16:03:10.099009,Success,,45,14,0,14,89609.95
TXN009693,C0090,16832.5,UPI,2026-08-19 16:37:26.624662,Abandoned,Checkout Abandoned,603,17,9,8,501.26
TXN009694,C1358,24271.13,Net Banking,2026-08-19 17:11:43.150315,Success,,53,4,1,3,38258.28
TXN009695,C0199,6444.33,UPI,2026-08-19 17:45:59.675967,Success,,752,27,26,1,24743.7
TXN009696,C1185,12196.02,Credit Card,2026-08-19 18:20:16.201620,Success,,416,25,22,3,31869.69
TXN009697,C0538,12580.89,UPI,2026-08-19 18:54:32.727272,Success,,96,24,16,8,129133.73
TXN009698,C1145,6055.5,UPI,2026-08-19 19:28:49.252925,Abandoned,Checkout Abandoned,44,6,5,1,137262.09
TXN009699,C0301,14793.33,Net Banking,2026-08-19 20:03:05.778577,Failed,Card Declined,870,22,10,12,113377.22
TXN009700,C0724,11137.82,Net Banking,2026-08-19 20:37:22.304230,Success,,462,18,3,15,88720.93
TXN009701,C1599,11223.37,Credit Card,2026-08-19 21:11:38.829882,Failed,Bank Timeout,326,18,17,1,35013.05
TXN009702,C0963,9132.14,UPI,2026-08-19 21:45:55.355535,Success,,730,25,18,7,41570.85
TXN009703,C1460,521.54,Credit Card,2026-08-19 22:20:11.881188,Failed,Insufficient Balance,175,15,3,12,46828.52
TXN009704,C0068,13100.17,UPI,2026-08-19 22:54:28.406840,Success,,189,18,11,7,116662.32
TXN009705,C1789,8447.67,UPI,2026-08-19 23:28:44.932493,Success,,523,16,13,3,38306.2
TXN009706,C1946,132.86,UPI,2026-08-20 00:03:01.458145,Success,,888,12,1,11,146021.72
TXN009707,C0459,7767.8,Credit Card,2026-08-20 00:37:17.983798,Success,,456,27,25,2,119571.3
TXN009708,C1538,7037.85,UPI,2026-08-20 01:11:34.509450,Success,,716,7,0,7,149957.8
TXN009709,C0398,9896.86,Debit Card,2026-08-20 01:45:51.035103,Success,,487,27,26,1,69147.2
TXN009710,C0620,3383.11,UPI,2026-08-20 02:20:07.560756,Abandoned,Checkout Abandoned,362,10,3,7,88604.56
TXN009711,C1310,12741.33,UPI,2026-08-20 02:54:24.086408,Abandoned,Checkout Abandoned,544,17,10,7,42420.03
TXN009712,C1585,17341.76,UPI,2026-08-20 03:28:40.612061,Success,,35,10,10,0,90759.82
TXN009713,C1164,15791.62,Wallet,2026-08-20 04:02:57.137713,Failed,Card Declined,39,22,18,4,146098.09
TXN009714,C0730,20113.5,Credit Card,2026-08-20 04:37:13.663366,Abandoned,Checkout Abandoned,796,8,0,8,5041.84
TXN009715,C0556,11355.01,UPI,2026-08-20 05:11:30.189018,Success,,688,13,0,13,43748.67
TXN009716,C1953,13025.38,Credit Card,2026-08-20 05:45:46.714671,Success,,611,1,1,0,42553.48
TXN009717,C0781,20279.01,Net Banking,2026-08-20 06:20:03.240324,Failed,Network Error,233,28,2,26,147364.29
TXN009718,C1614,10749.76,Debit Card,2026-08-20 06:54:19.765976,Success,,115,16,13,3,20331.08
TXN009719,C1752,17569.82,Debit Card,2026-08-20 07:28:36.291629,Success,,549,20,7,13,121947.85
TXN009720,C0894,10921.6,UPI,2026-08-20 08:02:52.817281,Success,,648,15,15,0,41545.8
TXN009721,C0610,10501.63,Debit Card,2026-08-20 08:37:09.342934,Success,,466,25,14,11,129160.15
TXN009722,C0748,19029.12,Debit Card,2026-08-20 09:11:25.868586,Abandoned,Checkout Abandoned,70,4,3,1,73418.76
TXN009723,C0282,4453.44,Credit Card,2026-08-20 09:45:42.394239,Success,,185,0,0,0,36718.03
TXN009724,C0661,8530.79,Net Banking,2026-08-20 10:19:58.919891,Failed,Technical Error,616,8,7,1,106605.09
TXN009725,C0924,5681.89,UPI,2026-08-20 10:54:15.445544,Failed,Insufficient Balance,472,2,1,1,126316.32
TXN009726,C1840,9041.84,UPI,2026-08-20 11:28:31.971197,Success,,617,13,6,7,70785.81
TXN009727,C0996,5836.33,Net Banking,2026-08-20 12:02:48.496849,Success,,150,17,1,16,107241.4
TXN009728,C1960,14527.2,Credit Card,2026-08-20 12:37:05.022502,Success,,95,11,7,4,27646.59
TXN009729,C1602,19974.45,UPI,2026-08-20 13:11:21.548154,Success,,497,22,21,1,140673.02
TXN009730,C0746,19686.67,UPI,2026-08-20 13:45:38.073807,Failed,Network Error,644,13,13,0,14919.2
TXN009731,C1481,9176.07,Net Banking,2026-08-20 14:19:54.599459,Success,,404,27,18,9,33681.63
TXN009732,C0087,24720.13,UPI,2026-08-20 14:54:11.125112,Failed,Bank Timeout,362,15,6,9,43609.79
TXN009733,C1103,14886.97,UPI,2026-08-20 15:28:27.650765,Success,,737,4,0,4,23336.57
TXN009734,C1229,10045.07,UPI,2026-08-20 16:02:44.176417,Failed,Insufficient Balance,433,19,15,4,61298.71
TXN009735,C0791,20904.93,Net Banking,2026-08-20 16:37:00.702070,Success,,117,19,7,12,68931.54
TXN009736,C1361,18273.86,Net Banking,2026-08-20 17:11:17.227722,Success,,188,14,14,0,78029.09
TXN009737,C1278,18756.96,Credit Card,2026-08-20 17:45:33.753375,Success,,591,8,7,1,6599.53
TXN009738,C0304,4983.87,Credit Card,2026-08-20 18:19:50.279027,Success,,648,24,10,14,33256.36
TXN009739,C1404,11761.28,UPI,2026-08-20 18:54:06.804680,Success,,423,16,6,10,121260.61
TXN009740,C0130,21559.52,UPI,2026-08-20 19:28:23.330333,Success,,215,11,4,7,121685.4
TXN009741,C0596,12650.55,Net Banking,2026-08-20 20:02:39.855985,Success,,784,12,1,11,49836.01
TXN009742,C1300,17117.97,UPI,2026-08-20 20:36:56.381638,Success,,76,9,4,5,69445.57
TXN009743,C1723,14739.55,Credit Card,2026-08-20 21:11:12.907290,Success,,488,6,4,2,27926.21
TXN009744,C0558,21074.68,Credit Card,2026-08-20 21:45:29.432943,Success,,147,26,17,9,123409.91
TXN009745,C0899,7185.56,UPI,2026-08-20 22:19:45.958595,Abandoned,Checkout Abandoned,234,23,10,13,143524.22
TXN009746,C1207,14429.33,Credit Card,2026-08-20 22:54:02.484248,Abandoned,Checkout Abandoned,70,20,16,4,44057.25
TXN009747,C1292,3168.54,Credit Card,2026-08-20 23:28:19.009900,Success,,898,6,4,2,117399.72
TXN009748,C1832,17286.25,Debit Card,2026-08-21 00:02:35.535553,Success,,623,7,5,2,53182.18
TXN009749,C1346,18326.0,UPI,2026-08-21 00:36:52.061206,Success,,302,23,12,11,893.77
TXN009750,C1536,1166.65,UPI,2026-08-21 01:11:08.586858,Success,,24,14,6,8,90159.3
TXN009751,C1636,16927.19,Credit Card,2026-08-21 01:45:25.112511,Success,,59,24,10,14,61854.6
TXN009752,C0078,10425.78,Wallet,2026-08-21 02:19:41.638163,Success,,781,20,17,3,113886.04
TXN009753,C0784,3190.01,UPI,2026-08-21 02:53:58.163816,Success,,110,17,5,12,112440.23
TXN009754,C1363,10555.7,Wallet,2026-08-21 03:28:14.689468,Success,,435,21,11,10,141931.67
TXN009755,C0674,4936.4,Debit Card,2026-08-21 04:02:31.215121,Success,,19,0,0,0,65953.94
TXN009756,C1580,10447.43,Net Banking,2026-08-21 04:36:47.740774,Success,,765,9,7,2,72635.53
TXN009757,C1533,9670.04,UPI,2026-08-21 05:11:04.266426,Failed,Network Error,132,21,21,0,60360.59
TXN009758,C0238,18485.95,UPI,2026-08-21 05:45:20.792079,Failed,Card Declined,671,18,2,16,44892.36
TXN009759,C1158,19377.97,UPI,2026-08-21 06:19:37.317731,Failed,Bank Timeout,680,28,18,10,95857.41
TXN009760,C1997,15215.01,UPI,2026-08-21 06:53:53.843384,Success,,262,2,2,0,124291.5
TXN009761,C1216,664.9,Wallet,2026-08-21 07:28:10.369036,Success,,341,6,6,0,24092.7
TXN009762,C1380,23282.45,UPI,2026-08-21 08:02:26.894689,Success,,210,3,1,2,147284.98
TXN009763,C0278,17187.21,Credit Card,2026-08-21 08:36:43.420342,Success,,805,4,2,2,102729.2
TXN009764,C1042,951.47,UPI,2026-08-21 09:10:59.945994,Success,,107,30,22,8,117126.6
TXN009765,C0524,20488.94,Debit Card,2026-08-21 09:45:16.471647,Failed,Network Error,231,5,0,5,149828.76
TXN009766,C0180,5086.63,UPI,2026-08-21 10:19:32.997299,Abandoned,Checkout Abandoned,729,27,16,11,75852.71
TXN009767,C0123,14522.61,UPI,2026-08-21 10:53:49.522952,Failed,Bank Timeout,284,9,4,5,11158.04
TXN009768,C1270,11719.2,UPI,2026-08-21 11:28:06.048604,Failed,Network Error,513,11,1,10,118648.61
TXN009769,C1758,10553.99,Debit Card,2026-08-21 12:02:22.574257,Success,,855,13,11,2,130679.52
TXN009770,C1397,22253.87,UPI,2026-08-21 12:36:39.099909,Failed,Technical Error,568,21,4,17,24778.37
TXN009771,C1075,10990.3,UPI,2026-08-21 13:10:55.625562,Abandoned,Checkout Abandoned,636,1,0,1,4108.54
TXN009772,C1095,1976.07,UPI,2026-08-21 13:45:12.151215,Success,,705,2,0,2,20805.64
TXN009773,C0480,23671.3,Wallet,2026-08-21 14:19:28.676867,Success,,379,0,0,0,48932.98
TXN009774,C1584,23021.33,Credit Card,2026-08-21 14:53:45.202520,Success,,532,2,1,1,138680.02
TXN009775,C1043,17142.37,Debit Card,2026-08-21 15:28:01.728172,Success,,598,23,23,0,868.85
TXN009776,C1798,11750.52,Debit Card,2026-08-21 16:02:18.253825,Success,,339,14,6,8,120667.79
TXN009777,C0084,2412.2,UPI,2026-08-21 16:36:34.779477,Abandoned,Checkout Abandoned,230,15,4,11,128300.78
TXN009778,C1179,19789.63,Credit Card,2026-08-21 17:10:51.305130,Success,,356,19,10,9,121752.32
TXN009779,C0565,1979.4,UPI,2026-08-21 17:45:07.830783,Success,,575,1,0,1,12791.05
TXN009780,C0619,1808.16,UPI,2026-08-21 18:19:24.356435,Success,,68,19,17,2,102038.9
TXN009781,C0357,13480.86,Credit Card,2026-08-21 18:53:40.882088,Success,,714,15,5,10,143108.59
TXN009782,C0816,4087.19,Credit Card,2026-08-21 19:27:57.407740,Success,,41,29,2,27,18494.23
TXN009783,C0647,292.48,UPI,2026-08-21 20:02:13.933393,Success,,667,14,5,9,5236.43
TXN009784,C0443,10635.52,UPI,2026-08-21 20:36:30.459045,Success,,653,6,2,4,131112.03
TXN009785,C1093,3516.71,Debit Card,2026-08-21 21:10:46.984698,Abandoned,Checkout Abandoned,217,24,17,7,96916.99
TXN009786,C0523,4096.83,Debit Card,2026-08-21 21:45:03.510351,Success,,347,4,3,1,97142.1
TXN009787,C0143,2015.07,UPI,2026-08-21 22:19:20.036003,Success,,222,28,4,24,144682.5
TXN009788,C0192,5206.83,UPI,2026-08-21 22:53:36.561656,Abandoned,Checkout Abandoned,188,4,0,4,115579.95
TXN009789,C1411,17915.56,Net Banking,2026-08-21 23:27:53.087308,Abandoned,Checkout Abandoned,319,27,3,24,59918.01
TXN009790,C0378,20242.29,Debit Card,2026-08-22 00:02:09.612961,Success,,418,20,0,20,65658.25
TXN009791,C0581,11368.09,Wallet,2026-08-22 00:36:26.138613,Failed,Card Declined,647,25,21,4,22131.6
TXN009792,C0535,12713.19,UPI,2026-08-22 01:10:42.664266,Success,,147,8,4,4,45955.46
TXN009793,C1717,913.11,Credit Card,2026-08-22 01:44:59.189918,Success,,400,22,9,13,67087.86
TXN009794,C1317,1825.97,UPI,2026-08-22 02:19:15.715571,Success,,391,13,2,11,39532.27
TXN009795,C1033,6513.44,Credit Card,2026-08-22 02:53:32.241224,Success,,766,18,14,4,137422.99
TXN009796,C1295,13643.07,UPI,2026-08-22 03:27:48.766876,Success,,714,29,26,3,2264.5
TXN009797,C1411,18514.82,UPI,2026-08-22 04:02:05.292529,Success,,874,17,13,4,88259.8
TXN009798,C0093,15164.58,UPI,2026-08-22 04:36:21.818181,Success,,520,8,4,4,115855.42
TXN009799,C1990,9863.98,Debit Card,2026-08-22 05:10:38.343834,Success,,284,2,0,2,109950.29
TXN009800,C0529,3046.27,Credit Card,2026-08-22 05:44:54.869486,Success,,656,28,19,9,96738.08
TXN009801,C1178,19541.25,Credit Card,2026-08-22 06:19:11.395139,Failed,Insufficient Balance,504,10,2,8,61845.16
TXN009802,C0405,9158.27,Net Banking,2026-08-22 06:53:27.920792,Success,,54,23,3,20,137812.35
TXN009803,C0840,18427.74,Debit Card,2026-08-22 07:27:44.446444,Success,,882,14,1,13,49677.48
TXN009804,C1173,12873.17,Credit Card,2026-08-22 08:02:00.972097,Abandoned,Checkout Abandoned,471,27,1,26,112645.05
TXN009805,C0889,18492.69,Wallet,2026-08-22 08:36:17.497749,Success,,47,3,2,1,139034.32
TXN009806,C1291,22691.51,Credit Card,2026-08-22 09:10:34.023402,Success,,656,20,1,19,19693.35
TXN009807,C0422,23033.63,UPI,2026-08-22 09:44:50.549054,Success,,756,23,2,21,142088.62
TXN009808,C1864,13424.16,Wallet,2026-08-22 10:19:07.074707,Success,,76,4,3,1,116516.89
TXN009809,C1642,12836.56,UPI,2026-08-22 10:53:23.600360,Success,,596,25,8,17,92680.45
TXN009810,C0472,6715.39,Credit Card,2026-08-22 11:27:40.126012,Failed,Network Error,273,17,4,13,56323.11
TXN009811,C0893,23401.42,UPI,2026-08-22 12:01:56.651665,Success,,611,21,19,2,135687.68
TXN009812,C0547,11502.19,Credit Card,2026-08-22 12:36:13.177317,Success,,623,22,14,8,7084.42
TXN009813,C0631,3277.02,Credit Card,2026-08-22 13:10:29.702970,Success,,524,11,3,8,65058.44
TXN009814,C1550,10874.35,UPI,2026-08-22 13:44:46.228622,Success,,614,0,0,0,113616.77
TXN009815,C1527,3263.63,Credit Card,2026-08-22 14:19:02.754275,Failed,Bank Timeout,21,25,2,23,121765.5
TXN009816,C1038,12613.04,Debit Card,2026-08-22 14:53:19.279927,Failed,Card Declined,603,24,8,16,30740.64
TXN009817,C0778,14075.76,UPI,2026-08-22 15:27:35.805580,Success,,180,21,9,12,7616.9
TXN009818,C1676,8510.12,UPI,2026-08-22 16:01:52.331233,Success,,359,19,16,3,120526.25
TXN009819,C1830,1884.1,UPI,2026-08-22 16:36:08.856885,Failed,Insufficient Balance,243,1,1,0,63572.89
TXN009820,C0364,23593.24,Net Banking,2026-08-22 17:10:25.382538,Success,,313,8,5,3,21956.8
TXN009821,C0119,19356.49,Debit Card,2026-08-22 17:44:41.908190,Abandoned,Checkout Abandoned,515,21,19,2,13292.47
TXN009822,C1262,20988.14,Net Banking,2026-08-22 18:18:58.433843,Failed,Bank Timeout,504,24,7,17,96275.62
TXN009823,C0546,9235.02,UPI,2026-08-22 18:53:14.959495,Success,,566,17,4,13,87631.27
TXN009824,C1193,19044.69,UPI,2026-08-22 19:27:31.485148,Success,,546,4,2,2,128171.56
TXN009825,C0522,12185.79,UPI,2026-08-22 20:01:48.010801,Success,,13,21,10,11,5219.27
TXN009826,C0634,5106.98,UPI,2026-08-22 20:36:04.536453,Success,,397,13,3,10,130329.87
TXN009827,C1937,3198.14,Credit Card,2026-08-22 21:10:21.062106,Failed,Card Declined,239,10,3,7,133142.84
TXN009828,C1681,8691.77,Wallet,2026-08-22 21:44:37.587758,Success,,451,20,14,6,67221.8
TXN009829,C0963,3525.05,UPI,2026-08-22 22:18:54.113411,Success,,458,21,7,14,11961.63
TXN009830,C0958,24956.9,Wallet,2026-08-22 22:53:10.639063,Success,,883,2,0,2,142038.11
TXN009831,C1759,1324.81,UPI,2026-08-22 23:27:27.164716,Success,,204,8,3,5,11268.47
TXN009832,C0883,11084.48,Wallet,2026-08-23 00:01:43.690369,Success,,165,1,1,0,88805.96
TXN009833,C1793,11357.13,UPI,2026-08-23 00:36:00.216021,Failed,Bank Timeout,119,13,1,12,74226.9
TXN009834,C0780,7585.74,Net Banking,2026-08-23 01:10:16.741674,Success,,468,27,0,27,125345.43
TXN009835,C0871,14326.65,UPI,2026-08-23 01:44:33.267326,Success,,686,1,1,0,75639.72
TXN009836,C0516,3834.43,Wallet,2026-08-23 02:18:49.792979,Success,,338,20,19,1,70633.48
TXN009837,C0938,19619.42,UPI,2026-08-23 02:53:06.318631,Success,,70,26,7,19,132157.2
TXN009838,C1421,8377.95,UPI,2026-08-23 03:27:22.844284,Failed,Card Declined,730,9,4,5,144619.51
TXN009839,C0866,14824.43,Credit Card,2026-08-23 04:01:39.369936,Failed,Insufficient Balance,646,18,1,17,82615.88
TXN009840,C0106,17919.42,UPI,2026-08-23 04:35:55.895589,Success,,828,28,14,14,68481.23
TXN009841,C1109,22237.15,Debit Card,2026-08-23 05:10:12.421242,Success,,808,28,26,2,124748.72
TXN009842,C0214,20911.11,Wallet,2026-08-23 05:44:28.946894,Success,,606,1,1,0,124748.47
TXN009843,C1145,15246.89,Credit Card,2026-08-23 06:18:45.472547,Success,,730,15,3,12,48247.57
TXN009844,C1156,9770.99,Debit Card,2026-08-23 06:53:01.998199,Failed,Insufficient Balance,755,5,1,4,86645.44
TXN009845,C0850,12629.8,UPI,2026-08-23 07:27:18.523852,Success,,474,11,4,7,23540.49
TXN009846,C0197,19241.5,Credit Card,2026-08-23 08:01:35.049504,Success,,52,21,17,4,95513.53
TXN009847,C0019,21950.88,Credit Card,2026-08-23 08:35:51.575157,Success,,293,6,6,0,125181.36
TXN009848,C0642,2684.17,Net Banking,2026-08-23 09:10:08.100810,Abandoned,Checkout Abandoned,772,3,0,3,28533.51
TXN009849,C1036,9682.92,UPI,2026-08-23 09:44:24.626462,Abandoned,Checkout Abandoned,176,7,3,4,48795.53
TXN009850,C1105,19425.3,Debit Card,2026-08-23 10:18:41.152115,Abandoned,Checkout Abandoned,714,18,14,4,67615.68
TXN009851,C0330,10848.13,UPI,2026-08-23 10:52:57.677767,Success,,409,9,1,8,126839.47
TXN009852,C0866,8372.47,UPI,2026-08-23 11:27:14.203420,Failed,Bank Timeout,588,0,0,0,109839.82
TXN009853,C0774,10341.94,UPI,2026-08-23 12:01:30.729072,Failed,Card Declined,728,4,0,4,47872.12
TXN009854,C0392,15110.83,UPI,2026-08-23 12:35:47.254725,Failed,Network Error,845,5,5,0,36833.52
TXN009855,C0637,24995.15,UPI,2026-08-23 13:10:03.780378,Abandoned,Checkout Abandoned,557,26,25,1,104507.85
TXN009856,C0307,12375.51,UPI,2026-08-23 13:44:20.306030,Success,,392,28,25,3,72243.18
TXN009857,C1291,5291.51,Net Banking,2026-08-23 14:18:36.831683,Success,,807,18,0,18,89236.36
TXN009858,C1471,4154.88,UPI,2026-08-23 14:52:53.357335,Success,,358,17,2,15,97480.27
TXN009859,C1465,1154.51,Net Banking,2026-08-23 15:27:09.882988,Success,,800,18,8,10,84023.67
TXN009860,C0895,14014.55,UPI,2026-08-23 16:01:26.408640,Failed,Insufficient Balance,456,18,4,14,92154.27
TXN009861,C0652,13659.85,UPI,2026-08-23 16:35:42.934293,Failed,Network Error,696,22,5,17,133181.72
TXN009862,C0841,5210.32,Credit Card,2026-08-23 17:09:59.459945,Success,,532,0,0,0,130295.74
TXN009863,C1026,17413.7,Credit Card,2026-08-23 17:44:15.985598,Success,,897,26,26,0,22780.62
TXN009864,C0520,18553.57,Credit Card,2026-08-23 18:18:32.511251,Abandoned,Checkout Abandoned,540,19,12,7,88181.26
TXN009865,C1786,6551.55,Credit Card,2026-08-23 18:52:49.036903,Success,,199,10,6,4,66175.65
TXN009866,C1675,8668.08,UPI,2026-08-23 19:27:05.562556,Success,,81,2,2,0,43185.25
TXN009867,C0636,24762.74,Debit Card,2026-08-23 20:01:22.088208,Success,,308,9,6,3,94856.54
TXN009868,C1333,9419.19,Credit Card,2026-08-23 20:35:38.613861,Success,,84,26,2,24,76877.09
TXN009869,C0740,19043.96,UPI,2026-08-23 21:09:55.139513,Success,,658,6,5,1,116348.16
TXN009870,C1546,11372.86,Net Banking,2026-08-23 21:44:11.665166,Success,,759,16,4,12,14467.93
TXN009871,C0469,19854.29,Debit Card,2026-08-23 22:18:28.190819,Success,,290,23,11,12,45750.77
TXN009872,C0212,19248.68,UPI,2026-08-23 22:52:44.716471,Success,,471,25,21,4,4354.45
TXN009873,C1136,16727.13,Net Banking,2026-08-23 23:27:01.242124,Success,,296,15,15,0,112020.98
TXN009874,C1032,21383.98,Wallet,2026-08-24 00:01:17.767776,Success,,662,6,3,3,136912.37
TXN009875,C0804,23486.54,Credit Card,2026-08-24 00:35:34.293429,Success,,842,12,1,11,88312.76
TXN009876,C0477,14541.58,UPI,2026-08-24 01:09:50.819081,Failed,Network Error,679,11,6,5,92738.38
TXN009877,C0874,6012.98,Net Banking,2026-08-24 01:44:07.344734,Success,,210,11,3,8,7440.56
TXN009878,C0460,10025.86,UPI,2026-08-24 02:18:23.870387,Success,,497,7,5,2,75815.3
TXN009879,C0253,18981.81,UPI,2026-08-24 02:52:40.396039,Success,,550,7,1,6,79267.4
TXN009880,C1550,16307.0,UPI,2026-08-24 03:26:56.921692,Success,,104,12,11,1,6326.69
TXN009881,C0752,4527.18,Debit Card,2026-08-24 04:01:13.447344,Success,,283,10,1,9,117466.88
TXN009882,C1462,1375.86,Wallet,2026-08-24 04:35:29.972997,Success,,140,24,15,9,42108.86
TXN009883,C1778,17105.74,Credit Card,2026-08-24 05:09:46.498649,Abandoned,Checkout Abandoned,768,0,0,0,108655.33
TXN009884,C0981,6351.87,Wallet,2026-08-24 05:44:03.024302,Abandoned,Checkout Abandoned,556,24,1,23,60737.34
TXN009885,C0854,12541.79,UPI,2026-08-24 06:18:19.549954,Success,,141,16,7,9,149349.1
TXN009886,C1685,18693.99,UPI,2026-08-24 06:52:36.075607,Success,,306,30,0,30,32224.67
TXN009887,C0236,14110.4,Credit Card,2026-08-24 07:26:52.601260,Success,,344,18,13,5,9206.22
TXN009888,C1330,2174.23,Wallet,2026-08-24 08:01:09.126912,Success,,123,12,9,3,146995.87
TXN009889,C0478,4720.95,Credit Card,2026-08-24 08:35:25.652565,Success,,474,22,22,0,36954.38
TXN009890,C0679,5561.27,UPI,2026-08-24 09:09:42.178217,Success,,99,14,5,9,95482.01
TXN009891,C1044,6520.82,UPI,2026-08-24 09:43:58.703870,Failed,Technical Error,232,28,20,8,56497.95
TXN009892,C0216,14178.54,UPI,2026-08-24 10:18:15.229522,Abandoned,Checkout Abandoned,807,23,12,11,96124.36
TXN009893,C0855,12648.75,UPI,2026-08-24 10:52:31.755175,Success,,608,11,9,2,89610.76
TXN009894,C0135,5158.68,UPI,2026-08-24 11:26:48.280828,Success,,231,20,12,8,106237.45
TXN009895,C0905,1782.12,Net Banking,2026-08-24 12:01:04.806480,Success,,276,16,12,4,3257.28
TXN009896,C1153,4368.66,Credit Card,2026-08-24 12:35:21.332133,Success,,554,2,0,2,125511.04
TXN009897,C0410,24611.09,Debit Card,2026-08-24 13:09:37.857785,Abandoned,Checkout Abandoned,303,6,4,2,72060.55
TXN009898,C1446,11766.82,UPI,2026-08-24 13:43:54.383438,Success,,247,1,1,0,78068.49
TXN009899,C1318,21696.9,UPI,2026-08-24 14:18:10.909090,Success,,526,1,1,0,61948.27
TXN009900,C1270,21233.94,Credit Card,2026-08-24 14:52:27.434743,Failed,Bank Timeout,708,24,5,19,148412.68
TXN009901,C1725,12836.84,Net Banking,2026-08-24 15:26:43.960396,Success,,257,5,3,2,120334.92
TXN009902,C1580,17696.52,Credit Card,2026-08-24 16:01:00.486048,Success,,620,3,1,2,47053.31
TXN009903,C0086,4899.53,Net Banking,2026-08-24 16:35:17.011701,Success,,572,15,10,5,117569.16
TXN009904,C0556,17241.08,Net Banking,2026-08-24 17:09:33.537353,Success,,586,14,11,3,65830.53
TXN009905,C1866,6882.38,UPI,2026-08-24 17:43:50.063006,Success,,205,9,9,0,130566.99
TXN009906,C1399,20818.35,UPI,2026-08-24 18:18:06.588658,Success,,579,13,1,12,5111.55
TXN009907,C1470,2184.73,Debit Card,2026-08-24 18:52:23.114311,Success,,185,8,7,1,53633.27
TXN009908,C0378,19351.15,UPI,2026-08-24 19:26:39.639963,Success,,195,14,4,10,64757.96
TXN009909,C1414,2588.43,UPI,2026-08-24 20:00:56.165616,Success,,495,6,1,5,111765.31
TXN009910,C1681,22041.61,UPI,2026-08-24 20:35:12.691269,Abandoned,Checkout Abandoned,686,6,5,1,27753.89
TXN009911,C1075,7674.69,UPI,2026-08-24 21:09:29.216921,Success,,144,7,0,7,43299.02
TXN009912,C0242,16394.39,Net Banking,2026-08-24 21:43:45.742574,Success,,581,18,13,5,108720.1
TXN009913,C1318,12238.81,UPI,2026-08-24 22:18:02.268226,Abandoned,Checkout Abandoned,324,17,1,16,11988.13
TXN009914,C0920,9220.95,UPI,2026-08-24 22:52:18.793879,Abandoned,Checkout Abandoned,403,16,4,12,30568.08
TXN009915,C1587,16171.5,Credit Card,2026-08-24 23:26:35.319531,Failed,Bank Timeout,810,17,11,6,113128.3
TXN009916,C0266,23693.32,Debit Card,2026-08-25 00:00:51.845184,Success,,700,18,0,18,131391.53
TXN009917,C1144,1127.62,Credit Card,2026-08-25 00:35:08.370837,Success,,132,20,18,2,109459.79
TXN009918,C0712,22979.44,Wallet,2026-08-25 01:09:24.896489,Success,,855,7,5,2,79307.17
TXN009919,C1941,15266.13,Debit Card,2026-08-25 01:43:41.422142,Failed,Bank Timeout,376,12,7,5,15309.66
TXN009920,C1272,20202.13,Credit Card,2026-08-25 02:17:57.947794,Success,,815,26,11,15,124170.25
TXN009921,C0070,9658.49,UPI,2026-08-25 02:52:14.473447,Success,,253,10,4,6,19043.83
TXN009922,C1877,11848.89,Credit Card,2026-08-25 03:26:30.999099,Success,,832,28,11,17,58069.23
TXN009923,C0057,21734.38,Debit Card,2026-08-25 04:00:47.524752,Success,,423,18,4,14,8049.65
TXN009924,C1406,10429.71,Net Banking,2026-08-25 04:35:04.050405,Success,,803,6,3,3,106596.43
TXN009925,C0039,13413.02,Wallet,2026-08-25 05:09:20.576057,Failed,Card Declined,360,26,1,25,75772.5
TXN009926,C0801,602.85,Credit Card,2026-08-25 05:43:37.101710,Success,,819,26,13,13,136187.36
TXN009927,C1467,4049.09,Credit Card,2026-08-25 06:17:53.627362,Success,,440,4,0,4,21242.0
TXN009928,C1042,16077.99,UPI,2026-08-25 06:52:10.153015,Failed,Insufficient Balance,881,4,4,0,122965.31
TXN009929,C1976,17952.72,UPI,2026-08-25 07:26:26.678667,Success,,598,29,16,13,76844.98
TXN009930,C0732,14606.76,UPI,2026-08-25 08:00:43.204320,Success,,96,7,1,6,55230.81
TXN009931,C0825,3668.42,UPI,2026-08-25 08:34:59.729972,Success,,601,9,4,5,96713.25
TXN009932,C0756,11190.6,UPI,2026-08-25 09:09:16.255625,Success,,418,4,1,3,118667.4
TXN009933,C0352,8941.86,UPI,2026-08-25 09:43:32.781278,Success,,390,25,2,23,66322.65
TXN009934,C1996,12441.97,Credit Card,2026-08-25 10:17:49.306930,Success,,483,14,10,4,35304.45
TXN009935,C1840,21771.19,Credit Card,2026-08-25 10:52:05.832583,Abandoned,Checkout Abandoned,94,22,8,14,137410.48
TXN009936,C1322,19418.95,Credit Card,2026-08-25 11:26:22.358235,Abandoned,Checkout Abandoned,795,15,14,1,47293.16
TXN009937,C0283,2191.34,Credit Card,2026-08-25 12:00:38.883888,Success,,786,28,21,7,149736.35
TXN009938,C1610,22268.7,UPI,2026-08-25 12:34:55.409540,Success,,481,27,10,17,115215.08
TXN009939,C0110,11847.0,Wallet,2026-08-25 13:09:11.935193,Success,,632,9,2,7,103328.97
TXN009940,C1017,18622.17,UPI,2026-08-25 13:43:28.460846,Success,,369,23,6,17,2353.76
TXN009941,C1204,3586.98,Wallet,2026-08-25 14:17:44.986498,Success,,794,7,3,4,67555.43
TXN009942,C1962,16800.92,UPI,2026-08-25 14:52:01.512151,Success,,871,18,6,12,75617.93
TXN009943,C0544,5984.52,Credit Card,2026-08-25 15:26:18.037803,Success,,320,3,3,0,56768.27
TXN009944,C1770,11015.68,UPI,2026-08-25 16:00:34.563456,Success,,319,13,13,0,22920.98
TXN009945,C1818,519.89,UPI,2026-08-25 16:34:51.089108,Success,,114,28,5,23,55433.84
TXN009946,C0025,3875.1,UPI,2026-08-25 17:09:07.614761,Failed,Insufficient Balance,433,7,2,5,11708.51
TXN009947,C0843,2392.8,Debit Card,2026-08-25 17:43:24.140414,Failed,Technical Error,786,20,13,7,43992.38
TXN009948,C0791,6069.63,UPI,2026-08-25 18:17:40.666066,Success,,685,13,3,10,13010.05
TXN009949,C0738,2590.45,Credit Card,2026-08-25 18:51:57.191719,Success,,657,11,2,9,112987.31
TXN009950,C0057,17328.56,UPI,2026-08-25 19:26:13.717371,Abandoned,Checkout Abandoned,199,0,0,0,100838.02
TXN009951,C0180,823.09,UPI,2026-08-25 20:00:30.243024,Success,,261,22,18,4,141020.0
TXN009952,C0232,15481.74,Net Banking,2026-08-25 20:34:46.768676,Success,,223,18,16,2,57299.36
TXN009953,C1918,3603.62,Net Banking,2026-08-25 21:09:03.294329,Success,,482,17,11,6,118037.04
TXN009954,C0343,23634.52,Credit Card,2026-08-25 21:43:19.819982,Success,,131,11,0,11,88347.28
TXN009955,C0477,23334.04,UPI,2026-08-25 22:17:36.345634,Success,,826,9,8,1,97092.46
TXN009956,C1823,5715.03,UPI,2026-08-25 22:51:52.871287,Success,,335,20,19,1,82345.46
TXN009957,C0576,15399.09,Wallet,2026-08-25 23:26:09.396939,Success,,227,0,0,0,116984.44
TXN009958,C0455,797.33,UPI,2026-08-26 00:00:25.922592,Failed,Technical Error,179,13,11,2,6777.72
TXN009959,C1256,23301.53,Net Banking,2026-08-26 00:34:42.448244,Success,,267,8,8,0,12532.98
TXN009960,C0289,13122.38,UPI,2026-08-26 01:08:58.973897,Success,,680,25,15,10,14840.6
TXN009961,C1237,1176.26,Wallet,2026-08-26 01:43:15.499549,Success,,85,29,17,12,43659.26
TXN009962,C0258,8628.25,UPI,2026-08-26 02:17:32.025202,Success,,796,14,1,13,88873.75
TXN009963,C0530,2013.55,UPI,2026-08-26 02:51:48.550855,Success,,642,20,3,17,97019.82
TXN009964,C0687,9884.32,Credit Card,2026-08-26 03:26:05.076507,Success,,366,21,3,18,107034.25
TXN009965,C0929,16781.17,Wallet,2026-08-26 04:00:21.602160,Success,,249,22,20,2,42474.1
TXN009966,C0229,11800.26,Wallet,2026-08-26 04:34:38.127812,Success,,366,13,10,3,97706.81
TXN009967,C1250,9654.68,Debit Card,2026-08-26 05:08:54.653465,Success,,586,8,0,8,18094.65
TXN009968,C0596,3067.01,Debit Card,2026-08-26 05:43:11.179117,Failed,Technical Error,327,10,4,6,1991.89
TXN009969,C1827,6198.98,Credit Card,2026-08-26 06:17:27.704770,Success,,709,4,3,1,104354.78
TXN009970,C0435,2593.57,Debit Card,2026-08-26 06:51:44.230423,Success,,107,11,9,2,107484.03
TXN009971,C0882,20206.72,Net Banking,2026-08-26 07:26:00.756075,Abandoned,Checkout Abandoned,793,15,1,14,93510.33
TXN009972,C1021,3467.47,Credit Card,2026-08-26 08:00:17.281728,Success,,114,19,9,10,39201.06
TXN009973,C1782,14924.8,Credit Card,2026-08-26 08:34:33.807380,Abandoned,Checkout Abandoned,656,27,25,2,139156.53
TXN009974,C0402,8634.24,Credit Card,2026-08-26 09:08:50.333033,Success,,854,2,1,1,131413.5
TXN009975,C0622,5726.86,Credit Card,2026-08-26 09:43:06.858685,Success,,205,4,2,2,77573.31
TXN009976,C1790,16022.76,Net Banking,2026-08-26 10:17:23.384338,Success,,752,29,19,10,148376.39
TXN009977,C0088,11479.36,UPI,2026-08-26 10:51:39.909991,Failed,Network Error,723,25,14,11,45143.62
TXN009978,C0584,10063.62,UPI,2026-08-26 11:25:56.435643,Success,,613,25,4,21,73924.58
TXN009979,C1917,14862.01,Credit Card,2026-08-26 12:00:12.961296,Failed,Bank Timeout,357,28,5,23,139224.3
TXN009980,C1566,12332.56,UPI,2026-08-26 12:34:29.486948,Failed,Card Declined,56,18,11,7,69587.26
TXN009981,C1708,7656.76,Credit Card,2026-08-26 13:08:46.012601,Success,,532,4,0,4,70915.73
TXN009982,C0309,14020.63,Net Banking,2026-08-26 13:43:02.538253,Success,,171,23,21,2,12369.19
TXN009983,C0906,16770.51,Credit Card,2026-08-26 14:17:19.063906,Success,,472,17,9,8,32096.29
TXN009984,C0343,764.66,Net Banking,2026-08-26 14:51:35.589558,Success,,572,28,2,26,24100.85
TXN009985,C0436,11700.21,UPI,2026-08-26 15:25:52.115211,Failed,Insufficient Balance,526,3,0,3,85007.25
TXN009986,C0177,1536.31,Net Banking,2026-08-26 16:00:08.640864,Success,,313,23,4,19,48114.49
TXN009987,C0139,4741.49,Credit Card,2026-08-26 16:34:25.166516,Success,,808,14,9,5,12016.05
TXN009988,C0194,14056.67,UPI,2026-08-26 17:08:41.692169,Success,,433,29,14,15,76740.87
TXN009989,C1210,21668.1,Credit Card,2026-08-26 17:42:58.217821,Failed,Card Declined,400,4,3,1,100547.97
TXN009990,C1242,22081.86,Wallet,2026-08-26 18:17:14.743474,Success,,876,7,2,5,110610.75
TXN009991,C1188,1841.61,UPI,2026-08-26 18:51:31.269126,Abandoned,Checkout Abandoned,94,15,0,15,125708.93
TXN009992,C1185,10535.72,Credit Card,2026-08-26 19:25:47.794779,Failed,Bank Timeout,305,21,7,14,72552.48
TXN009993,C0943,14616.86,Net Banking,2026-08-26 20:00:04.320432,Failed,Bank Timeout,407,0,0,0,58896.47
TXN009994,C0525,3762.04,UPI,2026-08-26 20:34:20.846084,Success,,491,4,4,0,102776.21
TXN009995,C1832,19159.26,Credit Card,2026-08-26 21:08:37.371737,Success,,787,25,23,2,2498.03
TXN009996,C1625,18631.46,Credit Card,2026-08-26 21:42:53.897389,Success,,859,30,3,27,95212.22
TXN009997,C1860,22593.19,UPI,2026-08-26 22:17:10.423042,Success,,474,17,8,9,61149.45
TXN009998,C1066,311.3,Credit Card,2026-08-26 22:51:26.948694,Success,,239,15,12,3,68204.86
TXN009999,C0915,5495.44,UPI,2026-08-26 23:25:43.474347,Success,,826,22,20,2,44792.3
TXN010000,C0210,20696.95,Debit Card,2026-08-27 00:00:00.000000,Success,,154,29,16,13,19527.69
